VDS_V,ID_A_absVGS=0.4,ID_A_absVGS=0.6,ID_A_absVGS=0.8,ID_A_absVGS=1,ID_A_absVGS=1.2
-1.2,-0.0001736525259,-0.001579080199,-0.0047559254,-0.009728197019,-0.01642351449
-1.195,-0.0001730774013,-0.001576910428,-0.004752023693,-0.00972260723,-0.01641632166
-1.19,-0.0001725035476,-0.0015747423,-0.004748123632,-0.009717019017,-0.01640913031
-1.185,-0.0001719309638,-0.001572575815,-0.004744225217,-0.00971143238,-0.01640194046
-1.18,-0.0001713596491,-0.001570410973,-0.004740328447,-0.009705847318,-0.01639475209
-1.175,-0.0001707896024,-0.001568247774,-0.004736433325,-0.009700263832,-0.01638756521
-1.17,-0.0001702208228,-0.001566086218,-0.004732539848,-0.009694681923,-0.01638037982
-1.165,-0.0001696533094,-0.001563926304,-0.004728648017,-0.009689101589,-0.01637319592
-1.16,-0.0001690870613,-0.001561768034,-0.004724757833,-0.009683522832,-0.0163660135
-1.155,-0.0001685220775,-0.001559611406,-0.004720869295,-0.009677945651,-0.01635883258
-1.15,-0.0001679583571,-0.001557456421,-0.004716982404,-0.009672370046,-0.01635165314
-1.145,-0.000167395899,-0.001555303078,-0.004713097159,-0.009666796017,-0.01634447519
-1.14,-0.0001668347025,-0.001553151377,-0.00470921356,-0.009661223565,-0.01633729873
-1.135,-0.0001662747664,-0.001551001319,-0.004705331608,-0.009655652689,-0.01633012376
-1.13,-0.0001657160899,-0.001548852903,-0.004701451302,-0.00965008339,-0.01632295027
-1.125,-0.0001651586721,-0.001546706129,-0.004697572643,-0.009644515668,-0.01631577828
-1.12,-0.0001646025118,-0.001544560997,-0.004693695631,-0.009638949522,-0.01630860777
-1.115,-0.0001640476083,-0.001542417507,-0.004689820266,-0.009633384954,-0.01630143875
-1.11,-0.0001634939605,-0.001540275659,-0.004685946547,-0.009627821962,-0.01629427123
-1.105,-0.0001629415674,-0.001538135453,-0.004682074475,-0.009622260547,-0.01628710518
-1.1,-0.0001623904281,-0.001535996889,-0.00467820405,-0.009616700709,-0.01627994063
-1.095,-0.0001618405417,-0.001533859966,-0.004674335271,-0.009611142449,-0.01627277756
-1.09,-0.0001612919071,-0.001531724684,-0.00467046814,-0.009605585766,-0.01626561598
-1.085,-0.0001607445234,-0.001529591044,-0.004666602656,-0.00960003066,-0.01625845589
-1.08,-0.0001601983896,-0.001527459046,-0.004662738818,-0.009594477131,-0.01625129729
-1.075,-0.0001596535047,-0.001525328688,-0.004658876628,-0.00958892518,-0.01624414017
-1.07,-0.0001591098677,-0.001523199972,-0.004655016085,-0.009583374806,-0.01623698453
-1.065,-0.0001585674777,-0.001521072897,-0.004651157189,-0.00957782601,-0.01622983038
-1.06,-0.0001580263337,-0.001518947463,-0.00464729994,-0.009572278792,-0.01622267771
-1.055,-0.0001574864347,-0.00151682367,-0.004643444338,-0.009566733152,-0.01621552652
-1.05,-0.0001569477797,-0.001514701518,-0.004639590384,-0.009561189089,-0.01620837681
-1.045,-0.0001564103677,-0.001512581006,-0.004635738077,-0.009555646605,-0.01620122858
-1.04,-0.0001558741977,-0.001510462135,-0.004631887418,-0.009550105698,-0.01619408182
-1.035,-0.0001553392687,-0.001508344905,-0.004628038405,-0.009544566369,-0.01618693653
-1.03,-0.0001548055798,-0.001506229315,-0.004624191041,-0.009539028619,-0.01617979271
-1.025,-0.0001542731298,-0.001504115365,-0.004620345324,-0.009533492447,-0.01617265035
-1.02,-0.0001537419179,-0.001502003056,-0.004616501254,-0.009527957853,-0.01616550945
-1.015,-0.000153211943,-0.001499892387,-0.004612658832,-0.009522424838,-0.01615837
-1.01,-0.0001526832041,-0.001497783358,-0.004608818058,-0.0095168934,-0.01615123198
-1.005,-0.0001521557002,-0.001495675969,-0.004604978931,-0.009511363542,-0.0161440954
-1,-0.0001516294303,-0.00149357022,-0.004601141453,-0.009505835262,-0.01613696023
-0.995,-0.0001511043933,-0.00149146611,-0.004597305622,-0.00950030856,-0.01612982647
-0.99,-0.0001505805883,-0.001489363641,-0.004593471439,-0.009494783438,-0.01612269409
-0.985,-0.0001500580142,-0.001487262811,-0.004589638903,-0.009489259894,-0.01611556307
-0.98,-0.0001495366701,-0.001485163621,-0.004585808016,-0.009483737928,-0.01610843339
-0.975,-0.0001490165548,-0.00148306607,-0.004581978777,-0.009478217542,-0.01610130501
-0.97,-0.0001484976674,-0.001480970158,-0.004578151185,-0.009472698734,-0.01609417789
-0.965,-0.0001479800068,-0.001478875886,-0.004574325242,-0.009467181505,-0.016087052
-0.96,-0.000147463572,-0.001476783253,-0.004570500947,-0.009461665854,-0.01607992726
-0.955,-0.000146948362,-0.001474692259,-0.0045666783,-0.009456151782,-0.01607280362
-0.95,-0.0001464343757,-0.001472602904,-0.004562857301,-0.009450639289,-0.01606568099
-0.945,-0.0001459216121,-0.001470515188,-0.00455903795,-0.009445128375,-0.01605855927
-0.94,-0.0001454100702,-0.001468429111,-0.004555220248,-0.009439619039,-0.01605143835
-0.935,-0.0001448997488,-0.001466344672,-0.004551404194,-0.009434111281,-0.01604431807
-0.93,-0.0001443906471,-0.001464261872,-0.004547589788,-0.009428605101,-0.01603719828
-0.925,-0.0001438827639,-0.00146218071,-0.004543777031,-0.009423100499,-0.01603007875
-0.92,-0.0001433760981,-0.001460101187,-0.004539965923,-0.009417597474,-0.01602295923
-0.915,-0.0001428706488,-0.001458023303,-0.004536156462,-0.009412096026,-0.01601583943
-0.91,-0.0001423664148,-0.001455947056,-0.004532348651,-0.009406596155,-0.01600871897
-0.905,-0.0001418633951,-0.001453872448,-0.004528542488,-0.009401097859,-0.01600159742
-0.9,-0.0001413615887,-0.001451799477,-0.004524737973,-0.009395601138,-0.01599447425
-0.895,-0.0001408609945,-0.001449728145,-0.004520935107,-0.009390105991,-0.01598734881
-0.89,-0.0001403616114,-0.00144765845,-0.00451713389,-0.009384612417,-0.01598022034
-0.885,-0.0001398634384,-0.001445590394,-0.004513334322,-0.009379120413,-0.01597308791
-0.88,-0.0001393664743,-0.001443523974,-0.004509536402,-0.009373629979,-0.0159659504
-0.875,-0.0001388707182,-0.001441459193,-0.004505740132,-0.009368141112,-0.01595880648
-0.87,-0.0001383761689,-0.001439396049,-0.00450194551,-0.009362653808,-0.01595165453
-0.865,-0.0001378828254,-0.001437334542,-0.004498152537,-0.009357168065,-0.01594449263
-0.86,-0.0001373906866,-0.001435274672,-0.004494361213,-0.00935168388,-0.01593731845
-0.855,-0.0001368997514,-0.00143321644,-0.004490571538,-0.009346201245,-0.01593012921
-0.85,-0.0001364100187,-0.001431159844,-0.004486783512,-0.009340720157,-0.0159229216
-0.845,-0.0001359214874,-0.001429104886,-0.004482997135,-0.009335240608,-0.01591569162
-0.84,-0.0001354341565,-0.001427051564,-0.004479212408,-0.009329762588,-0.01590843455
-0.835,-0.0001349480249,-0.001424999879,-0.004475429329,-0.009324286089,-0.01590114473
-0.83,-0.0001344630915,-0.001422949831,-0.004471647899,-0.009318811096,-0.01589381547
-0.825,-0.0001339793551,-0.00142090142,-0.004467868119,-0.009313337595,-0.01588643883
-0.82,-0.0001334968147,-0.001418854645,-0.004464089988,-0.009307865568,-0.01587900546
-0.815,-0.0001330154692,-0.001416809506,-0.004460313506,-0.009302394991,-0.01587150437
-0.81,-0.0001325353174,-0.001414766003,-0.004456538673,-0.00929692584,-0.01586392271
-0.805,-0.0001320563583,-0.001412724137,-0.004452765489,-0.009291458081,-0.01585624555
-0.8,-0.0001315785908,-0.001410683906,-0.004448993955,-0.009285991675,-0.01584845566
-0.795,-0.0001311020138,-0.001408645312,-0.004445224069,-0.009280526576,-0.01584053326
-0.79,-0.000130626626,-0.001406608353,-0.004441455833,-0.009275062727,-0.01583245591
-0.785,-0.0001301524265,-0.00140457303,-0.004437689246,-0.00926960006,-0.0158241983
-0.78,-0.0001296794142,-0.001402539343,-0.004433924308,-0.009264138492,-0.01581573224
-0.775,-0.0001292075877,-0.001400507292,-0.004430161019,-0.009258677925,-0.01580702665
-0.77,-0.0001287369462,-0.001398476875,-0.004426399378,-0.009253218238,-0.0157980477
-0.765,-0.0001282674884,-0.001396448094,-0.004422639386,-0.009247759288,-0.015788759
-0.76,-0.0001277992132,-0.001394420949,-0.004418881042,-0.009242300901,-0.01577912192
-0.755,-0.0001273321195,-0.001392395438,-0.004415124347,-0.009236842868,-0.01576909601
-0.75,-0.0001268662061,-0.001390371562,-0.004411369299,-0.009231384936,-0.01575863945
-0.745,-0.000126401472,-0.001388349322,-0.004407615899,-0.0092259268,-0.01574770955
-0.74,-0.0001259379159,-0.001386328716,-0.004403864146,-0.009220468096,-0.01573626327
-0.735,-0.0001254755368,-0.001384309745,-0.004400114039,-0.00921500838,-0.01572425767
-0.73,-0.0001250143334,-0.001382292408,-0.004396365577,-0.009209547122,-0.01571165038
-0.725,-0.0001245543047,-0.001380276706,-0.004392618761,-0.009204083681,-0.01569839995
-0.72,-0.0001240954496,-0.001378262638,-0.004388873587,-0.009198617287,-0.01568446614
-0.715,-0.0001236377667,-0.001376250205,-0.004385130057,-0.009193147013,-0.01566981014
-0.71,-0.0001231812551,-0.001374239405,-0.004381388167,-0.009187671744,-0.01565439477
-0.705,-0.0001227259135,-0.00137223024,-0.004377647916,-0.009182190138,-0.01563818449
-0.7,-0.0001222717407,-0.001370222709,-0.004373909301,-0.009176700587,-0.01562114552
-0.695,-0.0001218187357,-0.001368216811,-0.00437017232,-0.009171201156,-0.0156032458
-0.69,-0.0001213668973,-0.001366212547,-0.00436643697,-0.009165689528,-0.01558445498
-0.685,-0.0001209162243,-0.001364209917,-0.004362703246,-0.009160162924,-0.01556474435
-0.68,-0.0001204667155,-0.00136220892,-0.004358971143,-0.00915461802,-0.0155440868
-0.675,-0.0001200183697,-0.001360209557,-0.004355240656,-0.009149050846,-0.01552245672
-0.67,-0.0001195711858,-0.001358211826,-0.004351511777,-0.009143456666,-0.01549982992
-0.665,-0.0001191251627,-0.001356215729,-0.004347784498,-0.009137829846,-0.01547618356
-0.66,-0.000118680299,-0.001354221265,-0.004344058808,-0.009132163698,-0.01545149608
-0.655,-0.0001182365937,-0.001352228434,-0.004340334694,-0.009126450308,-0.01542574706
-0.65,-0.0001177940456,-0.001350237236,-0.004336612142,-0.009120680348,-0.0153989172
-0.645,-0.0001173526534,-0.00134824767,-0.004332891133,-0.009114842864,-0.01537098823
-0.64,-0.0001169124161,-0.001346259737,-0.004329171645,-0.009108925058,-0.01534194282
-0.635,-0.0001164733323,-0.001344273436,-0.004325453651,-0.009102912063,-0.01531176453
-0.63,-0.000116035401,-0.001342288767,-0.00432173712,-0.009096786717,-0.01528043775
-0.625,-0.0001155986208,-0.00134030573,-0.004318022012,-0.009090529358,-0.01524794763
-0.62,-0.0001151629907,-0.001338324326,-0.00431430828,-0.009084117644,-0.01521428004
-0.615,-0.0001147285093,-0.001336344552,-0.004310595869,-0.009077526426,-0.01517942151
-0.61,-0.0001142951756,-0.001334366411,-0.00430688471,-0.009070727678,-0.01514335918
-0.605,-0.0001138629882,-0.0013323899,-0.004303174723,-0.009063690514,-0.01510608077
-0.6,-0.0001134319461,-0.001330415021,-0.004299465807,-0.009056381298,-0.01506757456
-0.595,-0.0001130020479,-0.001328441772,-0.004295757844,-0.00904876385,-0.0150278293
-0.59,-0.0001125732924,-0.001326470154,-0.004292050691,-0.009040799748,-0.01498683422
-0.585,-0.0001121456785,-0.001324500167,-0.004288344175,-0.009032448714,-0.01494457899
-0.58,-0.000111719205,-0.001322531809,-0.004284638087,-0.009023669065,-0.01490105368
-0.575,-0.0001112938705,-0.00132056508,-0.004280932178,-0.009014418194,-0.01485624876
-0.57,-0.0001108696739,-0.001318599981,-0.004277226145,-0.009004653062,-0.01481015505
-0.565,-0.0001104466139,-0.001316636509,-0.004273519624,-0.008994330675,-0.01476276371
-0.56,-0.0001100246893,-0.001314674666,-0.004269812177,-0.008983408505,-0.01471406622
-0.555,-0.0001096038989,-0.00131271445,-0.004266103276,-0.008971844866,-0.01466405435
-0.55,-0.0001091842415,-0.00131075586,-0.004262392285,-0.008959599214,-0.01461272018
-0.545,-0.0001087657157,-0.001308798894,-0.00425867844,-0.008946632384,-0.01456005603
-0.54,-0.0001083483205,-0.001306843553,-0.004254960822,-0.008932906753,-0.01450605447
-0.535,-0.0001079320544,-0.001304889835,-0.004251238324,-0.00891838635,-0.01445070834
-0.53,-0.0001075169162,-0.001302937737,-0.004247509617,-0.008903036914,-0.01439401067
-0.525,-0.0001071029048,-0.001300987258,-0.004243773105,-0.00888682591,-0.01433595474
-0.52,-0.0001066900189,-0.001299038395,-0.004240026872,-0.008869722512,-0.014276534
-0.515,-0.0001062782571,-0.001297091145,-0.00423626862,-0.008851697562,-0.01421574213
-0.51,-0.0001058676183,-0.001295145506,-0.004232495598,-0.008832723514,-0.01415357296
-0.505,-0.0001054581012,-0.001293201472,-0.004228704515,-0.008812774363,-0.01409002053
-0.5,-0.0001050497044,-0.001291259039,-0.004224891439,-0.008791825566,-0.01402507902
-0.495,-0.0001046424268,-0.001289318201,-0.004221051684,-0.008769853964,-0.01395874281
-0.49,-0.0001042362671,-0.00128737895,-0.004217179677,-0.0087468377,-0.01389100639
-0.485,-0.0001038312239,-0.001285441278,-0.004213268803,-0.008722756139,-0.01382186444
-0.48,-0.0001034272961,-0.001283505174,-0.004209311241,-0.008697589785,-0.01375131176
-0.475,-0.0001030244822,-0.001281570626,-0.004205297771,-0.008671320213,-0.0136793433
-0.47,-0.0001026227811,-0.001279637619,-0.004201217576,-0.00864392999,-0.01360595413
-0.465,-0.0001022221913,-0.001277706135,-0.004197058019,-0.008615402614,-0.01353113947
-0.46,-0.0001018227117,-0.001275776151,-0.00419280443,-0.008585722444,-0.01345489465
-0.455,-0.0001014243409,-0.001273847641,-0.004188439879,-0.008554874649,-0.01337721512
-0.45,-0.0001010270775,-0.001271920574,-0.004183944979,-0.008522845147,-0.01329809646
-0.445,-0.0001006309203,-0.001269994912,-0.004179297706,-0.008489620556,-0.01321753436
-0.44,-0.0001002358679,-0.001268070607,-0.004174473275,-0.008455188147,-0.01313552461
-0.435,-9.984191886e-05,-0.001266147605,-0.004169444069,-0.008419535803,-0.01305206312
-0.43,-9.944907195e-05,-0.00126422584,-0.00416417965,-0.008382651974,-0.01296714591
-0.425,-9.905732571e-05,-0.001262305229,-0.004158646861,-0.008344525645,-0.01288076909
-0.42,-9.866667876e-05,-0.001260385677,-0.004152810017,-0.0083051463,-0.01279292888
-0.415,-9.827712967e-05,-0.001258467066,-0.004146631191,-0.008264503888,-0.0127036216
-0.41,-9.788867696e-05,-0.001256549256,-0.004140070582,-0.008222588801,-0.01261284366
-0.405,-9.750131917e-05,-0.001254632076,-0.004133086939,-0.008179391841,-0.01252059157
-0.4,-9.711505476e-05,-0.001252715323,-0.004125638028,-0.008134904199,-0.01242686194
-0.395,-9.672988216e-05,-0.001250798751,-0.00411768111,-0.008089117431,-0.01233165147
-0.39,-9.634579975e-05,-0.001248882062,-0.004109173399,-0.008042023438,-0.01223495694
-0.385,-9.596280583e-05,-0.0012469649,-0.004100072489,-0.007993614448,-0.01213677524
-0.38,-9.558089862e-05,-0.001245046835,-0.004090336726,-0.007943882998,-0.01203710334
-0.375,-9.520007628e-05,-0.001243127348,-0.00407992552,-0.007892821916,-0.01193593829
-0.37,-9.482033682e-05,-0.001241205819,-0.00406879959,-0.007840424308,-0.01183327724
-0.365,-9.444167813e-05,-0.001239281495,-0.004056921148,-0.007786683543,-0.01172911743
-0.36,-9.406409794e-05,-0.001237353478,-0.00404425402,-0.007731593243,-0.01162345617
-0.355,-9.368759378e-05,-0.001235420682,-0.004030763723,-0.007675147268,-0.01151629087
-0.35,-9.331216296e-05,-0.001233481805,-0.004016417496,-0.007617339707,-0.01140761901
-0.345,-9.293780249e-05,-0.001231535285,-0.004001184292,-0.007558164868,-0.01129743819
-0.34,-9.256450906e-05,-0.001229579245,-0.003985034756,-0.007497617267,-0.01118574605
-0.335,-9.219227894e-05,-0.001227611436,-0.003967941169,-0.007435691624,-0.01107254034
-0.33,-9.182110791e-05,-0.001225629164,-0.003949877387,-0.007372382848,-0.01095781889
-0.325,-9.145099117e-05,-0.001223629209,-0.003930818771,-0.007307686036,-0.01084157962
-0.32,-9.108192321e-05,-0.001221607724,-0.003910742108,-0.007241596464,-0.01072382051
-0.315,-9.071389765e-05,-0.001219560125,-0.00388962553,-0.007174109581,-0.01060453966
-0.31,-9.034690709e-05,-0.001217480959,-0.003867448439,-0.007105221003,-0.01048373523
-0.305,-8.998094289e-05,-0.001215363759,-0.003844191424,-0.007034926504,-0.01036140546
-0.3,-8.961599491e-05,-0.001213200877,-0.003819836186,-0.006963222021,-0.01023754868
-0.295,-8.925205122e-05,-0.0012109833,-0.003794365469,-0.006890103638,-0.01011216333
-0.29,-8.888909769e-05,-0.001208700452,-0.003767762989,-0.006815567588,-0.009985247887
-0.285,-8.852711761e-05,-0.001206339983,-0.003740013369,-0.006739610248,-0.009856800949
-0.28,-8.81660911e-05,-0.001203887552,-0.003711102083,-0.006662228137,-0.009726821183
-0.275,-8.780599448e-05,-0.001201326612,-0.003681015391,-0.006583417907,-0.009595307343
-0.27,-8.744679949e-05,-0.001198638208,-0.003649740298,-0.006503176347,-0.00946225827
-0.265,-8.708847237e-05,-0.001195800806,-0.003617264497,-0.006421500374,-0.009327672888
-0.26,-8.673097271e-05,-0.00119279016,-0.003583576327,-0.006338387035,-0.009191550209
-0.255,-8.637425208e-05,-0.001189579242,-0.003548664733,-0.006253833501,-0.009053889327
-0.25,-8.601825243e-05,-0.00118613824,-0.003512519227,-0.006167837067,-0.008914689426
-0.245,-8.566290406e-05,-0.001182434652,-0.003475129851,-0.006080395147,-0.008773949773
-0.24,-8.530812328e-05,-0.001178433455,-0.003436487148,-0.005991505276,-0.008631669723
-0.235,-8.495380953e-05,-0.00117409738,-0.00339658213,-0.005901165105,-0.008487848719
-0.23,-8.459984194e-05,-0.001169387253,-0.003355406249,-0.0058093724,-0.008342486287
-0.225,-8.424607514e-05,-0.001164262405,-0.003312951377,-0.00571612504,-0.008195582045
-0.22,-8.38923343e-05,-0.001158681126,-0.003269209777,-0.005621421017,-0.008047135695
-0.215,-8.353840909e-05,-0.001152601121,-0.003224174084,-0.005525258433,-0.007897147028
-0.21,-8.318404646e-05,-0.001145979977,-0.003177837285,-0.005427635499,-0.007745615924
-0.205,-8.282894193e-05,-0.001138775577,-0.003130192702,-0.005328550533,-0.00759254235
-0.2,-8.247272911e-05,-0.001130946486,-0.003081233971,-0.005228001962,-0.007437926361
-0.195,-8.211496718e-05,-0.001122452269,-0.003030955031,-0.005125988317,-0.007281768101
-0.19,-8.175512581e-05,-0.00111325375,-0.002979350108,-0.005022508233,-0.007124067802
-0.185,-8.139256707e-05,-0.001103313208,-0.002926413701,-0.004917560449,-0.006964825787
-0.18,-8.102652381e-05,-0.001092594516,-0.002872140568,-0.004811143806,-0.006804042466
-0.175,-8.065607376e-05,-0.001081063227,-0.00281652572,-0.004703257248,-0.006641718337
-0.17,-8.028010861e-05,-0.001068686621,-0.002759564403,-0.004593899819,-0.006477853989
-0.165,-7.989729716e-05,-0.001055433705,-0.002701252096,-0.004483070662,-0.006312450099
-0.16,-7.950604146e-05,-0.001041275199,-0.002641584494,-0.004370769019,-0.006145507433
-0.155,-7.910442482e-05,-0.001026183488,-0.002580557507,-0.004256994232,-0.005977026846
-0.15,-7.86901503e-05,-0.001010132567,-0.002518167244,-0.004141745738,-0.005807009282
-0.145,-7.826046833e-05,-0.0009930979696,-0.002454410015,-0.004025023071,-0.005635455773
-0.14,-7.781209184e-05,-0.000975056694,-0.002389282314,-0.003906825864,-0.005462367439
-0.135,-7.734109742e-05,-0.0009559871255,-0.00232278082,-0.003787153841,-0.005287745489
-0.13,-7.684281087e-05,-0.0009358689555,-0.00225490239,-0.003666006822,-0.005111591221
-0.125,-7.631167606e-05,-0.0009146831036,-0.002185644048,-0.003543384721,-0.004933906019
-0.12,-7.574110594e-05,-0.0008924116412,-0.002115002987,-0.003419287545,-0.004754691354
-0.115,-7.512331559e-05,-0.0008690377177,-0.002042976559,-0.003293715393,-0.004573948785
-0.11,-7.444913805e-05,-0.0008445454911,-0.001969562271,-0.003166668453,-0.004391679956
-0.105,-7.370782499e-05,-0.0008189200619,-0.001894757782,-0.003038147007,-0.004207886599
-0.1,-7.28868362e-05,-0.0007921474111,-0.0018185609,-0.002908151425,-0.004022570529
-0.095,-7.197162412e-05,-0.0007642143424,-0.001740969572,-0.002776682167,-0.003835733648
-0.09,-7.094542225e-05,-0.0007351084283,-0.001661981889,-0.00264373978,-0.003647377941
-0.085,-6.978904878e-05,-0.0007048179602,-0.001581596075,-0.002509324898,-0.003457505475
-0.08,-6.848073938e-05,-0.0006733319019,-0.001499810487,-0.002373438244,-0.003266118402
-0.075,-6.699602471e-05,-0.0006406398468,-0.001416623612,-0.002236080623,-0.003073218955
-0.07,-6.530766829e-05,-0.0006067319782,-0.001332034063,-0.002097252929,-0.002878809447
-0.065,-6.338567928e-05,-0.0005715990325,-0.001246040576,-0.001956956135,-0.002682892273
-0.06,-6.119741045e-05,-0.0005352322657,-0.001158642008,-0.001815191301,-0.002485469906
-0.055,-5.870774642e-05,-0.000497623422,-0.001069837333,-0.001671959567,-0.002286544897
-0.05,-5.58793794e-05,-0.000458764705,-0.0009796256404,-0.001527262153,-0.002086119874
-0.045,-5.267316229e-05,-0.000418648751,-0.0008880061323,-0.001381100361,-0.001884197543
-0.04,-4.904852173e-05,-0.0003772686045,-0.0007949781213,-0.00123347557,-0.001680780682
-0.035,-4.496390842e-05,-0.0003346176954,-0.0007005410277,-0.001084389238,-0.001475872144
-0.03,-4.037726032e-05,-0.0002906898181,-0.0006046943773,-0.0009338428992,-0.001269474856
-0.025,-3.52464543e-05,-0.0002454791119,-0.0005074377996,-0.0007818381631,-0.001061591815
-0.02,-2.952972565e-05,-0.0001989800429,-0.000408771025,-0.0006283767138,-0.0008522260857
-0.015,-2.31860397e-05,-0.0001511873875,-0.0003086938836,-0.0004734603085,-0.0006413808049
-0.01,-1.617540572e-05,-0.0001020962166,-0.000207206302,-0.0003170907764,-0.0004290591746
-0.005,-8.459128741e-06,-5.170188142e-05,-0.0001043083025,-0.0001592700175,-0.0002152644629
0,-0,-3.790837814e-15,-2.809708672e-13,-1.132500999e-12,-2.171907975e-12
0.001,2.803690014e-06,3.041877917e-05,6.986277407e-05,0.0001120735071,0.000155424745
0.002,5.534159627e-06,6.061609063e-05,0.000139474392,0.0002238849179,0.0003105813991
0.003,8.192880509e-06,9.059177884e-05,0.0002088334774,0.0003354317203,0.0004654663078
0.004,1.07813159e-05,0.0001203457028,0.0002779386687,0.000446711417,0.0006200758306
0.005,1.33009199e-05,0.0001498777361,0.00034678862,0.000557721529,0.0007744063468
0.006,1.57531368e-05,0.0001791877675,0.000415382002,0.0006684595962,0.0009284542576
0.007,1.813940039e-05,0.0002082757005,0.0004837175021,0.0007789231787,0.001082215988
0.008,2.046113333e-05,0.0002371414542,0.0005517938255,0.0008891098585,0.001235687988
0.009,2.271974643e-05,0.0002657849627,0.0006196096956,0.0009990172398,0.001388866737
0.01,2.491663812e-05,0.0002942061759,0.0006871638546,0.001108642951,0.00154174874
0.011,2.705319376e-05,0.0003224050594,0.000754455064,0.001217984645,0.001694330534
0.012,2.913078508e-05,0.0003503815944,0.0008214821051,0.001327040001,0.001846608691
0.013,3.115076963e-05,0.0003781357784,0.0008882437798,0.001435806726,0.001998579812
0.014,3.311449018e-05,0.0004056676245,0.0009547389108,0.001544282552,0.002150240538
0.015,3.502327426e-05,0.0004329771625,0.001020966342,0.001652465245,0.002301587544
0.016,3.687843358e-05,0.000460064438,0.00108692494,0.001760352595,0.002452617545
0.017,3.868126364e-05,0.0004869295133,0.001152613592,0.001867942428,0.002603327295
0.018,4.043304319e-05,0.0005135724669,0.001218031209,0.001975232599,0.00275371359
0.019,4.213503387e-05,0.000539993394,0.001283176725,0.002082220996,0.002903773266
0.02,4.378847979e-05,0.0005661924065,0.001348049098,0.00218890554,0.003053503206
0.021,4.539460714e-05,0.0005921696327,0.001412647309,0.002295284186,0.003202900336
0.022,4.695462386e-05,0.0006179252178,0.001476970362,0.002401354925,0.003351961629
0.023,4.846971932e-05,0.0006434593236,0.001541017288,0.002507115783,0.003500684103
0.024,4.994106404e-05,0.0006687721291,0.00160478714,0.002612564819,0.003649064826
0.025,5.13698094e-05,0.0006938638296,0.001668278997,0.002717700133,0.003797100913
0.026,5.275708745e-05,0.0007187346377,0.001731491965,0.00282251986,0.003944789532
0.027,5.410401065e-05,0.0007433847828,0.001794425172,0.002927022172,0.004092127897
0.028,5.541167172e-05,0.0007678145109,0.001857077772,0.003031205279,0.004239113278
0.029,5.668114351e-05,0.0007920240855,0.001919448948,0.003135067431,0.004385742993
0.03,5.791347884e-05,0.0008160137864,0.001981537905,0.003238606915,0.004532014415
0.031,5.91097104e-05,0.0008397839108,0.002043343875,0.003341822059,0.004677924969
0.032,6.027085072e-05,0.0008633347724,0.002104866116,0.003444711228,0.004823472135
0.033,6.139789207e-05,0.0008866667022,0.002166103913,0.003547272828,0.004968653444
0.034,6.249180647e-05,0.0009097800477,0.002227056575,0.003649505305,0.005113466485
0.035,6.355354571e-05,0.0009326751735,0.002287723439,0.003751407144,0.0052579089
0.036,6.458404133e-05,0.0009553524608,0.002348103868,0.003852976871,0.005401978386
0.037,6.558420469e-05,0.0009778123077,0.002408197248,0.003954213051,0.005545672694
0.038,6.655492705e-05,0.001000055129,0.002468002995,0.00405511429,0.005688989632
0.039,6.749707965e-05,0.001022081357,0.002527520548,0.004155679234,0.005831927063
0.04,6.841151384e-05,0.001043891438,0.002586749374,0.004255906568,0.005974482904
0.041,6.929906116e-05,0.001065485839,0.002645688964,0.00435579502,0.00611665513
0.042,7.016053356e-05,0.00108686504,0.002704338835,0.004455343355,0.006258441768
0.043,7.099672349e-05,0.001108029539,0.002762698531,0.004554550378,0.006399840904
0.044,7.180840415e-05,0.001128979851,0.002820767619,0.004653414936,0.006540850674
0.045,7.259632963e-05,0.001149716506,0.002878545693,0.004751935913,0.006681469273
0.046,7.336123518e-05,0.001170240051,0.00293603237,0.004850112233,0.00682169495
0.047,7.410383737e-05,0.00119055105,0.002993227295,0.00494794286,0.006961526005
0.048,7.482483437e-05,0.001210650081,0.003050130134,0.005045426796,0.007100960795
0.049,7.552490617e-05,0.001230537741,0.00310674058,0.005142563081,0.007239997731
0.05,7.620471488e-05,0.001250214641,0.00316305835,0.005239350793,0.007378635274
0.051,7.686490494e-05,0.001269681409,0.003219083182,0.005335789049,0.00751687194
0.052,7.750610345e-05,0.001288938688,0.003274814841,0.005431877003,0.007654706296
0.053,7.812892041e-05,0.001307987138,0.003330253115,0.005527613846,0.007792136962
0.054,7.873394904e-05,0.001326827433,0.003385397813,0.005622998804,0.007929162609
0.055,7.932176606e-05,0.001345460265,0.00344024877,0.005718031142,0.008065781957
0.056,7.989293199e-05,0.00136388634,0.00349480584,0.005812710159,0.008201993777
0.057,8.044799148e-05,0.00138210638,0.003549068903,0.00590703519,0.00833779689
0.058,8.098747359e-05,0.001400121122,0.003603037857,0.006001005604,0.008473190165
0.059,8.15118921e-05,0.001417931321,0.003656712626,0.006094620806,0.008608172521
0.06,8.202174587e-05,0.001435537742,0.003710093152,0.006187880234,0.008742742921
0.061,8.251751908e-05,0.001452941171,0.003763179401,0.00628078336,0.008876900378
0.062,8.299968163e-05,0.001470142406,0.003815971356,0.006373329687,0.00901064395
0.063,8.346868939e-05,0.001487142261,0.003868469024,0.006465518754,0.00914397274
0.064,8.392498455e-05,0.001503941564,0.003920672431,0.006557350129,0.009276885897
0.065,8.436899594e-05,0.00152054116,0.003972581622,0.006648823412,0.009409382613
0.066,8.480113932e-05,0.001536941907,0.004024196663,0.006739938235,0.009541462125
0.067,8.522181772e-05,0.001553144679,0.004075517638,0.006830694259,0.009673123709
0.068,8.563142172e-05,0.001569150365,0.004126544649,0.006921091177,0.009804366686
0.069,8.603032982e-05,0.001584959866,0.004177277819,0.007011128708,0.009935190418
0.07,8.641890865e-05,0.001600574102,0.004227717288,0.007100806602,0.01006559431
0.071,8.679751337e-05,0.001615994004,0.004277863213,0.007190124638,0.01019557779
0.072,8.71664879e-05,0.00163122052,0.004327715769,0.00727908262,0.01032514035
0.073,8.752616527e-05,0.00164625461,0.00437727515,0.007367680381,0.01045428151
0.074,8.787686786e-05,0.001661097251,0.004426541565,0.00745591778,0.01058300082
0.075,8.821890773e-05,0.001675749432,0.004475515239,0.007543794704,0.01071129787
0.076,8.855258687e-05,0.001690212158,0.004524196415,0.007631311061,0.01083917229
0.077,8.887819751e-05,0.001704486447,0.004572585351,0.007718466789,0.01096662374
0.078,8.919602236e-05,0.001718573333,0.004620682321,0.007805261848,0.01109365193
0.079,8.950633493e-05,0.001732473861,0.004668487615,0.007891696222,0.01122025657
0.08,8.980939973e-05,0.001746189092,0.004716001536,0.007977769919,0.01134643745
0.081,9.010547258e-05,0.001759720103,0.004763224403,0.008063482968,0.01147219434
0.082,9.039480084e-05,0.00177306798,0.004810156549,0.008148835424,0.01159752708
0.083,9.067762367e-05,0.001786233828,0.004856798323,0.008233827361,0.01172243553
0.084,9.095417225e-05,0.001799218761,0.004903150084,0.008318458875,0.01184691957
0.085,9.122467007e-05,0.001812023911,0.004949212208,0.008402730084,0.01197097913
0.086,9.148933311e-05,0.001824650421,0.004994985082,0.008486641126,0.01209461414
0.087,9.174837008e-05,0.001837099449,0.005040469108,0.008570192156,0.01221782459
0.088,9.200198266e-05,0.001849372166,0.005085664698,0.008653383353,0.01234061047
0.089,9.225036571e-05,0.001861469756,0.00513057228,0.008736214913,0.01246297181
0.09,9.249370748e-05,0.001873393417,0.00517519229,0.008818687049,0.01258490867
0.091,9.273218981e-05,0.00188514436,0.005219525178,0.008900799994,0.01270642112
0.092,9.296598833e-05,0.00189672381,0.005263571407,0.008982553999,0.01282750927
0.093,9.319527268e-05,0.001908133006,0.005307331449,0.009063949329,0.01294817325
0.094,9.342020668e-05,0.001919373197,0.005350805787,0.00914498627,0.0130684132
0.095,9.36409485e-05,0.001930445648,0.005393994916,0.009225665121,0.01318822931
0.096,9.385765089e-05,0.001941351636,0.005436899342,0.009305986198,0.01330762176
0.097,9.40704613e-05,0.00195209245,0.005479519581,0.009385949832,0.01342659078
0.098,9.42795221e-05,0.001962669394,0.005521856158,0.00946555637,0.0135451366
0.099,9.448497071e-05,0.001973083783,0.005563909608,0.009544806173,0.01366325949
0.1,9.468693979e-05,0.001983336945,0.005605680478,0.009623699616,0.01378095972
0.101,9.488555737e-05,0.00199343022,0.005647169322,0.009702237089,0.01389823759
0.102,9.508094702e-05,0.002003364962,0.005688376704,0.009780418993,0.01401509342
0.103,9.527322799e-05,0.002013142535,0.005729303197,0.009858245745,0.01413152755
0.104,9.546251537e-05,0.002022764317,0.005769949383,0.009935717773,0.01424754033
0.105,9.564892019e-05,0.002032231697,0.005810315854,0.01001283552,0.01436313213
0.106,9.583254961e-05,0.002041546077,0.005850403208,0.01008959943,0.01447830334
0.107,9.601350701e-05,0.00205070887,0.005890212052,0.01016600998,0.01459305436
0.108,9.619189213e-05,0.002059721499,0.005929743001,0.01024206764,0.01470738561
0.109,9.636780119e-05,0.002068585401,0.00596899668,0.01031777289,0.01482129754
0.11,9.654132703e-05,0.002077302024,0.00600797372,0.01039312624,0.01493479059
0.111,9.671255918e-05,0.002085872824,0.006046674758,0.0104681282,0.01504786522
0.112,9.688158402e-05,0.002094299273,0.006085100441,0.01054277927,0.01516052191
0.113,9.704848487e-05,0.002102582849,0.006123251422,0.01061707999,0.01527276117
0.114,9.721334208e-05,0.002110725042,0.006161128362,0.0106910309,0.01538458348
0.115,9.737623315e-05,0.002118727353,0.006198731928,0.01076463255,0.01549598938
0.116,9.753723283e-05,0.002126591293,0.006236062794,0.01083788548,0.0156069794
0.117,9.76964132e-05,0.002134318381,0.006273121641,0.01091079026,0.01571755408
0.118,9.785384379e-05,0.002141910147,0.006309909156,0.01098334747,0.01582771396
0.119,9.800959162e-05,0.002149368129,0.006346426033,0.01105555768,0.01593745963
0.12,9.816372135e-05,0.002156693877,0.006382672972,0.0111274215,0.01604679166
0.121,9.831629529e-05,0.002163888944,0.006418650678,0.0111989395,0.01615571064
0.122,9.846737357e-05,0.002170954897,0.006454359865,0.0112701123,0.01626421716
0.123,9.861701413e-05,0.002177893307,0.006489801249,0.0113409405,0.01637231184
0.124,9.876527285e-05,0.002184705755,0.006524975554,0.01141142473,0.01647999529
0.125,9.891220359e-05,0.002191393828,0.006559883511,0.01148156562,0.01658726814
0.126,9.905785831e-05,0.002197959119,0.006594525854,0.01155136378,0.01669413103
0.127,9.920228708e-05,0.002204403229,0.006628903323,0.01162081986,0.01680058461
0.128,9.934553817e-05,0.002210727765,0.006663016664,0.0116899345,0.01690662952
0.129,9.948765812e-05,0.002216934338,0.006696866629,0.01175870835,0.01701226644
0.13,9.962869181e-05,0.002223024567,0.006730453974,0.01182714208,0.01711749602
0.131,9.976868248e-05,0.002229000073,0.00676377946,0.01189523633,0.01722231895
0.132,9.990767184e-05,0.002234862482,0.006796843854,0.01196299177,0.01732673592
0.133,0.0001000457001,0.002240613424,0.006829647927,0.01203040908,0.01743074761
0.134,0.0001001828059,0.002246254533,0.006862192456,0.01209748894,0.01753435472
0.135,0.0001003190267,0.002251787444,0.006894478221,0.01216423201,0.01763755797
0.136,0.0001004543985,0.002257213797,0.006926506009,0.012230639,0.01774035805
0.137,0.0001005889559,0.002262535229,0.00695827661,0.01229671058,0.0178427557
0.138,0.0001007227325,0.002267753384,0.006989790819,0.01236244747,0.01794475164
0.139,0.0001008557604,0.002272869901,0.007021049436,0.01242785034,0.01804634658
0.14,0.0001009880707,0.002277886423,0.007052053266,0.01249291991,0.01814754128
0.141,0.0001011196934,0.002282804591,0.007082803116,0.01255765688,0.01824833647
0.142,0.0001012506573,0.002287626043,0.007113299801,0.01262206197,0.01834873289
0.143,0.0001013809902,0.002292352419,0.007143544137,0.01268613588,0.01844873131
0.144,0.0001015107191,0.002296985352,0.007173536947,0.01274987934,0.01854833246
0.145,0.0001016398696,0.002301526476,0.007203279057,0.01281329307,0.01864753712
0.146,0.0001017684668,0.002305977419,0.007232771296,0.01287637779,0.01874634604
0.147,0.0001018965346,0.002310339805,0.0072620145,0.01293913422,0.01884476
0.148,0.0001020240962,0.002314615252,0.007291009507,0.01300156311,0.01894277976
0.149,0.0001021511739,0.002318805375,0.00731975716,0.01306366518,0.01904040611
0.15,0.0001022777891,0.002322911779,0.007348258307,0.01312544116,0.01913763982
0.151,0.0001024039625,0.002326936066,0.007376513798,0.0131868918,0.01923448167
0.152,0.0001025297142,0.002330879828,0.007404524488,0.01324801784,0.01933093246
0.153,0.0001026550633,0.002334744648,0.007432291238,0.01330882003,0.01942699298
0.154,0.0001027800285,0.002338532102,0.00745981491,0.0133692991,0.01952266401
0.155,0.0001029046275,0.002342243755,0.007487096372,0.01342945581,0.01961794635
0.156,0.0001030288776,0.002345881162,0.007514136496,0.0134892909,0.0197128408
0.157,0.0001031527953,0.002349445869,0.007540936156,0.01354880514,0.01980734817
0.158,0.0001032763967,0.002352939406,0.007567496233,0.01360799927,0.01990146925
0.159,0.0001033996972,0.002356363296,0.007593817611,0.01366687405,0.01999520485
0.16,0.0001035227116,0.002359719046,0.007619901176,0.01372543024,0.02008855578
0.161,0.0001036454543,0.00236300815,0.007645747821,0.0137836686,0.02018152286
0.162,0.000103767939,0.002366232091,0.007671358442,0.0138415899,0.02027410689
0.163,0.000103890179,0.002369392332,0.007696733937,0.01389919489,0.02036630869
0.164,0.0001040121872,0.002372490327,0.007721875212,0.01395648434,0.02045812908
0.165,0.0001041339758,0.002375527511,0.007746783174,0.01401345903,0.02054956887
0.166,0.0001042555568,0.002378505302,0.007771458735,0.0140701197,0.02064062889
0.167,0.0001043769416,0.002381425105,0.007795902812,0.01412646715,0.02073130995
0.168,0.0001044981414,0.002384288305,0.007820116324,0.01418250213,0.02082161289
0.169,0.0001046191666,0.002387096271,0.007844100196,0.01423822541,0.02091153851
0.17,0.0001047400277,0.002389850354,0.007867855357,0.01429363778,0.02100108766
0.171,0.0001048607344,0.002392551885,0.007891382739,0.01434874001,0.02109026115
0.172,0.0001049812964,0.002395202179,0.007914683281,0.01440353287,0.02117905982
0.173,0.0001051017228,0.00239780253,0.007937757922,0.01445801713,0.02126748449
0.174,0.0001052220224,0.002400354214,0.007960607609,0.01451219358,0.02135553599
0.175,0.0001053422038,0.002402858485,0.007983233291,0.01456606299,0.02144321516
0.176,0.0001054622753,0.00240531658,0.008005635923,0.01461962615,0.02153052282
0.177,0.0001055822446,0.002407729714,0.008027816464,0.01467288383,0.02161745981
0.178,0.0001057021195,0.002410099083,0.008049775877,0.01472583681,0.02170402696
0.179,0.0001058219074,0.002412425859,0.00807151513,0.01477848587,0.0217902251
0.18,0.0001059416152,0.002414711199,0.008093035194,0.01483083181,0.02187605507
0.181,0.0001060612499,0.002416956232,0.008114337046,0.01488287539,0.02196151771
0.182,0.0001061808181,0.002419162073,0.008135421668,0.01493461741,0.02204661384
0.183,0.0001063003261,0.00242132981,0.008156290047,0.01498605864,0.02213134429
0.184,0.0001064197799,0.002423460514,0.008176943171,0.01503719988,0.02221570992
0.185,0.0001065391856,0.002425555232,0.008197382038,0.01508804191,0.02229971155
0.186,0.0001066585488,0.002427614991,0.008217607648,0.01513858551,0.02238335002
0.187,0.0001067778749,0.002429640797,0.008237621005,0.01518883146,0.02246662615
0.188,0.0001068971693,0.002431633633,0.00825742312,0.01523878057,0.0225495408
0.189,0.0001070164371,0.002433594464,0.008277015009,0.01528843361,0.0226320948
0.19,0.0001071356831,0.002435524229,0.008296397691,0.01533779137,0.02271428897
0.191,0.0001072549121,0.002437423852,0.008315572192,0.01538685464,0.02279612416
0.192,0.0001073741286,0.002439294231,0.008334539542,0.01543562421,0.0228776012
0.193,0.0001074933371,0.002441136246,0.008353300777,0.01548410086,0.02295872092
0.194,0.0001076125418,0.002442950756,0.008371856939,0.01553228539,0.02303948417
0.195,0.0001077317467,0.002444738598,0.008390209074,0.01558017858,0.02311989177
0.196,0.0001078509558,0.002446500591,0.008408358233,0.01562778123,0.02319994457
0.197,0.0001079701729,0.002448237531,0.008426305474,0.01567509412,0.02327964338
0.198,0.0001080894017,0.002449950198,0.008444051861,0.01572211805,0.02335898906
0.199,0.0001082086456,0.00245163935,0.008461598462,0.0157688538,0.02343798242
0.2,0.0001083279081,0.002453305725,0.008478946352,0.01581530216,0.02351662431
0.201,0.0001084471925,0.002454950043,0.00849609661,0.01586146393,0.02359491555
0.202,0.0001085665019,0.002456573006,0.008513050324,0.01590733989,0.02367285699
0.203,0.0001086858393,0.002458175295,0.008529808584,0.01595293085,0.02375044943
0.204,0.0001088052078,0.002459757575,0.00854637249,0.01599823758,0.02382769373
0.205,0.0001089246101,0.002461320492,0.008562743145,0.01604326088,0.02390459071
0.206,0.0001090440489,0.002462864674,0.00857892166,0.01608800154,0.02398114119
0.207,0.000109163527,0.002464390732,0.008594909152,0.01613246036,0.02405734601
0.208,0.0001092830468,0.002465899261,0.008610706744,0.01617663812,0.02413320599
0.209,0.0001094026107,0.002467390837,0.008626315565,0.01622053562,0.02420872197
0.21,0.0001095222213,0.002468866021,0.008641736751,0.01626415365,0.02428389476
0.211,0.0001096418806,0.002470325358,0.008656971446,0.016307493,0.02435872519
0.212,0.000109761591,0.002471769376,0.008672020797,0.01635055447,0.0244332141
0.213,0.0001098813545,0.002473198588,0.008686885961,0.01639333884,0.02450736229
0.214,0.0001100011732,0.002474613494,0.008701568101,0.01643584692,0.0245811706
0.215,0.0001101210491,0.002476014576,0.008716068387,0.01647807949,0.02465463984
0.216,0.0001102409841,0.002477402303,0.008730387994,0.01652003734,0.02472777084
0.217,0.0001103609799,0.00247877713,0.008744528108,0.01656172128,0.02480056442
0.218,0.0001104810384,0.002480139498,0.008758489918,0.01660313209,0.0248730214
0.219,0.0001106011613,0.002481489834,0.008772274622,0.01664427056,0.0249451426
0.22,0.0001107213501,0.002482828553,0.008785883426,0.0166851375,0.02501692883
0.221,0.0001108416066,0.002484156056,0.008799317542,0.01672573368,0.02508838091
0.222,0.0001109619323,0.002485472732,0.008812578191,0.01676605992,0.02515949965
0.223,0.0001110823285,0.002486778958,0.008825666598,0.016806117,0.02523028588
0.224,0.0001112027968,0.002488075099,0.008838584001,0.01684590572,0.02530074041
0.225,0.0001113233386,0.002489361507,0.00885133164,0.01688542687,0.02537086404
0.226,0.000111443955,0.002490638526,0.008863910766,0.01692468125,0.02544065759
0.227,0.0001115646476,0.002491906486,0.008876322638,0.01696366964,0.02551012187
0.228,0.0001116854174,0.002493165708,0.00888856852,0.01700239286,0.02557925769
0.229,0.0001118062656,0.002494416502,0.008900649685,0.01704085169,0.02564806586
0.23,0.0001119271935,0.002495659167,0.008912567416,0.01707904692,0.02571654718
0.231,0.0001120482022,0.002496893994,0.008924323001,0.01711697936,0.02578470247
0.232,0.0001121692926,0.002498121263,0.008935917738,0.0171546498,0.02585253252
0.233,0.0001122904659,0.002499341247,0.008947352931,0.01719205904,0.02592003814
0.234,0.0001124117231,0.002500554207,0.008958629893,0.01722920787,0.02598722014
0.235,0.0001125330651,0.002501760397,0.008969749946,0.0172660971,0.02605407932
0.236,0.0001126544929,0.002502960063,0.008980714418,0.01730272751,0.02612061647
0.237,0.0001127760073,0.002504153442,0.008991524647,0.01733909991,0.0261868324
0.238,0.0001128976093,0.002505340762,0.009002181977,0.01737521509,0.0262527279
0.239,0.0001130192996,0.002506522246,0.009012687761,0.01741107386,0.02631830378
0.24,0.0001131410792,0.002507698107,0.009023043362,0.01744667701,0.02638356083
0.241,0.0001132629488,0.002508868552,0.009033250148,0.01748202535,0.02644849984
0.242,0.0001133849091,0.00251003378,0.009043309496,0.01751711966,0.02651312161
0.243,0.0001135069609,0.002511193985,0.009053222792,0.01755196076,0.02657742693
0.244,0.0001136291048,0.002512349353,0.009062991427,0.01758654945,0.0266414166
0.245,0.0001137513417,0.002513500064,0.009072616805,0.01762088652,0.0267050914
0.246,0.0001138736721,0.002514646291,0.009082100332,0.01765497277,0.02676845212
0.247,0.0001139960967,0.002515788203,0.009091443426,0.01768880902,0.02683149955
0.248,0.0001141186162,0.002516925961,0.00910064751,0.01772239606,0.02689423449
0.249,0.000114241231,0.002518059722,0.009109714017,0.01775573469,0.0269566577
0.25,0.0001143639418,0.002519189636,0.009118644385,0.01778882573,0.02701876999
0.251,0.0001144867492,0.002520315849,0.009127440061,0.01782166998,0.02708057213
0.252,0.0001146096537,0.002521438503,0.009136102498,0.01785426823,0.0271420649
0.253,0.0001147326559,0.002522557732,0.009144633158,0.01788662131,0.02720324909
0.254,0.0001148557562,0.002523673668,0.009153033509,0.01791873001,0.02726412548
0.255,0.0001149789551,0.002524786437,0.009161305024,0.01795059514,0.02732469485
0.256,0.0001151022531,0.002525896162,0.009169449185,0.01798221752,0.02738495796
0.257,0.0001152256507,0.002527002959,0.00917746748,0.01801359795,0.02744491561
0.258,0.0001153491483,0.002528106942,0.009185361402,0.01804473725,0.02750456856
0.259,0.0001154727464,0.002529208221,0.009193132451,0.01807563621,0.0275639176
0.26,0.0001155964454,0.002530306902,0.009200782132,0.01810629567,0.02762296348
0.261,0.0001157202456,0.002531403086,0.009208311958,0.01813671642,0.027681707
0.262,0.0001158441476,0.002532496872,0.009215723444,0.0181668993,0.02774014891
0.263,0.0001159681516,0.002533588354,0.009223018111,0.0181968451,0.02779828998
0.264,0.000116092258,0.002534677625,0.009230197485,0.01822655464,0.02785613099
0.265,0.0001162164673,0.002535764772,0.009237263098,0.01825602875,0.0279136727
0.266,0.0001163407797,0.00253684988,0.009244216483,0.01828526825,0.02797091588
0.267,0.0001164651955,0.002537933032,0.009251059178,0.01831427395,0.0280278613
0.268,0.0001165897152,0.002539014306,0.009257792726,0.01834304667,0.02808450971
0.269,0.0001167143391,0.002540093779,0.00926441867,0.01837158724,0.02814086189
0.27,0.0001168390674,0.002541171525,0.009270938558,0.01839989648,0.02819691858
0.271,0.0001169639004,0.002542247614,0.00927735394,0.01842797521,0.02825268056
0.272,0.0001170888385,0.002543322115,0.009283666365,0.01845582427,0.02830814859
0.273,0.0001172138819,0.002544395093,0.009289877388,0.01848344448,0.02836332342
0.274,0.0001173390309,0.002545466613,0.009295988561,0.01851083666,0.0284182058
0.275,0.0001174642857,0.002546536735,0.009302001438,0.01853800166,0.0284727965
0.276,0.0001175896467,0.002547605519,0.009307917573,0.0185649403,0.02852709628
0.277,0.0001177151141,0.002548673021,0.00931373852,0.01859165342,0.02858110588
0.278,0.0001178406881,0.002549739297,0.00931946583,0.01861814185,0.02863482606
0.279,0.000117966369,0.002550804399,0.009325101056,0.01864440643,0.02868825757
0.28,0.000118092157,0.002551868379,0.009330645745,0.018670448,0.02874140116
0.281,0.0001182180523,0.002552931285,0.009336101443,0.0186962674,0.02879425759
0.282,0.0001183440552,0.002553993165,0.009341469695,0.01872186548,0.0288468276
0.283,0.0001184701659,0.002555054065,0.009346752038,0.01874724307,0.02889911194
0.284,0.0001185963845,0.002556114028,0.009351950009,0.01877240103,0.02895111136
0.285,0.0001187227114,0.002557173098,0.009357065138,0.01879734021,0.0290028266
0.286,0.0001188491466,0.002558231315,0.00936209895,0.01882206145,0.0290542584
0.287,0.0001189756904,0.002559288718,0.009367052964,0.01884656561,0.02910540753
0.288,0.000119102343,0.002560345346,0.009371928692,0.01887085354,0.0291562747
0.289,0.0001192291045,0.002561401234,0.00937672764,0.01889492611,0.02920686068
0.29,0.0001193559752,0.002562456419,0.009381451306,0.01891878416,0.02925716619
0.291,0.0001194829552,0.002563510935,0.009386101178,0.01894242857,0.02930719199
0.292,0.0001196100447,0.002564564813,0.009390678738,0.01896586019,0.0293569388
0.293,0.0001197372439,0.002565618086,0.009395185457,0.0189890799,0.02940640737
0.294,0.0001198645529,0.002566670785,0.009399622795,0.01901208857,0.02945559844
0.295,0.0001199919719,0.002567722937,0.009403992203,0.01903488706,0.02950451274
0.296,0.000120119501,0.002568774573,0.00940829512,0.01905747625,0.02955315101
0.297,0.0001202471405,0.002569825718,0.009412532975,0.01907985702,0.02960151398
0.298,0.0001203748903,0.0025708764,0.009416707181,0.01910203025,0.02964960238
0.299,0.0001205027508,0.002571926642,0.009420819141,0.01912399682,0.02969741696
0.3,0.0001206307221,0.002572976471,0.009424870245,0.01914575762,0.02974495844
0.301,0.0001207588042,0.002574025909,0.009428861868,0.01916731354,0.02979222755
0.302,0.0001208869974,0.002575074979,0.009432795371,0.01918866546,0.02983922503
0.303,0.0001210153017,0.002576123702,0.009436672099,0.01920981429,0.0298859516
0.304,0.0001211437173,0.0025771721,0.009440493383,0.01923076092,0.029932408
0.305,0.0001212722444,0.002578220193,0.009444260539,0.01925150626,0.02997859495
0.306,0.000121400883,0.002579268,0.009447974866,0.01927205121,0.03002451318
0.307,0.0001215296334,0.00258031554,0.009451637645,0.01929239667,0.03007016342
0.308,0.0001216584955,0.002581362832,0.009455250142,0.01931254357,0.03011554639
0.309,0.0001217874696,0.002582409892,0.009458813605,0.01933249281,0.03016066281
0.31,0.0001219165557,0.002583456737,0.009462329264,0.01935224531,0.03020551343
0.311,0.000122045754,0.002584503385,0.009465798332,0.019371802,0.03025009894
0.312,0.0001221750647,0.002585549849,0.009469222002,0.01939116381,0.03029442009
0.313,0.0001223044877,0.002586596145,0.00947260145,0.01941033166,0.0303384776
0.314,0.0001224340232,0.002587642289,0.009475937832,0.01942930649,0.03038227218
0.315,0.0001225636714,0.002588688292,0.009479232287,0.01944808923,0.03042580455
0.316,0.0001226934323,0.00258973417,0.009482485932,0.01946668084,0.03046907545
0.317,0.0001228233061,0.002590779935,0.009485699866,0.01948508225,0.03051208558
0.318,0.0001229532928,0.002591825599,0.009488875168,0.01950329442,0.03055483567
0.319,0.0001230833926,0.002592871175,0.009492012898,0.0195213183,0.03059732644
0.32,0.0001232136055,0.002593916673,0.009495114097,0.01953915486,0.03063955861
0.321,0.0001233439317,0.002594962106,0.009498179782,0.01955680505,0.03068153288
0.322,0.0001234743713,0.002596007484,0.009501210956,0.01957426985,0.03072324999
0.323,0.0001236049244,0.002597052816,0.009504208596,0.01959155023,0.03076471065
0.324,0.000123735591,0.002598098114,0.009507173664,0.01960864717,0.03080591557
0.325,0.0001238663713,0.002599143387,0.009510107098,0.01962556165,0.03084686548
0.326,0.0001239972653,0.002600188644,0.009513009819,0.01964229465,0.03088756108
0.327,0.0001241282732,0.002601233893,0.009515882728,0.01965884718,0.03092800309
0.328,0.000124259395,0.002602279144,0.009518726703,0.01967522024,0.03096819223
0.329,0.0001243906309,0.002603324405,0.009521542605,0.01969141481,0.03100812921
0.33,0.0001245219809,0.002604369684,0.009524331276,0.01970743192,0.03104781475
0.331,0.0001246534452,0.002605414988,0.009527093536,0.01972327258,0.03108724956
0.332,0.0001247850237,0.002606460324,0.009529830187,0.0197389378,0.03112643435
0.333,0.0001249167167,0.002607505701,0.009532542012,0.01975442862,0.03116536983
0.334,0.0001250485241,0.002608551124,0.009535229774,0.01976974606,0.03120405673
0.335,0.0001251804461,0.002609596601,0.009537894219,0.01978489116,0.03124249574
0.336,0.0001253124828,0.002610642137,0.009540536072,0.01979986497,0.03128068759
0.337,0.0001254446342,0.002611687739,0.009543156041,0.01981466852,0.03131863299
0.338,0.0001255769004,0.002612733413,0.009545754817,0.01982930288,0.03135633264
0.339,0.0001257092816,0.002613779164,0.00954833307,0.01984376911,0.03139378727
0.34,0.0001258417778,0.002614824998,0.009550891454,0.01985806827,0.03143099758
0.341,0.000125974389,0.00261587092,0.009553430607,0.01987220144,0.03146796427
0.342,0.0001261071154,0.002616916936,0.009555951147,0.01988616969,0.03150468808
0.343,0.0001262399571,0.002617963049,0.009558453677,0.01989997411,0.0315411697
0.344,0.0001263729141,0.002619009266,0.009560938784,0.01991361579,0.03157740984
0.345,0.0001265059865,0.002620055589,0.009563407036,0.01992709584,0.03161340923
0.346,0.0001266391744,0.002621102025,0.009565858988,0.01994041535,0.03164916856
0.347,0.0001267724778,0.002622148576,0.009568295178,0.01995357544,0.03168468855
0.348,0.0001269058969,0.002623195248,0.009570716127,0.01996657722,0.03171996992
0.349,0.0001270394317,0.002624242043,0.009573122344,0.01997942183,0.03175501337
0.35,0.0001271730824,0.002625288967,0.009575514321,0.0199921104,0.03178981961
0.351,0.0001273068489,0.002626336021,0.009577892537,0.02000464406,0.03182438936
0.352,0.0001274407313,0.00262738321,0.009580257456,0.02001702397,0.03185872333
0.353,0.0001275747298,0.002628430538,0.009582609527,0.02002925127,0.03189282222
0.354,0.0001277088444,0.002629478007,0.009584949187,0.02004132713,0.03192668676
0.355,0.0001278430752,0.00263052562,0.00958727686,0.02005325271,0.03196031765
0.356,0.0001279774223,0.002631573381,0.009589592957,0.02006502919,0.03199371561
0.357,0.0001281118857,0.002632621293,0.009591897875,0.02007665776,0.03202688135
0.358,0.0001282464655,0.002633669358,0.009594192,0.0200881396,0.03205981558
0.359,0.0001283811617,0.002634717578,0.009596475705,0.02009947592,0.03209251901
0.36,0.0001285159746,0.002635765957,0.009598749353,0.02011066791,0.03212499237
0.361,0.000128650904,0.002636814498,0.009601013294,0.02012171679,0.03215723635
0.362,0.0001287859502,0.002637863201,0.009603267868,0.02013262378,0.03218925169
0.363,0.0001289211132,0.002638912071,0.009605513402,0.0201433901,0.03222103909
0.364,0.000129056393,0.002639961108,0.009607750215,0.020154017,0.03225259926
0.365,0.0001291917897,0.002641010315,0.009609978616,0.02016450571,0.03228393293
0.366,0.0001293273034,0.002642059695,0.009612198901,0.02017485749,0.03231504082
0.367,0.0001294629342,0.002643109248,0.00961441136,0.02018507359,0.03234592363
0.368,0.0001295986822,0.002644158978,0.00961661627,0.02019515527,0.03237658208
0.369,0.0001297345473,0.002645208886,0.009618813903,0.02020510381,0.0324070169
0.37,0.0001298705297,0.002646258973,0.009621004517,0.0202149205,0.03243722881
0.371,0.0001300066295,0.002647309242,0.009623188367,0.0202246066,0.03246721852
0.372,0.0001301428467,0.002648359694,0.009625365694,0.02023416343,0.03249698675
0.373,0.0001302791814,0.002649410331,0.009627536736,0.02024359228,0.03252653423
0.374,0.0001304156337,0.002650461153,0.00962970172,0.02025289446,0.03255586167
0.375,0.0001305522036,0.002651512164,0.009631860866,0.02026207129,0.03258496981
0.376,0.0001306888912,0.002652563363,0.009634014387,0.02027112409,0.03261385936
0.377,0.0001308256966,0.002653614753,0.009636162489,0.02028005419,0.03264253105
0.378,0.0001309626198,0.002654666335,0.009638305369,0.02028886292,0.0326709856
0.379,0.000131099661,0.002655718109,0.00964044322,0.02029755163,0.03269922375
0.38,0.0001312368201,0.002656770078,0.009642576228,0.02030612166,0.03272724622
0.381,0.0001313740973,0.002657822242,0.009644704571,0.02031457438,0.03275505373
0.382,0.0001315114926,0.002658874603,0.009646828422,0.02032291115,0.03278264703
0.383,0.0001316490061,0.002659927162,0.009648947947,0.02033113333,0.03281002684
0.384,0.0001317866379,0.002660979919,0.009651063309,0.0203392423,0.03283719389
0.385,0.000131924388,0.002662032876,0.009653174662,0.02034723943,0.03286414891
0.386,0.0001320622565,0.002663086034,0.009655282157,0.02035512612,0.03289089265
0.387,0.0001322002434,0.002664139393,0.009657385939,0.02036290375,0.03291742584
0.388,0.0001323383489,0.002665192955,0.009659486148,0.02037057371,0.03294374922
0.389,0.000132476573,0.00266624672,0.009661582918,0.0203781374,0.03296986352
0.39,0.0001326149158,0.002667300689,0.00966367638,0.02038559624,0.03299576948
0.391,0.0001327533773,0.002668354864,0.00966576666,0.02039295162,0.03302146786
0.392,0.0001328919576,0.002669409244,0.009667853879,0.02040020496,0.03304695939
0.393,0.0001330306568,0.002670463831,0.009669938154,0.02040735766,0.03307224481
0.394,0.0001331694749,0.002671518625,0.009672019598,0.02041441116,0.03309732488
0.395,0.0001333084121,0.002672573627,0.009674098321,0.02042136687,0.03312220035
0.396,0.0001334474683,0.002673628838,0.009676174426,0.02042822621,0.03314687196
0.397,0.0001335866436,0.002674684258,0.009678248016,0.0204349906,0.03317134047
0.398,0.0001337259382,0.002675739888,0.009680319189,0.02044166148,0.03319560663
0.399,0.0001338653521,0.002676795729,0.009682388039,0.02044824026,0.03321967119
0.4,0.0001340048853,0.002677851781,0.009684454656,0.02045472839,0.03324353492
0.401,0.0001341445379,0.002678908044,0.009686519129,0.02046112728,0.03326719858
0.402,0.00013428431,0.002679964519,0.009688581542,0.02046743836,0.03329066293
0.403,0.0001344242017,0.002681021208,0.009690641976,0.02047366306,0.03331392873
0.404,0.0001345642129,0.002682078109,0.009692700512,0.02047980282,0.03333699674
0.405,0.0001347043439,0.002683135224,0.009694757223,0.02048585904,0.03335986775
0.406,0.0001348445946,0.002684192553,0.009696812184,0.02049183316,0.03338254251
0.407,0.0001349849651,0.002685250097,0.009698865464,0.02049772659,0.03340502181
0.408,0.0001351254555,0.002686307855,0.009700917133,0.02050354075,0.03342730642
0.409,0.0001352660658,0.00268736583,0.009702967255,0.02050927706,0.03344939711
0.41,0.0001354067962,0.002688424019,0.009705015894,0.02051493692,0.03347129468
0.411,0.0001355476466,0.002689482426,0.009707063111,0.02052052174,0.03349299989
0.412,0.0001356886172,0.002690541048,0.009709108964,0.02052603291,0.03351451354
0.413,0.000135829708,0.002691599888,0.00971115351,0.02053147183,0.03353583642
0.414,0.0001359709191,0.002692658944,0.009713196804,0.02053683989,0.03355696932
0.415,0.0001361122505,0.002693718218,0.009715238897,0.02054213847,0.03357791303
0.416,0.0001362537023,0.002694777711,0.009717279842,0.02054736894,0.03359866835
0.417,0.0001363952746,0.002695837421,0.009719319686,0.02055253265,0.03361923608
0.418,0.0001365369675,0.00269689735,0.009721358477,0.02055763098,0.03363961703
0.419,0.000136678781,0.002697957497,0.00972339626,0.02056266526,0.033659812
0.42,0.0001368207151,0.002699017864,0.009725433079,0.02056763684,0.0336798218
0.421,0.00013696277,0.002700078449,0.009727468976,0.02057254704,0.03369964725
0.422,0.0001371049457,0.002701139255,0.009729503992,0.02057739718,0.03371928915
0.423,0.0001372472423,0.00270220028,0.009731538165,0.02058218856,0.03373874834
0.424,0.0001373896599,0.002703261525,0.009733571535,0.02058692247,0.03375802563
0.425,0.0001375321984,0.00270432299,0.009735604136,0.02059160021,0.03377712185
0.426,0.000137674858,0.002705384675,0.009737636004,0.02059622303,0.03379603783
0.427,0.0001378176387,0.002706446582,0.009739667172,0.02060079219,0.03381477441
0.428,0.0001379605407,0.002707508709,0.009741697674,0.02060530895,0.03383333242
0.429,0.0001381035639,0.002708571057,0.009743727541,0.02060977451,0.03385171271
0.43,0.0001382467085,0.002709633626,0.009745756802,0.0206141901,0.03386991611
0.431,0.0001383899744,0.002710696417,0.009747785487,0.02061855692,0.03388794349
0.432,0.0001385333619,0.002711759429,0.009749813624,0.02062287615,0.03390579569
0.433,0.0001386768708,0.002712822663,0.009751841239,0.02062714896,0.03392347358
0.434,0.0001388205014,0.002713886119,0.00975386836,0.0206313765,0.03394097801
0.435,0.0001389642536,0.002714949796,0.009755895011,0.02063555991,0.03395830985
0.436,0.0001391081276,0.002716013696,0.009757921216,0.0206397003,0.03397546997
0.437,0.0001392521233,0.002717077819,0.009759946998,0.02064379879,0.03399245925
0.438,0.0001393962409,0.002718142163,0.00976197238,0.02064785645,0.03400927856
0.439,0.0001395404804,0.002719206731,0.009763997383,0.02065187435,0.0340259288
0.44,0.000139684842,0.002720271521,0.009766022029,0.02065585355,0.03404241084
0.441,0.0001398293256,0.002721336534,0.009768046337,0.02065979507,0.03405872559
0.442,0.0001399739313,0.002722401769,0.009770070326,0.02066369994,0.03407487395
0.443,0.0001401186592,0.002723467228,0.009772094016,0.02066756915,0.03409085681
0.444,0.0001402635093,0.00272453291,0.009774117424,0.02067140367,0.03410667509
0.445,0.0001404084818,0.002725598815,0.009776140567,0.02067520447,0.0341223297
0.446,0.0001405535766,0.002726664944,0.009778163462,0.0206789725,0.03413782155
0.447,0.0001406987939,0.002727731296,0.009780186125,0.02068270866,0.03415315158
0.448,0.0001408441338,0.002728797871,0.009782208572,0.02068641388,0.03416832072
0.449,0.0001409895961,0.00272986467,0.009784230817,0.02069008904,0.03418332989
0.45,0.0001411351812,0.002730931693,0.009786252875,0.02069373499,0.03419818005
0.451,0.0001412808889,0.00273199894,0.009788274759,0.02069735261,0.03421287213
0.452,0.0001414267195,0.00273306641,0.009790296483,0.02070094271,0.03422740709
0.453,0.0001415726728,0.002734134105,0.00979231806,0.0207045061,0.03424178589
0.454,0.0001417187491,0.002735202023,0.009794339501,0.02070804359,0.03425600948
0.455,0.0001418649483,0.002736270166,0.00979636082,0.02071155596,0.03427007885
0.456,0.0001420112706,0.002737338532,0.009798382026,0.02071504395,0.03428399497
0.457,0.000142157716,0.002738407123,0.009800403132,0.02071850831,0.03429775882
0.458,0.0001423042846,0.002739475938,0.009802424147,0.02072194976,0.03431137138
0.459,0.0001424509763,0.002740544978,0.009804445083,0.02072536901,0.03432483365
0.46,0.0001425977914,0.002741614242,0.009806465948,0.02072876675,0.03433814664
0.461,0.0001427447298,0.00274268373,0.009808486753,0.02073214365,0.03435131135
0.462,0.0001428917917,0.002743753443,0.009810507507,0.02073550035,0.03436432879
0.463,0.0001430389771,0.00274482338,0.009812528217,0.0207388375,0.03437719999
0.464,0.000143186286,0.002745893542,0.009814548894,0.02074215572,0.03438992596
0.465,0.0001433337185,0.002746963929,0.009816569545,0.02074545561,0.03440250775
0.466,0.0001434812747,0.00274803454,0.009818590177,0.02074873776,0.0344149464
0.467,0.0001436289547,0.002749105376,0.009820610799,0.02075200275,0.03442724295
0.468,0.0001437767585,0.002750176437,0.009822631418,0.02075525112,0.03443939846
0.469,0.0001439246861,0.002751247722,0.00982465204,0.02075848341,0.03445141398
0.47,0.0001440727377,0.002752319232,0.009826672673,0.02076170017,0.03446329059
0.471,0.0001442209134,0.002753390968,0.009828693323,0.02076490189,0.03447502937
0.472,0.0001443692131,0.002754462928,0.009830713996,0.02076808907,0.03448663138
0.473,0.0001445176369,0.002755535113,0.009832734699,0.02077126219,0.03449809773
0.474,0.000144666185,0.002756607523,0.009834755436,0.02077442173,0.0345094295
0.475,0.0001448148573,0.002757680158,0.009836776215,0.02077756814,0.03452062781
0.476,0.0001449636539,0.002758753018,0.00983879704,0.02078070185,0.03453169376
0.477,0.000145112575,0.002759826103,0.009840817916,0.0207838233,0.03454262848
0.478,0.0001452616205,0.002760899414,0.009842838849,0.02078693291,0.03455343307
0.479,0.0001454107905,0.002761972949,0.009844859842,0.02079003107,0.03456410869
0.48,0.0001455600852,0.00276304671,0.009846880902,0.02079311817,0.03457465647
0.481,0.0001457095045,0.002764120695,0.009848902032,0.02079619461,0.03458507755
0.482,0.0001458590485,0.002765194906,0.009850923237,0.02079926073,0.03459537309
0.483,0.0001460087173,0.002766269342,0.009852944521,0.0208023169,0.03460554426
0.484,0.000146158511,0.002767344003,0.009854965887,0.02080536346,0.03461559221
0.485,0.0001463084296,0.00276841889,0.00985698734,0.02080840075,0.03462551813
0.486,0.0001464584731,0.002769494002,0.009859008884,0.02081142909,0.03463532319
0.487,0.0001466086417,0.002770569339,0.009861030521,0.02081444879,0.0346450086
0.488,0.0001467589355,0.002771644901,0.009863052256,0.02081746015,0.03465457554
0.489,0.0001469093544,0.002772720689,0.009865074091,0.02082046348,0.03466402522
0.49,0.0001470598985,0.002773796702,0.009867096031,0.02082345904,0.03467335885
0.491,0.000147210568,0.00277487294,0.009869118077,0.02082644712,0.03468257765
0.492,0.0001473613628,0.002775949404,0.009871140234,0.02082942799,0.03469168283
0.493,0.000147512283,0.002777026093,0.009873162503,0.02083240189,0.03470067564
0.494,0.0001476633288,0.002778103007,0.009875184888,0.02083536908,0.03470955731
0.495,0.0001478145001,0.002779180147,0.00987720739,0.0208383298,0.03471832909
0.496,0.0001479657971,0.002780257512,0.009879230014,0.02084128428,0.03472699221
0.497,0.0001481172197,0.002781335103,0.009881252761,0.02084423274,0.03473554794
0.498,0.0001482687681,0.002782412919,0.009883275633,0.0208471754,0.03474399754
0.499,0.0001484204423,0.00278349096,0.009885298633,0.02085011248,0.03475234228
0.5,0.0001485722425,0.002784569227,0.009887321763,0.02085304417,0.03476058342
0.501,0.0001487241685,0.002785647719,0.009889345025,0.02085597068,0.03476872225
0.502,0.0001488762206,0.002786726437,0.009891368421,0.02085889218,0.03477676005
0.503,0.0001490283988,0.00278780538,0.009893391954,0.02086180886,0.03478469811
0.504,0.0001491807031,0.002788884549,0.009895415624,0.02086472091,0.03479253772
0.505,0.0001493331336,0.002789963943,0.009897439434,0.02086762848,0.03480028017
0.506,0.0001494856904,0.002791043563,0.009899463386,0.02087053175,0.03480792676
0.507,0.0001496383735,0.002792123408,0.009901487481,0.02087343087,0.03481547881
0.508,0.0001497911831,0.002793203479,0.00990351172,0.020876326,0.03482293761
0.509,0.0001499441191,0.002794283775,0.009905536106,0.02087921729,0.03483030448
0.51,0.0001500971816,0.002795364296,0.00990756064,0.02088210487,0.03483758073
0.511,0.0001502503707,0.002796445043,0.009909585323,0.02088498889,0.03484476767
0.512,0.0001504036865,0.002797526016,0.009911610157,0.02088786948,0.03485186663
0.513,0.000150557129,0.002798607214,0.009913635143,0.02089074677,0.03485887892
0.514,0.0001507106983,0.002799688638,0.009915660282,0.02089362089,0.03486580587
0.515,0.0001508643945,0.002800770287,0.009917685576,0.02089649194,0.03487264879
0.516,0.0001510182176,0.002801852162,0.009919711026,0.02089936006,0.03487940901
0.517,0.0001511721677,0.002802934262,0.009921736632,0.02090222534,0.03488608785
0.518,0.0001513262448,0.002804016588,0.009923762397,0.0209050879,0.03489268663
0.519,0.000151480449,0.002805099139,0.009925788321,0.02090794785,0.03489920667
0.52,0.0001516347804,0.002806181916,0.009927814405,0.02091080527,0.03490564929
0.521,0.000151789239,0.002807264918,0.00992984065,0.02091366028,0.03491201581
0.522,0.000151943825,0.002808348146,0.009931867057,0.02091651295,0.03491830755
0.523,0.0001520985383,0.002809431599,0.009933893627,0.02091936339,0.03492452581
0.524,0.000152253379,0.002810515278,0.009935920361,0.02092221167,0.03493067191
0.525,0.0001524083473,0.002811599182,0.009937947259,0.02092505789,0.03493674716
0.526,0.0001525634431,0.002812683312,0.009939974323,0.02092790212,0.03494275285
0.527,0.0001527186665,0.002813767668,0.009942001554,0.02093074444,0.03494869028
0.528,0.0001528740176,0.002814852249,0.009944028951,0.02093358492,0.03495456074
0.529,0.0001530294965,0.002815937055,0.009946056517,0.02093642364,0.03496036553
0.53,0.0001531851032,0.002817022087,0.009948084251,0.02093926067,0.03496610591
0.531,0.0001533408378,0.002818107345,0.009950112154,0.02094209608,0.03497178316
0.532,0.0001534967003,0.002819192828,0.009952140227,0.02094492992,0.03497739855
0.533,0.0001536526909,0.002820278536,0.00995416847,0.02094776226,0.03498295334
0.534,0.0001538088095,0.002821364471,0.009956196885,0.02095059317,0.03498844877
0.535,0.0001539650562,0.00282245063,0.009958225471,0.02095342269,0.03499388609
0.536,0.0001541214312,0.002823537015,0.009960254229,0.02095625089,0.03499926653
0.537,0.0001542779344,0.002824623626,0.00996228316,0.02095907782,0.0350045913
0.538,0.0001544345659,0.002825710462,0.009964312265,0.02096190353,0.03500986162
0.539,0.0001545913259,0.002826797524,0.009966341543,0.02096472807,0.03501507869
0.54,0.0001547482143,0.002827884811,0.009968370995,0.0209675515,0.0350202437
0.541,0.0001549052312,0.002828972324,0.009970400623,0.02097037384,0.03502535783
0.542,0.0001550623768,0.002830060062,0.009972430425,0.02097319516,0.03503042224
0.543,0.0001552196509,0.002831148026,0.009974460403,0.0209760155,0.03503543808
0.544,0.0001553770538,0.002832236215,0.009976490557,0.02097883489,0.0350404065
0.545,0.0001555345855,0.00283332463,0.009978520887,0.02098165337,0.03504532862
0.546,0.000155692246,0.00283441327,0.009980551394,0.02098447099,0.03505020556
0.547,0.0001558500354,0.002835502136,0.009982582078,0.02098728778,0.0350550384
0.548,0.0001560079538,0.002836591227,0.00998461294,0.02099010378,0.03505982825
0.549,0.0001561660013,0.002837680544,0.009986643979,0.02099291902,0.03506457616
0.55,0.0001563241778,0.002838770086,0.009988675197,0.02099573354,0.03506928319
0.551,0.0001564824835,0.002839859854,0.009990706593,0.02099854736,0.03507395038
0.552,0.0001566409184,0.002840949847,0.009992738168,0.02100136053,0.03507857875
0.553,0.0001567994827,0.002842040066,0.009994769922,0.02100417306,0.03508316931
0.554,0.0001569581762,0.00284313051,0.009996801855,0.02100698499,0.03508772305
0.555,0.0001571169992,0.00284422118,0.009998833968,0.02100979634,0.03509224095
0.556,0.0001572759517,0.002845312075,0.01000086626,0.02101260715,0.03509672397
0.557,0.0001574350337,0.002846403195,0.01000289873,0.02101541743,0.03510117303
0.558,0.0001575942454,0.002847494541,0.01000493139,0.02101822722,0.03510558909
0.559,0.0001577535867,0.002848586113,0.01000696422,0.02102103653,0.03510997302
0.56,0.0001579130577,0.00284967791,0.01000899724,0.02102384538,0.03511432575
0.561,0.0001580726586,0.002850769932,0.01001103043,0.02102665381,0.03511864812
0.562,0.0001582323893,0.00285186218,0.01001306381,0.02102946184,0.035122941
0.563,0.00015839225,0.002852954653,0.01001509737,0.02103226947,0.03512720524
0.564,0.0001585522406,0.002854047352,0.01001713111,0.02103507674,0.03513144165
0.565,0.0001587123614,0.002855140276,0.01001916503,0.02103788366,0.03513565104
0.566,0.0001588726122,0.002856233425,0.01002119913,0.02104069025,0.03513983419
0.567,0.0001590329932,0.0028573268,0.01002323342,0.02104349652,0.03514399188
0.568,0.0001591935045,0.0028584204,0.01002526789,0.0210463025,0.03514812486
0.569,0.0001593541461,0.002859514226,0.01002730254,0.0210491082,0.03515223387
0.57,0.000159514918,0.002860608277,0.01002933737,0.02105191364,0.03515631963
0.571,0.0001596758204,0.002861702554,0.01003137239,0.02105471883,0.03516038284
0.572,0.0001598368533,0.002862797056,0.01003340759,0.02105752379,0.03516442419
0.573,0.0001599980168,0.002863891783,0.01003544297,0.02106032853,0.03516844434
0.574,0.0001601593109,0.002864986736,0.01003747853,0.02106313306,0.03517244396
0.575,0.0001603207357,0.002866081914,0.01003951428,0.0210659374,0.03517642367
0.576,0.0001604822913,0.002867177318,0.01004155021,0.02106874156,0.03518038411
0.577,0.0001606439777,0.002868272947,0.01004358633,0.02107154555,0.03518432587
0.578,0.000160805795,0.002869368801,0.01004562263,0.02107434939,0.03518824955
0.579,0.0001609677432,0.002870464881,0.01004765911,0.02107715308,0.03519215572
0.58,0.0001611298225,0.002871561186,0.01004969578,0.02107995664,0.03519604494
0.581,0.0001612920328,0.002872657716,0.01005173263,0.02108276007,0.03519991776
0.582,0.0001614543742,0.002873754472,0.01005376966,0.02108556339,0.0352037747
0.583,0.0001616168469,0.002874851453,0.01005580688,0.02108836661,0.03520761627
0.584,0.0001617794509,0.00287594866,0.01005784428,0.02109116973,0.03521144299
0.585,0.0001619421861,0.002877046092,0.01005988187,0.02109397277,0.03521525534
0.586,0.0001621050528,0.002878143749,0.01006191964,0.02109677573,0.03521905379
0.587,0.0001622680509,0.002879241631,0.01006395759,0.02109957862,0.0352228388
0.588,0.0001624311806,0.002880339739,0.01006599573,0.02110238145,0.03522661081
0.589,0.0001625944418,0.002881438072,0.01006803406,0.02110518423,0.03523037027
0.59,0.0001627578347,0.002882536631,0.01007007257,0.02110798696,0.03523411759
0.591,0.0001629213593,0.002883635414,0.01007211126,0.02111078966,0.03523785317
0.592,0.0001630850157,0.002884734423,0.01007415014,0.02111359232,0.03524157742
0.593,0.0001632488039,0.002885833658,0.0100761892,0.02111639496,0.03524529073
0.594,0.000163412724,0.002886933118,0.01007822845,0.02111919759,0.03524899345
0.595,0.0001635767761,0.002888032803,0.01008026788,0.0211220002,0.03525268596
0.596,0.0001637409602,0.002889132713,0.0100823075,0.0211248028,0.0352563686
0.597,0.0001639052765,0.002890232848,0.0100843473,0.02112760541,0.03526004172
0.598,0.0001640697248,0.002891333209,0.01008638729,0.02113040802,0.03526370564
0.599,0.0001642343054,0.002892433795,0.01008842747,0.02113321064,0.03526736068
0.6,0.0001643990183,0.002893534607,0.01009046782,0.02113601328,0.03527100715
0.601,0.0001645638635,0.002894635643,0.01009250837,0.02113881593,0.03527464535
0.602,0.0001647288412,0.002895736905,0.0100945491,0.02114161862,0.03527827557
0.603,0.0001648939513,0.002896838392,0.01009659001,0.02114442133,0.03528189808
0.604,0.0001650591939,0.002897940105,0.01009863111,0.02114722408,0.03528551317
0.605,0.0001652245692,0.002899042042,0.01010067239,0.02115002687,0.03528912108
0.606,0.0001653900771,0.002900144205,0.01010271386,0.0211528297,0.03529272208
0.607,0.0001655557178,0.002901246593,0.01010475552,0.02115563257,0.03529631641
0.608,0.0001657214912,0.002902349207,0.01010679736,0.0211584355,0.03529990431
0.609,0.0001658873975,0.002903452045,0.01010883938,0.02116123848,0.03530348601
0.61,0.0001660534367,0.002904555109,0.0101108816,0.02116404152,0.03530706172
0.611,0.0001662196089,0.002905658398,0.01011292399,0.02116684462,0.03531063167
0.612,0.0001663859141,0.002906761912,0.01011496657,0.02116964779,0.03531419606
0.613,0.0001665523525,0.002907865652,0.01011700934,0.02117245102,0.03531775509
0.614,0.000166718924,0.002908969616,0.0101190523,0.02117525432,0.03532130896
0.615,0.0001668856287,0.002910073806,0.01012109543,0.0211780577,0.03532485785
0.616,0.0001670524668,0.002911178221,0.01012313876,0.02118086115,0.03532840194
0.617,0.0001672194382,0.002912282861,0.01012518227,0.02118366468,0.03533194141
0.618,0.000167386543,0.002913387727,0.01012722597,0.0211864683,0.03533547643
0.619,0.0001675537813,0.002914492817,0.01012926985,0.021189272,0.03533900716
0.62,0.0001677211532,0.002915598133,0.01013131391,0.02119207578,0.03534253376
0.621,0.0001678886587,0.002916703674,0.01013335817,0.02119487965,0.03534605637
0.622,0.0001680562978,0.00291780944,0.0101354026,0.02119768362,0.03534957515
0.623,0.0001682240707,0.002918915431,0.01013744723,0.02120048767,0.03535309024
0.624,0.0001683919774,0.002920021647,0.01013949204,0.02120329182,0.03535660178
0.625,0.000168560018,0.002921128089,0.01014153703,0.02120609607,0.03536010989
0.626,0.0001687281924,0.002922234755,0.01014358222,0.02120890042,0.0353636147
0.627,0.0001688965009,0.002923341647,0.01014562758,0.02121170487,0.03536711635
0.628,0.0001690649435,0.002924448764,0.01014767313,0.02121450942,0.03537061493
0.629,0.0001692335201,0.002925556106,0.01014971887,0.02121731408,0.03537411058
0.63,0.0001694022309,0.002926663673,0.0101517648,0.02122011884,0.0353776034
0.631,0.000169571076,0.002927771465,0.01015381091,0.02122292371,0.0353810935
0.632,0.0001697400554,0.002928879482,0.0101558572,0.02122572869,0.03538458097
0.633,0.0001699091691,0.002929987725,0.01015790368,0.02122853378,0.03538806593
0.634,0.0001700784173,0.002931096192,0.01015995035,0.02123133898,0.03539154846
0.635,0.0001702478,0.002932204885,0.0101619972,0.0212341443,0.03539502866
0.636,0.0001704173172,0.002933313802,0.01016404424,0.02123694973,0.03539850662
0.637,0.0001705869691,0.002934422945,0.01016609147,0.02123975528,0.03540198242
0.638,0.0001707567556,0.002935532313,0.01016813888,0.02124256094,0.03540545614
0.639,0.0001709266769,0.002936641906,0.01017018648,0.02124536673,0.03540892787
0.64,0.000171096733,0.002937751724,0.01017223426,0.02124817263,0.03541239768
0.641,0.0001712669239,0.002938861767,0.01017428222,0.02125097865,0.03541586565
0.642,0.0001714372498,0.002939972035,0.01017633038,0.0212537848,0.03541933185
0.643,0.0001716077107,0.002941082528,0.01017837872,0.02125659106,0.03542279634
0.644,0.0001717783067,0.002942193246,0.01018042724,0.02125939746,0.0354262592
0.645,0.0001719490378,0.002943304189,0.01018247595,0.02126220397,0.03542972048
0.646,0.000172119904,0.002944415357,0.01018452485,0.02126501061,0.03543318026
0.647,0.0001722909055,0.00294552675,0.01018657393,0.02126781738,0.03543663858
0.648,0.0001724620424,0.002946638368,0.0101886232,0.02127062428,0.03544009551
0.649,0.0001726333146,0.002947750212,0.01019067266,0.0212734313,0.0354435511
0.65,0.0001728047222,0.00294886228,0.0101927223,0.02127623845,0.03544700541
0.651,0.0001729762653,0.002949974573,0.01019477212,0.02127904573,0.03545045849
0.652,0.000173147944,0.002951087091,0.01019682213,0.02128185315,0.03545391038
0.653,0.0001733197583,0.002952199834,0.01019887233,0.02128466069,0.03545736114
0.654,0.0001734917084,0.002953312803,0.01020092272,0.02128746836,0.03546081081
0.655,0.0001736637941,0.002954425996,0.01020297328,0.02129027617,0.03546425943
0.656,0.0001738360157,0.002955539414,0.01020502404,0.02129308411,0.03546770705
0.657,0.0001740083731,0.002956653057,0.01020707498,0.02129589218,0.03547115371
0.658,0.0001741808665,0.002957766925,0.01020912611,0.02129870039,0.03547459945
0.659,0.0001743534959,0.002958881018,0.01021117742,0.02130150873,0.0354780443
0.66,0.0001745262614,0.002959995336,0.01021322892,0.02130431721,0.03548148831
0.661,0.0001746991629,0.002961109879,0.0102152806,0.02130712582,0.03548493151
0.662,0.0001748722007,0.002962224647,0.01021733247,0.02130993457,0.03548837393
0.663,0.0001750453747,0.002963339639,0.01021938452,0.02131274346,0.03549181561
0.664,0.000175218685,0.002964454857,0.01022143677,0.02131555248,0.03549525658
0.665,0.0001753921317,0.0029655703,0.01022348919,0.02131836164,0.03549869686
0.666,0.0001755657149,0.002966685967,0.01022554181,0.02132117094,0.0355021365
0.667,0.0001757394345,0.00296780186,0.0102275946,0.02132398038,0.03550557551
0.668,0.0001759132907,0.002968917977,0.01022964759,0.02132678995,0.03550901393
0.669,0.0001760872836,0.002970034319,0.01023170076,0.02132959967,0.03551245178
0.67,0.0001762614131,0.002971150886,0.01023375411,0.02133240952,0.03551588908
0.671,0.0001764356794,0.002972267678,0.01023580765,0.02133521951,0.03551932587
0.672,0.0001766100824,0.002973384695,0.01023786138,0.02133802965,0.03552276216
0.673,0.0001767846224,0.002974501937,0.01023991529,0.02134083992,0.03552619797
0.674,0.0001769592993,0.002975619404,0.01024196939,0.02134365034,0.03552963334
0.675,0.0001771341132,0.002976737095,0.01024402368,0.02134646089,0.03553306828
0.676,0.0001773090642,0.002977855012,0.01024607815,0.02134927159,0.0355365028
0.677,0.0001774841522,0.002978973153,0.0102481328,0.02135208243,0.03553993694
0.678,0.0001776593775,0.002980091519,0.01025018764,0.02135489341,0.0355433707
0.679,0.00017783474,0.00298121011,0.01025224267,0.02135770453,0.03554680412
0.68,0.0001780102399,0.002982328926,0.01025429788,0.0213605158,0.0355502372
0.681,0.0001781858771,0.002983447966,0.01025635328,0.02136332721,0.03555366995
0.682,0.0001783616517,0.002984567232,0.01025840886,0.02136613876,0.03555710241
0.683,0.0001785375638,0.002985686722,0.01026046463,0.02136895045,0.03556053458
0.684,0.0001787136135,0.002986806437,0.01026252059,0.02137176229,0.03556396648
0.685,0.0001788898009,0.002987926377,0.01026457673,0.02137457427,0.03556739812
0.686,0.0001790661259,0.002989046542,0.01026663306,0.0213773864,0.03557082952
0.687,0.0001792425886,0.002990166931,0.01026868957,0.02138019866,0.03557426069
0.688,0.0001794191892,0.002991287545,0.01027074626,0.02138301108,0.03557769164
0.689,0.0001795959276,0.002992408384,0.01027280315,0.02138582363,0.03558112239
0.69,0.000179772804,0.002993529448,0.01027486022,0.02138863633,0.03558455294
0.691,0.0001799498183,0.002994650737,0.01027691747,0.02139144918,0.03558798332
0.692,0.0001801269708,0.00299577225,0.01027897491,0.02139426217,0.03559141352
0.693,0.0001803042613,0.002996893988,0.01028103254,0.0213970753,0.03559484357
0.694,0.00018048169,0.002998015951,0.01028309035,0.02139988858,0.03559827347
0.695,0.000180659257,0.002999138139,0.01028514834,0.02140270201,0.03560170323
0.696,0.0001808369623,0.003000260552,0.01028720653,0.02140551558,0.03560513286
0.697,0.0001810148059,0.003001383189,0.01028926489,0.0214083293,0.03560856237
0.698,0.000181192788,0.003002506051,0.01029132345,0.02141114316,0.03561199177
0.699,0.0001813709085,0.003003629137,0.01029338219,0.02141395716,0.03561542107
0.7,0.0001815491676,0.003004752449,0.01029544111,0.02141677132,0.03561885027
0.701,0.0001817275654,0.003005875985,0.01029750022,0.02141958562,0.03562227939
0.702,0.0001819061018,0.003006999745,0.01029955952,0.02142240006,0.03562570843
0.703,0.0001820847769,0.003008123731,0.010301619,0.02142521465,0.0356291374
0.704,0.0001822635909,0.003009247941,0.01030367866,0.02142802939,0.03563256631
0.705,0.0001824425437,0.003010372376,0.01030573851,0.02143084427,0.03563599515
0.706,0.0001826216354,0.003011497036,0.01030779855,0.0214336593,0.03563942395
0.707,0.0001828008661,0.00301262192,0.01030985877,0.02143647447,0.03564285271
0.708,0.0001829802359,0.003013747029,0.01031191918,0.0214392898,0.03564628142
0.709,0.0001831597448,0.003014872362,0.01031397978,0.02144210526,0.03564971011
0.71,0.0001833393928,0.003015997921,0.01031604056,0.02144492088,0.03565313877
0.711,0.0001835191801,0.003017123704,0.01031810152,0.02144773664,0.0356565674
0.712,0.0001836991067,0.003018249711,0.01032016267,0.02145055255,0.03565999602
0.713,0.0001838791726,0.003019375944,0.01032222401,0.02145336861,0.03566342464
0.714,0.000184059378,0.003020502401,0.01032428553,0.02145618481,0.03566685324
0.715,0.0001842397229,0.003021629082,0.01032634723,0.02145900116,0.03567028184
0.716,0.0001844202072,0.003022755988,0.01032840912,0.02146181765,0.03567371045
0.717,0.0001846008312,0.003023883119,0.0103304712,0.0214646343,0.03567713907
0.718,0.0001847815949,0.003025010475,0.01033253346,0.02146745109,0.03568056769
0.719,0.0001849624983,0.003026138055,0.01033459591,0.02147026802,0.03568399634
0.72,0.0001851435414,0.003027265859,0.01033665854,0.02147308511,0.035687425
0.721,0.0001853247245,0.003028393889,0.01033872136,0.02147590234,0.03569085369
0.722,0.0001855060474,0.003029522142,0.01034078437,0.02147871972,0.0356942824
0.723,0.0001856875103,0.003030650621,0.01034284756,0.02148153725,0.03569771115
0.724,0.0001858691133,0.003031779324,0.01034491093,0.02148435492,0.03570113993
0.725,0.0001860508563,0.003032908252,0.01034697449,0.02148717274,0.03570456874
0.726,0.0001862327395,0.003034037404,0.01034903823,0.02148999071,0.0357079976
0.727,0.000186414763,0.00303516678,0.01035110216,0.02149280883,0.0357114265
0.728,0.0001865969267,0.003036296382,0.01035316628,0.02149562709,0.03571485545
0.729,0.0001867792307,0.003037426208,0.01035523058,0.0214984455,0.03571828444
0.73,0.0001869616752,0.003038556258,0.01035729507,0.02150126406,0.03572171349
0.731,0.0001871442601,0.003039686533,0.01035935974,0.02150408277,0.03572514259
0.732,0.0001873269856,0.003040817033,0.0103614246,0.02150690162,0.03572857175
0.733,0.0001875098516,0.003041947757,0.01036348964,0.02150972063,0.03573200096
0.734,0.0001876928583,0.003043078705,0.01036555486,0.02151253978,0.03573543024
0.735,0.0001878760057,0.003044209879,0.01036762028,0.02151535907,0.03573885959
0.736,0.0001880592939,0.003045341276,0.01036968587,0.02151817852,0.03574228899
0.737,0.0001882427229,0.003046472898,0.01037175166,0.02152099811,0.03574571847
0.738,0.0001884262928,0.003047604745,0.01037381763,0.02152381785,0.03574914801
0.739,0.0001886100037,0.003048736816,0.01037588378,0.02152663774,0.03575257763
0.74,0.0001887938556,0.003049869112,0.01037795012,0.02152945778,0.03575600732
0.741,0.0001889778486,0.003051001632,0.01038001664,0.02153227796,0.03575943709
0.742,0.0001891619827,0.003052134377,0.01038208335,0.02153509829,0.03576286693
0.743,0.000189346258,0.003053267346,0.01038415024,0.02153791878,0.03576629685
0.744,0.0001895306746,0.003054400539,0.01038621732,0.0215407394,0.03576972685
0.745,0.0001897152325,0.003055533957,0.01038828459,0.02154356018,0.03577315693
0.746,0.0001898999318,0.0030566676,0.01039035204,0.0215463811,0.0357765871
0.747,0.0001900847725,0.003057801467,0.01039241967,0.02154920218,0.03578001735
0.748,0.0001902697548,0.003058935558,0.01039448749,0.0215520234,0.03578344768
0.749,0.0001904548786,0.003060069874,0.01039655549,0.02155484476,0.0357868781
0.75,0.000190640144,0.003061204414,0.01039862368,0.02155766628,0.03579030862
0.751,0.0001908255512,0.003062339179,0.01040069206,0.02156048794,0.03579373922
0.752,0.0001910111001,0.003063474168,0.01040276062,0.02156330975,0.03579716991
0.753,0.0001911967908,0.003064609382,0.01040482936,0.02156613171,0.03580060069
0.754,0.0001913826234,0.00306574482,0.01040689829,0.02156895382,0.03580403157
0.755,0.0001915685979,0.003066880482,0.01040896741,0.02157177608,0.03580746254
0.756,0.0001917547144,0.003068016369,0.01041103671,0.02157459848,0.0358108936
0.757,0.000191940973,0.00306915248,0.01041310619,0.02157742103,0.03581432476
0.758,0.0001921273737,0.003070288816,0.01041517586,0.02158024374,0.03581775602
0.759,0.0001923139166,0.003071425376,0.01041724572,0.02158306658,0.03582118737
0.76,0.0001925006017,0.00307256216,0.01041931576,0.02158588958,0.03582461883
0.761,0.0001926874292,0.003073699169,0.01042138598,0.02158871272,0.03582805038
0.762,0.000192874399,0.003074836402,0.01042345639,0.02159153602,0.03583148203
0.763,0.0001930615112,0.003075973859,0.01042552699,0.02159435946,0.03583491379
0.764,0.0001932487659,0.003077111541,0.01042759777,0.02159718305,0.03583834564
0.765,0.0001934361632,0.003078249447,0.01042966873,0.02160000678,0.0358417776
0.766,0.000193623703,0.003079387578,0.01043173988,0.02160283067,0.03584520966
0.767,0.0001938113855,0.003080525932,0.01043381122,0.0216056547,0.03584864182
0.768,0.0001939992108,0.003081664512,0.01043588274,0.02160847888,0.03585207409
0.769,0.0001941871789,0.003082803315,0.01043795444,0.02161130321,0.03585550647
0.77,0.0001943752898,0.003083942343,0.01044002633,0.02161412769,0.03585893895
0.771,0.0001945635436,0.003085081595,0.01044209841,0.02161695231,0.03586237153
0.772,0.0001947519404,0.003086221071,0.01044417067,0.02161977708,0.03586580422
0.773,0.0001949404802,0.003087360772,0.01044624311,0.02162260201,0.03586923702
0.774,0.0001951291631,0.003088500697,0.01044831574,0.02162542708,0.03587266993
0.775,0.0001953179892,0.003089640846,0.01045038856,0.02162825229,0.03587610294
0.776,0.0001955069585,0.00309078122,0.01045246155,0.02163107766,0.03587953607
0.777,0.000195696071,0.003091921818,0.01045453474,0.02163390317,0.0358829693
0.778,0.0001958853269,0.00309306264,0.01045660811,0.02163672883,0.03588640264
0.779,0.0001960747262,0.003094203686,0.01045868166,0.02163955464,0.03588983609
0.78,0.000196264269,0.003095344957,0.0104607554,0.0216423806,0.03589326966
0.781,0.0001964539553,0.003096486452,0.01046282932,0.02164520671,0.03589670333
0.782,0.0001966437851,0.003097628171,0.01046490343,0.02164803296,0.03590013711
0.783,0.0001968337586,0.003098770114,0.01046697772,0.02165085937,0.03590357101
0.784,0.0001970238758,0.003099912282,0.0104690522,0.02165368592,0.03590700501
0.785,0.0001972141368,0.003101054674,0.01047112686,0.02165651261,0.03591043913
0.786,0.0001974045415,0.00310219729,0.01047320171,0.02165933946,0.03591387337
0.787,0.0001975950902,0.00310334013,0.01047527674,0.02166216646,0.03591730771
0.788,0.0001977857828,0.003104483194,0.01047735196,0.0216649936,0.03592074217
0.789,0.0001979766194,0.003105626483,0.01047942736,0.02166782089,0.03592417674
0.79,0.0001981676001,0.003106769996,0.01048150295,0.02167064833,0.03592761142
0.791,0.0001983587249,0.003107913733,0.01048357872,0.02167347592,0.03593104622
0.792,0.0001985499939,0.003109057694,0.01048565467,0.02167630365,0.03593448113
0.793,0.0001987414071,0.00311020188,0.01048773081,0.02167913153,0.03593791615
0.794,0.0001989329646,0.003111346289,0.01048980714,0.02168195956,0.03594135129
0.795,0.0001991246665,0.003112490923,0.01049188365,0.02168478774,0.03594478655
0.796,0.0001993165129,0.003113635781,0.01049396034,0.02168761607,0.03594822192
0.797,0.0001995085037,0.003114780863,0.01049603722,0.02169044455,0.0359516574
0.798,0.000199700639,0.00311592617,0.01049811429,0.02169327317,0.03595509301
0.799,0.000199892919,0.0031170717,0.01050019153,0.02169610194,0.03595852872
0.8,0.0002000853436,0.003118217455,0.01050226897,0.02169893086,0.03596196455
0.801,0.000200277913,0.003119363433,0.01050434659,0.02170175993,0.0359654005
0.802,0.0002004706271,0.003120509636,0.01050642439,0.02170458914,0.03596883656
0.803,0.0002006634861,0.003121656063,0.01050850237,0.02170741851,0.03597227274
0.804,0.00020085649,0.003122802714,0.01051058055,0.02171024802,0.03597570904
0.805,0.0002010496389,0.003123949589,0.0105126589,0.02171307768,0.03597914545
0.806,0.0002012429328,0.003125096689,0.01051473744,0.02171590749,0.03598258198
0.807,0.0002014363718,0.003126244012,0.01051681617,0.02171873744,0.03598601863
0.808,0.000201629956,0.003127391559,0.01051889508,0.02172156754,0.03598945539
0.809,0.0002018236853,0.003128539331,0.01052097417,0.0217243978,0.03599289227
0.81,0.0002020175599,0.003129687326,0.01052305345,0.0217272282,0.03599632927
0.811,0.0002022115799,0.003130835546,0.01052513291,0.02173005874,0.03599976639
0.812,0.0002024057452,0.00313198399,0.01052721256,0.02173288944,0.03600320362
0.813,0.000202600056,0.003133132658,0.0105292924,0.02173572028,0.03600664097
0.814,0.0002027945123,0.00313428155,0.01053137241,0.02173855127,0.03601007844
0.815,0.0002029891142,0.003135430666,0.01053345261,0.02174138241,0.03601351602
0.816,0.0002031838617,0.003136580005,0.010535533,0.0217442137,0.03601695373
0.817,0.0002033787549,0.003137729569,0.01053761357,0.02174704514,0.03602039155
0.818,0.0002035737938,0.003138879357,0.01053969433,0.02174987672,0.03602382949
0.819,0.0002037689786,0.00314002937,0.01054177527,0.02175270845,0.03602726755
0.82,0.0002039643092,0.003141179606,0.01054385639,0.02175554033,0.03603070572
0.821,0.0002041597857,0.003142330066,0.0105459377,0.02175837236,0.03603414402
0.822,0.0002043554083,0.00314348075,0.01054801919,0.02176120453,0.03603758243
0.823,0.0002045511769,0.003144631658,0.01055010087,0.02176403685,0.03604102096
0.824,0.0002047470916,0.00314578279,0.01055218273,0.02176686932,0.03604445961
0.825,0.0002049431524,0.003146934146,0.01055426478,0.02176970194,0.03604789838
0.826,0.0002051393595,0.003148085726,0.01055634701,0.02177253471,0.03605133727
0.827,0.0002053357129,0.00314923753,0.01055842942,0.02177536762,0.03605477627
0.828,0.0002055322126,0.003150389558,0.01056051202,0.02177820069,0.0360582154
0.829,0.0002057288588,0.00315154181,0.01056259481,0.0217810339,0.03606165464
0.83,0.0002059256514,0.003152694286,0.01056467777,0.02178386725,0.036065094
0.831,0.0002061225905,0.003153846986,0.01056676093,0.02178670076,0.03606853348
0.832,0.0002063196762,0.00315499991,0.01056884426,0.02178953441,0.03607197309
0.833,0.0002065169086,0.003156153057,0.01057092779,0.02179236822,0.03607541281
0.834,0.0002067142877,0.003157306429,0.01057301149,0.02179520217,0.03607885264
0.835,0.0002069118135,0.003158460025,0.01057509538,0.02179803626,0.0360822926
0.836,0.0002071094862,0.003159613844,0.01057717946,0.02180087051,0.03608573268
0.837,0.0002073073058,0.003160767888,0.01057926371,0.0218037049,0.03608917288
0.838,0.0002075052723,0.003161922155,0.01058134816,0.02180653944,0.03609261319
0.839,0.0002077033858,0.003163076646,0.01058343278,0.02180937413,0.03609605363
0.84,0.0002079016463,0.003164231361,0.0105855176,0.02181220897,0.03609949418
0.841,0.000208100054,0.0031653863,0.01058760259,0.02181504395,0.03610293485
0.842,0.0002082986089,0.003166541463,0.01058968777,0.02181787908,0.03610637565
0.843,0.000208497311,0.00316769685,0.01059177314,0.02182071436,0.03610981656
0.844,0.0002086961604,0.003168852461,0.01059385868,0.02182354979,0.03611325759
0.845,0.0002088951572,0.003170008295,0.01059594442,0.02182638537,0.03611669874
0.846,0.0002090943014,0.003171164354,0.01059803033,0.02182922109,0.03612014002
0.847,0.0002092935931,0.003172320636,0.01060011644,0.02183205696,0.03612358141
0.848,0.0002094930323,0.003173477142,0.01060220272,0.02183489298,0.03612702292
0.849,0.0002096926191,0.003174633872,0.01060428919,0.02183772915,0.03613046455
0.85,0.0002098923536,0.003175790826,0.01060637584,0.02184056546,0.0361339063
0.851,0.0002100922358,0.003176948003,0.01060846268,0.02184340192,0.03613734817
0.852,0.0002102922658,0.003178105404,0.0106105497,0.02184623853,0.03614079016
0.853,0.0002104924436,0.00317926303,0.01061263691,0.02184907529,0.03614423227
0.854,0.0002106927693,0.003180420879,0.0106147243,0.0218519122,0.03614767449
0.855,0.000210893243,0.003181578952,0.01061681188,0.02185474925,0.03615111684
0.856,0.0002110938647,0.003182737248,0.01061889964,0.02185758645,0.03615455931
0.857,0.0002112946344,0.003183895769,0.01062098758,0.0218604238,0.0361580019
0.858,0.0002114955523,0.003185054513,0.01062307571,0.02186326129,0.03616144461
0.859,0.0002116966184,0.003186213481,0.01062516402,0.02186609894,0.03616488743
0.86,0.0002118978327,0.003187372673,0.01062725251,0.02186893673,0.03616833038
0.861,0.0002120991954,0.003188532088,0.01062934119,0.02187177467,0.03617177345
0.862,0.0002123007064,0.003189691727,0.01063143005,0.02187461275,0.03617521664
0.863,0.0002125023658,0.00319085159,0.0106335191,0.02187745099,0.03617865994
0.864,0.0002127041737,0.003192011677,0.01063560833,0.02188028937,0.03618210337
0.865,0.0002129061302,0.003193171988,0.01063769775,0.0218831279,0.03618554692
0.866,0.0002131082353,0.003194332522,0.01063978735,0.02188596658,0.03618899059
0.867,0.000213310489,0.00319549328,0.01064187713,0.0218888054,0.03619243437
0.868,0.0002135128915,0.003196654262,0.0106439671,0.02189164437,0.03619587828
0.869,0.0002137154427,0.003197815467,0.01064605725,0.02189448349,0.03619932231
0.87,0.0002139181428,0.003198976896,0.01064814759,0.02189732276,0.03620276645
0.871,0.0002141209918,0.003200138549,0.01065023811,0.02190016218,0.03620621072
0.872,0.0002143239898,0.003201300425,0.01065232881,0.02190300174,0.03620965511
0.873,0.0002145271368,0.003202462526,0.0106544197,0.02190584145,0.03621309961
0.874,0.0002147304328,0.00320362485,0.01065651077,0.02190868131,0.03621654424
0.875,0.000214933878,0.003204787397,0.01065860203,0.02191152132,0.03621998899
0.876,0.0002151374724,0.003205950168,0.01066069347,0.02191436147,0.03622343385
0.877,0.000215341216,0.003207113163,0.01066278509,0.02191720177,0.03622687884
0.878,0.000215545109,0.003208276382,0.0106648769,0.02192004222,0.03623032395
0.879,0.0002157491513,0.003209439824,0.01066696889,0.02192288281,0.03623376917
0.88,0.000215953343,0.00321060349,0.01066906107,0.02192572356,0.03623721452
0.881,0.0002161576843,0.003211767379,0.01067115343,0.02192856445,0.03624065999
0.882,0.0002163621751,0.003212931493,0.01067324597,0.02193140549,0.03624410557
0.883,0.0002165668155,0.003214095829,0.0106753387,0.02193424667,0.03624755128
0.884,0.0002167716055,0.00321526039,0.01067743161,0.02193708801,0.03625099711
0.885,0.0002169765453,0.003216425174,0.0106795247,0.02193992949,0.03625444305
0.886,0.0002171816349,0.003217590181,0.01068161798,0.02194277112,0.03625788912
0.887,0.0002173868743,0.003218755413,0.01068371144,0.02194561289,0.03626133531
0.888,0.0002175922636,0.003219920867,0.01068580509,0.02194845482,0.03626478161
0.889,0.0002177978029,0.003221086546,0.01068789892,0.02195129689,0.03626822804
0.89,0.0002180034922,0.003222252448,0.01068999294,0.02195413911,0.03627167459
0.891,0.0002182093315,0.003223418573,0.01069208713,0.02195698147,0.03627512125
0.892,0.000218415321,0.003224584923,0.01069418152,0.02195982399,0.03627856804
0.893,0.0002186214607,0.003225751495,0.01069627608,0.02196266665,0.03628201495
0.894,0.0002188277507,0.003226918292,0.01069837083,0.02196550945,0.03628546198
0.895,0.0002190341909,0.003228085311,0.01070046576,0.02196835241,0.03628890912
0.896,0.0002192407816,0.003229252555,0.01070256088,0.02197119551,0.03629235639
0.897,0.0002194475226,0.003230420022,0.01070465618,0.02197403876,0.03629580378
0.898,0.0002196544141,0.003231587712,0.01070675167,0.02197688216,0.03629925129
0.899,0.0002198614562,0.003232755626,0.01070884734,0.02197972571,0.03630269891
0.9,0.0002200686489,0.003233923764,0.01071094319,0.0219825694,0.03630614666
0.901,0.0002202759923,0.003235092125,0.01071303922,0.02198541324,0.03630959453
0.902,0.0002204834863,0.003236260709,0.01071513544,0.02198825723,0.03631304252
0.903,0.0002206911312,0.003237429517,0.01071723185,0.02199110136,0.03631649062
0.904,0.0002208989268,0.003238598549,0.01071932843,0.02199394565,0.03631993885
0.905,0.0002211068734,0.003239767804,0.0107214252,0.02199679008,0.0363233872
0.906,0.0002213149709,0.003240937282,0.01072352216,0.02199963465,0.03632683567
0.907,0.0002215232194,0.003242106984,0.0107256193,0.02200247938,0.03633028425
0.908,0.000221731619,0.00324327691,0.01072771662,0.02200532425,0.03633373296
0.909,0.0002219401698,0.003244447058,0.01072981412,0.02200816927,0.03633718179
0.91,0.0002221488717,0.003245617431,0.01073191181,0.02201101444,0.03634063074
0.911,0.0002223577248,0.003246788027,0.01073400969,0.02201385975,0.0363440798
0.912,0.0002225667293,0.003247958846,0.01073610774,0.02201670521,0.03634752899
0.913,0.0002227758851,0.003249129889,0.01073820598,0.02201955082,0.0363509783
0.914,0.0002229851923,0.003250301155,0.01074030441,0.02202239658,0.03635442773
0.915,0.0002231946511,0.003251472644,0.01074240301,0.02202524248,0.03635787728
0.916,0.0002234042613,0.003252644357,0.0107445018,0.02202808853,0.03636132694
0.917,0.0002236140231,0.003253816294,0.01074660078,0.02203093473,0.03636477673
0.918,0.0002238239366,0.003254988453,0.01074869994,0.02203378107,0.03636822664
0.919,0.0002240340018,0.003256160836,0.01075079928,0.02203662757,0.03637167667
0.92,0.0002242442188,0.003257333443,0.0107528988,0.02203947421,0.03637512682
0.921,0.0002244545875,0.003258506273,0.01075499851,0.02204232099,0.03637857708
0.922,0.0002246651082,0.003259679326,0.0107570984,0.02204516793,0.03638202747
0.923,0.0002248757808,0.003260852603,0.01075919848,0.02204801501,0.03638547798
0.924,0.0002250866054,0.003262026103,0.01076129874,0.02205086224,0.03638892861
0.925,0.0002252975821,0.003263199827,0.01076339918,0.02205370961,0.03639237935
0.926,0.0002255087108,0.003264373773,0.01076549981,0.02205655714,0.03639583022
0.927,0.0002257199918,0.003265547944,0.01076760062,0.02205940481,0.03639928121
0.928,0.0002259314249,0.003266722337,0.01076970161,0.02206225262,0.03640273232
0.929,0.0002261430104,0.003267896954,0.01077180279,0.02206510059,0.03640618355
0.93,0.0002263547482,0.003269071794,0.01077390415,0.0220679487,0.03640963489
0.931,0.0002265666384,0.003270246858,0.01077600569,0.02207079696,0.03641308636
0.932,0.0002267786811,0.003271422144,0.01077810742,0.02207364537,0.03641653795
0.933,0.0002269908762,0.003272597654,0.01078020933,0.02207649392,0.03641998966
0.934,0.000227203224,0.003273773388,0.01078231142,0.02207934262,0.03642344148
0.935,0.0002274157244,0.003274949345,0.0107844137,0.02208219147,0.03642689343
0.936,0.0002276283775,0.003276125525,0.01078651616,0.02208504046,0.0364303455
0.937,0.0002278411833,0.003277301928,0.01078861881,0.02208788961,0.03643379769
0.938,0.0002280541419,0.003278478554,0.01079072163,0.02209073889,0.03643724999
0.939,0.0002282672534,0.003279655404,0.01079282465,0.02209358833,0.03644070242
0.94,0.0002284805178,0.003280832477,0.01079492784,0.02209643791,0.03644415497
0.941,0.0002286939352,0.003282009774,0.01079703122,0.02209928765,0.03644760763
0.942,0.0002289075057,0.003283187293,0.01079913478,0.02210213752,0.03645106042
0.943,0.0002291212292,0.003284365036,0.01080123852,0.02210498755,0.03645451333
0.944,0.0002293351059,0.003285543002,0.01080334245,0.02210783772,0.03645796636
0.945,0.0002295491358,0.003286721192,0.01080544656,0.02211068804,0.0364614195
0.946,0.0002297633189,0.003287899604,0.01080755086,0.02211353851,0.03646487277
0.947,0.0002299776554,0.00328907824,0.01080965534,0.02211638912,0.03646832616
0.948,0.0002301921453,0.003290257099,0.01081176,0.02211923988,0.03647177966
0.949,0.0002304067886,0.003291436181,0.01081386484,0.02212209079,0.03647523329
0.95,0.0002306215853,0.003292615487,0.01081596987,0.02212494184,0.03647868703
0.951,0.0002308365357,0.003293795015,0.01081807508,0.02212779304,0.0364821409
0.952,0.0002310516396,0.003294974767,0.01082018048,0.02213064439,0.03648559489
0.953,0.0002312668973,0.003296154742,0.01082228605,0.02213349589,0.03648904899
0.954,0.0002314823086,0.00329733494,0.01082439181,0.02213634753,0.03649250322
0.955,0.0002316978737,0.003298515361,0.01082649776,0.02213919932,0.03649595756
0.956,0.0002319135927,0.003299696006,0.01082860389,0.02214205126,0.03649941203
0.957,0.0002321294656,0.003300876873,0.0108307102,0.02214490334,0.03650286661
0.958,0.0002323454924,0.003302057964,0.01083281669,0.02214775557,0.03650632132
0.959,0.0002325616732,0.003303239278,0.01083492337,0.02215060795,0.03650977614
0.96,0.0002327780081,0.003304420815,0.01083703023,0.02215346047,0.03651323109
0.961,0.0002329944972,0.003305602575,0.01083913727,0.02215631315,0.03651668615
0.962,0.0002332111404,0.003306784559,0.0108412445,0.02215916596,0.03652014134
0.963,0.0002334279378,0.003307966765,0.01084335191,0.02216201893,0.03652359664
0.964,0.0002336448896,0.003309149195,0.0108454595,0.02216487204,0.03652705206
0.965,0.0002338619957,0.003310331847,0.01084756728,0.0221677253,0.03653050761
0.966,0.0002340792562,0.003311514723,0.01084967524,0.02217057871,0.03653396327
0.967,0.0002342966712,0.003312697822,0.01085178338,0.02217343226,0.03653741906
0.968,0.0002345142407,0.003313881144,0.01085389171,0.02217628596,0.03654087496
0.969,0.0002347319647,0.003315064689,0.01085600021,0.02217913981,0.03654433098
0.97,0.0002349498435,0.003316248457,0.01085810891,0.0221819938,0.03654778712
0.971,0.0002351678769,0.003317432448,0.01086021778,0.02218484795,0.03655124339
0.972,0.000235386065,0.003318616662,0.01086232684,0.02218770223,0.03655469977
0.973,0.000235604408,0.003319801099,0.01086443608,0.02219055667,0.03655815627
0.974,0.0002358229059,0.003320985759,0.01086654551,0.02219341125,0.03656161289
0.975,0.0002360415586,0.003322170643,0.01086865511,0.02219626598,0.03656506964
0.976,0.0002362603664,0.003323355749,0.0108707649,0.02219912085,0.0365685265
0.977,0.0002364793292,0.003324541078,0.01087287488,0.02220197588,0.03657198348
0.978,0.000236698447,0.003325726631,0.01087498503,0.02220483105,0.03657544058
0.979,0.0002369177201,0.003326912406,0.01087709537,0.02220768636,0.0365788978
0.98,0.0002371371483,0.003328098405,0.0108792059,0.02221054183,0.03658235514
0.981,0.0002373567318,0.003329284626,0.0108813166,0.02221339744,0.0365858126
0.982,0.0002375764706,0.00333047107,0.01088342749,0.02221625319,0.03658927018
0.983,0.0002377963648,0.003331657738,0.01088553856,0.0222191091,0.03659272788
0.984,0.0002380164145,0.003332844628,0.01088764982,0.02222196515,0.0365961857
0.985,0.0002382366196,0.003334031741,0.01088976125,0.02222482134,0.03659964364
0.986,0.0002384569802,0.003335219078,0.01089187287,0.02222767769,0.0366031017
0.987,0.0002386774965,0.003336406637,0.01089398468,0.02223053418,0.03660655987
0.988,0.0002388981684,0.003337594419,0.01089609666,0.02223339082,0.03661001817
0.989,0.0002391189961,0.003338782424,0.01089820883,0.0222362476,0.03661347659
0.99,0.0002393399795,0.003339970652,0.01090032119,0.02223910453,0.03661693513
0.991,0.0002395611188,0.003341159103,0.01090243372,0.02224196161,0.03662039379
0.992,0.0002397824139,0.003342347777,0.01090454644,0.02224481884,0.03662385256
0.993,0.000240003865,0.003343536674,0.01090665934,0.02224767621,0.03662731146
0.994,0.0002402254721,0.003344725794,0.01090877242,0.02225053373,0.03663077047
0.995,0.0002404472352,0.003345915137,0.01091088569,0.02225339139,0.03663422961
0.996,0.0002406691544,0.003347104702,0.01091299914,0.0222562492,0.03663768887
0.997,0.0002408912298,0.003348294491,0.01091511277,0.02225910716,0.03664114824
0.998,0.0002411134615,0.003349484502,0.01091722659,0.02226196527,0.03664460774
0.999,0.0002413358494,0.003350674736,0.01091934059,0.02226482352,0.03664806735
1,0.0002415583937,0.003351865193,0.01092145477,0.02226768192,0.03665152708
1.001,0.0002417810943,0.003353055873,0.01092356913,0.02227054046,0.03665498694
1.002,0.0002420039514,0.003354246776,0.01092568368,0.02227339916,0.03665844691
1.003,0.000242226965,0.003355437902,0.01092779841,0.02227625799,0.036661907
1.004,0.0002424501352,0.003356629251,0.01092991332,0.02227911698,0.03666536722
1.005,0.0002426734619,0.003357820822,0.01093202842,0.02228197611,0.03666882755
1.006,0.0002428969454,0.003359012616,0.0109341437,0.02228483539,0.036672288
1.007,0.0002431205856,0.003360204633,0.01093625916,0.02228769482,0.03667574857
1.008,0.0002433443826,0.003361396873,0.0109383748,0.02229055439,0.03667920926
1.009,0.0002435683364,0.003362589336,0.01094049063,0.02229341411,0.03668267007
1.01,0.0002437924471,0.003363782021,0.01094260664,0.02229627397,0.036686131
1.011,0.0002440167148,0.00336497493,0.01094472283,0.02229913399,0.03668959205
1.012,0.0002442411395,0.003366168061,0.0109468392,0.02230199414,0.03669305322
1.013,0.0002444657212,0.003367361414,0.01094895576,0.02230485445,0.03669651451
1.014,0.0002446904601,0.003368554991,0.0109510725,0.0223077149,0.03669997592
1.015,0.0002449153561,0.003369748791,0.01095318942,0.0223105755,0.03670343745
1.016,0.0002451404094,0.003370942813,0.01095530653,0.02231343625,0.0367068991
1.017,0.00024536562,0.003372137058,0.01095742382,0.02231629714,0.03671036086
1.018,0.0002455909879,0.003373331525,0.01095954129,0.02231915818,0.03671382275
1.019,0.0002458165132,0.003374526216,0.01096165894,0.02232201936,0.03671728476
1.02,0.000246042196,0.003375721129,0.01096377678,0.02232488069,0.03672074688
1.021,0.0002462680363,0.003376916265,0.0109658948,0.02232774217,0.03672420913
1.022,0.0002464940342,0.003378111624,0.010968013,0.0223306038,0.03672767149
1.023,0.0002467201897,0.003379307205,0.01097013138,0.02233346557,0.03673113398
1.024,0.0002469465029,0.003380503009,0.01097224995,0.02233632749,0.03673459658
1.025,0.0002471729738,0.003381699036,0.0109743687,0.02233918955,0.03673805931
1.026,0.0002473996025,0.003382895285,0.01097648763,0.02234205176,0.03674152215
1.027,0.000247626389,0.003384091758,0.01097860675,0.02234491412,0.03674498511
1.028,0.0002478533335,0.003385288452,0.01098072604,0.02234777662,0.03674844819
1.029,0.0002480804359,0.00338648537,0.01098284552,0.02235063927,0.03675191139
1.03,0.0002483076963,0.00338768251,0.01098496518,0.02235350207,0.03675537472
1.031,0.0002485351149,0.003388879873,0.01098708503,0.02235636501,0.03675883816
1.032,0.0002487626915,0.003390077459,0.01098920506,0.0223592281,0.03676230172
1.033,0.0002489904263,0.003391275267,0.01099132527,0.02236209134,0.03676576539
1.034,0.0002492183194,0.003392473298,0.01099344566,0.02236495472,0.03676922919
1.035,0.0002494463707,0.003393671551,0.01099556624,0.02236781825,0.03677269311
1.036,0.0002496745804,0.003394870027,0.01099768699,0.02237068193,0.03677615715
1.037,0.0002499029485,0.003396068726,0.01099980793,0.02237354575,0.03677962131
1.038,0.0002501314751,0.003397267648,0.01100192906,0.02237640972,0.03678308558
1.039,0.0002503601602,0.003398466792,0.01100405036,0.02237927384,0.03678654998
1.04,0.0002505890038,0.003399666158,0.01100617185,0.0223821381,0.0367900145
1.041,0.0002508180061,0.003400865747,0.01100829352,0.02238500251,0.03679347913
1.042,0.000251047167,0.003402065559,0.01101041537,0.02238786706,0.03679694388
1.043,0.0002512764867,0.003403265594,0.01101253741,0.02239073176,0.03680040876
1.044,0.0002515059652,0.003404465851,0.01101465962,0.02239359661,0.03680387375
1.045,0.0002517356026,0.00340566633,0.01101678202,0.0223964616,0.03680733886
1.046,0.0002519653988,0.003406867032,0.01101890461,0.02239932674,0.0368108041
1.047,0.000252195354,0.003408067957,0.01102102737,0.02240219203,0.03681426945
1.048,0.0002524254682,0.003409269104,0.01102315032,0.02240505746,0.03681773492
1.049,0.0002526557415,0.003410470474,0.01102527345,0.02240792304,0.03682120051
1.05,0.0002528861739,0.003411672066,0.01102739676,0.02241078877,0.03682466622
1.051,0.0002531167655,0.003412873881,0.01102952026,0.02241365464,0.03682813205
1.052,0.0002533475163,0.003414075918,0.01103164393,0.02241652066,0.036831598
1.053,0.0002535784264,0.003415278178,0.01103376779,0.02241938682,0.03683506406
1.054,0.0002538094959,0.003416480661,0.01103589183,0.02242225313,0.03683853025
1.055,0.0002540407247,0.003417683365,0.01103801606,0.02242511959,0.03684199656
1.056,0.000254272113,0.003418886293,0.01104014046,0.0224279862,0.03684546298
1.057,0.0002545036608,0.003420089443,0.01104226505,0.02243085295,0.03684892953
1.058,0.0002547353682,0.003421292815,0.01104438982,0.02243371984,0.03685239619
1.059,0.0002549672352,0.00342249641,0.01104651478,0.02243658688,0.03685586298
1.06,0.0002551992619,0.003423700227,0.01104863991,0.02243945407,0.03685932988
1.061,0.0002554314483,0.003424904267,0.01105076523,0.02244232141,0.0368627969
1.062,0.0002556637945,0.003426108529,0.01105289073,0.02244518889,0.03686626404
1.063,0.0002558963005,0.003427313014,0.01105501641,0.02244805652,0.03686973131
1.064,0.0002561289664,0.003428517721,0.01105714228,0.02245092429,0.03687319869
1.065,0.0002563617923,0.003429722651,0.01105926832,0.02245379221,0.03687666619
1.066,0.0002565947782,0.003430927803,0.01106139455,0.02245666028,0.0368801338
1.067,0.0002568279241,0.003432133177,0.01106352097,0.02245952849,0.03688360154
1.068,0.0002570612302,0.003433338774,0.01106564756,0.02246239685,0.0368870694
1.069,0.0002572946964,0.003434544593,0.01106777433,0.02246526536,0.03689053738
1.07,0.0002575283228,0.003435750635,0.01106990129,0.02246813401,0.03689400547
1.071,0.0002577621095,0.003436956899,0.01107202843,0.02247100281,0.03689747369
1.072,0.0002579960566,0.003438163386,0.01107415576,0.02247387175,0.03690094202
1.073,0.000258230164,0.003439370094,0.01107628326,0.02247674084,0.03690441048
1.074,0.0002584644319,0.003440577026,0.01107841095,0.02247961008,0.03690787905
1.075,0.0002586988603,0.003441784179,0.01108053882,0.02248247946,0.03691134774
1.076,0.0002589334492,0.003442991555,0.01108266687,0.02248534899,0.03691481656
1.077,0.0002591681988,0.003444199153,0.0110847951,0.02248821867,0.03691828549
1.078,0.000259403109,0.003445406974,0.01108692352,0.02249108849,0.03692175454
1.079,0.0002596381799,0.003446615017,0.01108905212,0.02249395846,0.03692522371
1.08,0.0002598734115,0.003447823282,0.0110911809,0.02249682857,0.036928693
1.081,0.000260108804,0.00344903177,0.01109330986,0.02249969883,0.0369321624
1.082,0.0002603443574,0.00345024048,0.011095439,0.02250256924,0.03693563193
1.083,0.0002605800717,0.003451449412,0.01109756833,0.02250543979,0.03693910158
1.084,0.000260815947,0.003452658567,0.01109969784,0.02250831049,0.03694257134
1.085,0.0002610519834,0.003453867944,0.01110182753,0.02251118133,0.03694604123
1.086,0.0002612881808,0.003455077543,0.0111039574,0.02251405232,0.03694951123
1.087,0.0002615245394,0.003456287365,0.01110608745,0.02251692346,0.03695298136
1.088,0.0002617610592,0.003457497408,0.01110821769,0.02251979474,0.0369564516
1.089,0.0002619977403,0.003458707674,0.01111034811,0.02252266617,0.03695992196
1.09,0.0002622345826,0.003459918163,0.01111247871,0.02252553774,0.03696339244
1.091,0.0002624715864,0.003461128873,0.01111460949,0.02252840946,0.03696686304
1.092,0.0002627087515,0.003462339806,0.01111674046,0.02253128133,0.03697033376
1.093,0.0002629460782,0.003463550961,0.0111188716,0.02253415335,0.0369738046
1.094,0.0002631835663,0.003464762339,0.01112100293,0.0225370255,0.03697727556
1.095,0.0002634212161,0.003465973938,0.01112313444,0.02253989781,0.03698074663
1.096,0.0002636590275,0.00346718576,0.01112526614,0.02254277026,0.03698421783
1.097,0.0002638970006,0.003468397804,0.01112739801,0.02254564286,0.03698768914
1.098,0.0002641351354,0.00346961007,0.01112953007,0.0225485156,0.03699116058
1.099,0.000264373432,0.003470822559,0.01113166231,0.02255138849,0.03699463213
1.1,0.0002646118905,0.003472035269,0.01113379473,0.02255426153,0.0369981038
1.101,0.0002648505109,0.003473248202,0.01113592733,0.02255713471,0.03700157559
1.102,0.0002650892932,0.003474461357,0.01113806011,0.02256000804,0.03700504751
1.103,0.0002653282376,0.003475674734,0.01114019308,0.02256288151,0.03700851954
1.104,0.0002655673441,0.003476888334,0.01114232623,0.02256575513,0.03701199168
1.105,0.0002658066126,0.003478102155,0.01114445956,0.0225686289,0.03701546395
1.106,0.0002660460434,0.003479316199,0.01114659307,0.02257150281,0.03701893634
1.107,0.0002662856364,0.003480530465,0.01114872676,0.02257437686,0.03702240885
1.108,0.0002665253916,0.003481744952,0.01115086064,0.02257725107,0.03702588147
1.109,0.0002667653092,0.003482959663,0.0111529947,0.02258012542,0.03702935422
1.11,0.0002670053892,0.003484174595,0.01115512894,0.02258299991,0.03703282708
1.111,0.0002672456317,0.003485389749,0.01115726336,0.02258587455,0.03703630006
1.112,0.0002674860366,0.003486605126,0.01115939796,0.02258874934,0.03703977316
1.113,0.0002677266041,0.003487820724,0.01116153275,0.02259162428,0.03704324638
1.114,0.0002679673343,0.003489036545,0.01116366772,0.02259449935,0.03704671972
1.115,0.000268208227,0.003490252588,0.01116580286,0.02259737458,0.03705019318
1.116,0.0002684492825,0.003491468853,0.01116793819,0.02260024995,0.03705366676
1.117,0.0002686905008,0.003492685339,0.01117007371,0.02260312547,0.03705714046
1.118,0.0002689318819,0.003493902048,0.0111722094,0.02260600113,0.03706061427
1.119,0.0002691734259,0.00349511898,0.01117434528,0.02260887694,0.03706408821
1.12,0.0002694151328,0.003496336133,0.01117648134,0.02261175289,0.03706756226
1.121,0.0002696570027,0.003497553508,0.01117861757,0.02261462899,0.03707103643
1.122,0.0002698990356,0.003498771105,0.011180754,0.02261750524,0.03707451073
1.123,0.0002701412316,0.003499988924,0.0111828906,0.02262038163,0.03707798514
1.124,0.0002703835908,0.003501206966,0.01118502738,0.02262325817,0.03708145967
1.125,0.0002706261131,0.003502425229,0.01118716435,0.02262613486,0.03708493432
1.126,0.0002708687987,0.003503643715,0.0111893015,0.02262901169,0.03708840908
1.127,0.0002711116477,0.003504862422,0.01119143883,0.02263188866,0.03709188397
1.128,0.0002713546599,0.003506081351,0.01119357634,0.02263476578,0.03709535898
1.129,0.0002715978356,0.003507300503,0.01119571403,0.02263764305,0.0370988341
1.13,0.0002718411748,0.003508519876,0.01119785191,0.02264052046,0.03710230935
1.131,0.0002720846775,0.003509739471,0.01119998997,0.02264339802,0.03710578471
1.132,0.0002723283437,0.003510959289,0.0112021282,0.02264627573,0.03710926019
1.133,0.0002725721736,0.003512179328,0.01120426662,0.02264915358,0.03711273579
1.134,0.0002728161672,0.003513399589,0.01120640523,0.02265203157,0.03711621151
1.135,0.0002730603245,0.003514620073,0.01120854401,0.02265490972,0.03711968735
1.136,0.0002733046455,0.003515840778,0.01121068297,0.022657788,0.03712316331
1.137,0.0002735491304,0.003517061705,0.01121282212,0.02266066644,0.03712663939
1.138,0.0002737937792,0.003518282854,0.01121496145,0.02266354502,0.03713011558
1.139,0.000274038592,0.003519504225,0.01121710096,0.02266642374,0.0371335919
1.14,0.0002742835688,0.003520725818,0.01121924065,0.02266930261,0.03713706833
1.141,0.0002745287096,0.003521947633,0.01122138052,0.02267218163,0.03714054488
1.142,0.0002747740145,0.003523169669,0.01122352058,0.02267506079,0.03714402155
1.143,0.0002750194835,0.003524391928,0.01122566081,0.0226779401,0.03714749834
1.144,0.0002752651168,0.003525614409,0.01122780123,0.02268081956,0.03715097525
1.145,0.0002755109143,0.003526837111,0.01122994183,0.02268369916,0.03715445228
1.146,0.0002757568762,0.003528060035,0.01123208261,0.0226865789,0.03715792943
1.147,0.0002760030024,0.003529283181,0.01123422357,0.02268945879,0.03716140669
1.148,0.0002762492931,0.003530506549,0.01123636472,0.02269233883,0.03716488408
1.149,0.0002764957482,0.003531730139,0.01123850604,0.02269521901,0.03716836158
1.15,0.0002767423678,0.003532953951,0.01124064755,0.02269809934,0.0371718392
1.151,0.0002769891521,0.003534177985,0.01124278924,0.02270097981,0.03717531695
1.152,0.0002772361009,0.00353540224,0.01124493111,0.02270386043,0.03717879481
1.153,0.0002774832145,0.003536626717,0.01124707316,0.0227067412,0.03718227278
1.154,0.0002777304928,0.003537851416,0.01124921539,0.02270962211,0.03718575088
1.155,0.0002779779359,0.003539076337,0.0112513578,0.02271250317,0.0371892291
1.156,0.0002782255438,0.00354030148,0.0112535004,0.02271538437,0.03719270744
1.157,0.0002784733167,0.003541526845,0.01125564318,0.02271826572,0.03719618589
1.158,0.0002787212544,0.003542752431,0.01125778614,0.02272114721,0.03719966446
1.159,0.0002789693572,0.003543978239,0.01125992928,0.02272402885,0.03720314316
1.16,0.0002792176251,0.003545204269,0.0112620726,0.02272691063,0.03720662197
1.161,0.000279466058,0.003546430521,0.0112642161,0.02272979256,0.0372101009
1.162,0.0002797146561,0.003547656994,0.01126635978,0.02273267464,0.03721357994
1.163,0.0002799634195,0.003548883689,0.01126850365,0.02273555686,0.03721705911
1.164,0.000280212348,0.003550110606,0.0112706477,0.02273843923,0.0372205384
1.165,0.000280461442,0.003551337745,0.01127279193,0.02274132174,0.0372240178
1.166,0.0002807107012,0.003552565105,0.01127493633,0.0227442044,0.03722749733
1.167,0.000280960126,0.003553792687,0.01127708093,0.0227470872,0.03723097697
1.168,0.0002812097161,0.003555020491,0.0112792257,0.02274997015,0.03723445673
1.169,0.0002814594718,0.003556248517,0.01128137065,0.02275285325,0.03723793661
1.17,0.0002817093931,0.003557476764,0.01128351579,0.02275573649,0.03724141661
1.171,0.0002819594801,0.003558705233,0.0112856611,0.02275861987,0.03724489673
1.172,0.0002822097327,0.003559933924,0.0112878066,0.02276150341,0.03724837697
1.173,0.000282460151,0.003561162836,0.01128995228,0.02276438708,0.03725185732
1.174,0.0002827107352,0.00356239197,0.01129209814,0.02276727091,0.03725533779
1.175,0.0002829614852,0.003563621326,0.01129424418,0.02277015487,0.03725881839
1.176,0.0002832124011,0.003564850904,0.0112963904,0.02277303899,0.0372622991
1.177,0.0002834634829,0.003566080703,0.01129853681,0.02277592325,0.03726577993
1.178,0.0002837147307,0.003567310724,0.01130068339,0.02277880765,0.03726926088
1.179,0.0002839661446,0.003568540966,0.01130283016,0.0227816922,0.03727274195
1.18,0.0002842177246,0.00356977143,0.01130497711,0.0227845769,0.03727622313
1.181,0.0002844694707,0.003571002116,0.01130712424,0.02278746174,0.03727970444
1.182,0.0002847213831,0.003572233023,0.01130927155,0.02279034672,0.03728318586
1.183,0.0002849734617,0.003573464152,0.01131141904,0.02279323186,0.0372866674
1.184,0.0002852257066,0.003574695502,0.01131356671,0.02279611713,0.03729014907
1.185,0.0002854781179,0.003575927075,0.01131571457,0.02279900256,0.03729363085
1.186,0.0002857306956,0.003577158868,0.0113178626,0.02280188812,0.03729711274
1.187,0.0002859834398,0.003578390884,0.01132001082,0.02280477384,0.03730059476
1.188,0.0002862363505,0.003579623121,0.01132215921,0.0228076597,0.0373040769
1.189,0.0002864894278,0.003580855579,0.01132430779,0.0228105457,0.03730755915
1.19,0.0002867426717,0.003582088259,0.01132645655,0.02281343185,0.03731104153
1.191,0.0002869960823,0.003583321161,0.01132860549,0.02281631815,0.03731452402
1.192,0.0002872496596,0.003584554284,0.01133075462,0.02281920459,0.03731800663
1.193,0.0002875034036,0.003585787629,0.01133290392,0.02282209117,0.03732148936
1.194,0.0002877573146,0.003587021195,0.0113350534,0.02282497791,0.03732497221
1.195,0.0002880113924,0.003588254983,0.01133720307,0.02282786478,0.03732845517
1.196,0.0002882656371,0.003589488992,0.01133935291,0.02283075181,0.03733193826
1.197,0.0002885200488,0.003590723223,0.01134150294,0.02283363897,0.03733542146
1.198,0.0002887746276,0.003591957675,0.01134365315,0.02283652629,0.03733890479
1.199,0.0002890293734,0.003593192349,0.01134580354,0.02283941374,0.03734238823
1.2,0.0002892842864,0.003594427245,0.01134795411,0.02284230135,0.03734587179
