VGB_V,gm_VDS=0.05,gm_VDS=0.6,gm_VDS=1.2,gm2_VDS=0.05,gm2_VDS=0.6,gm2_VDS=1.2,gm3_VDS=0.05,gm3_VDS=0.6,gm3_VDS=1.2
0,1.730403481e-08,4.197039569e-08,9.303953303e-08,5.20977463e-07,1.263610469e-06,2.801133928e-06,1.568515282e-05,3.80434788e-05,8.433217131e-05
0.001,1.783293415e-08,4.325322024e-08,9.588325939e-08,5.369011199e-07,1.302232418e-06,2.886748368e-06,1.616456503e-05,3.920625135e-05,8.690963267e-05
0.002,1.837799927e-08,4.4575254e-08,9.881390195e-08,5.533114787e-07,1.342034821e-06,2.974979457e-06,1.665863009e-05,4.040456213e-05,8.956586416e-05
0.003,1.893972429e-08,4.593769538e-08,1.018341172e-07,5.702234151e-07,1.383053754e-06,3.065907163e-06,1.716779584e-05,4.163949727e-05,9.230327277e-05
0.004,1.95186184e-08,4.73417794e-08,1.049466426e-07,5.876522593e-07,1.4253264e-06,3.159613897e-06,1.769252379e-05,4.291217606e-05,9.512433902e-05
0.005,2.011520637e-08,4.878877884e-08,1.081542996e-07,6.056138102e-07,1.468891076e-06,3.256184588e-06,1.82332896e-05,4.422375197e-05,9.803161912e-05
0.006,2.073002901e-08,5.028000538e-08,1.114599956e-07,6.241243494e-07,1.51378727e-06,3.35570676e-06,1.87905834e-05,4.557541377e-05,0.0001010277475
0.007,2.136364366e-08,5.181681077e-08,1.14866727e-07,6.432006563e-07,1.560055678e-06,3.458270612e-06,1.936491035e-05,4.69683865e-05,0.000104115439
0.008,2.201662467e-08,5.34005881e-08,1.183775816e-07,6.62860023e-07,1.607738238e-06,3.5639691e-06,1.995679103e-05,4.840393267e-05,0.0001072974913
0.009,2.268956399e-08,5.503277302e-08,1.219957419e-07,6.831202702e-07,1.656878172e-06,3.672898019e-06,2.056676193e-05,4.988335335e-05,0.0001105767878
0.01,2.338307162e-08,5.671484507e-08,1.257244874e-07,7.03999763e-07,1.707520021e-06,3.785156091e-06,2.119537594e-05,5.140798938e-05,0.0001139562996
0.011,2.409777623e-08,5.844832899e-08,1.295671977e-07,7.255174282e-07,1.759709688e-06,3.900845054e-06,2.184320282e-05,5.297922255e-05,0.0001174390888
0.012,2.48343257e-08,6.023479614e-08,1.33527356e-07,7.476927706e-07,1.813494478e-06,4.020069756e-06,2.25108298e-05,5.459847689e-05,0.000121028311
0.013,2.559338769e-08,6.207586589e-08,1.376085518e-07,7.705458915e-07,1.868923142e-06,4.142938248e-06,2.319886199e-05,5.626721993e-05,0.0001247272182
0.014,2.637565031e-08,6.397320711e-08,1.418144842e-07,7.940975062e-07,1.926045923e-06,4.269561882e-06,2.390792303e-05,5.798696406e-05,0.0001285391616
0.015,2.718182265e-08,6.592853968e-08,1.461489655e-07,8.183689634e-07,1.984914595e-06,4.400055412e-06,2.463865561e-05,5.975926785e-05,0.0001324675949
0.016,2.801263551e-08,6.794363603e-08,1.506159244e-07,8.433822642e-07,2.045582519e-06,4.5345371e-06,2.539172206e-05,6.158573752e-05,0.0001365160772
0.017,2.886884201e-08,7.002032278e-08,1.552194096e-07,8.691600819e-07,2.108104683e-06,4.673128818e-06,2.616780495e-05,6.346802833e-05,0.0001406882763
0.018,2.975121829e-08,7.216048235e-08,1.599635938e-07,8.95725783e-07,2.172537757e-06,4.815956163e-06,2.69676077e-05,6.540784616e-05,0.0001449879719
0.019,3.066056422e-08,7.436605471e-08,1.648527769e-07,9.231034479e-07,2.238940143e-06,4.963148571e-06,2.779185525e-05,6.740694898e-05,0.0001494190594
0.02,3.15977041e-08,7.663903911e-08,1.698913904e-07,9.513178932e-07,2.307372026e-06,5.114839431e-06,2.864129466e-05,6.946714848e-05,0.000153985553
0.021,3.256348745e-08,7.898149592e-08,1.750840011e-07,9.803946937e-07,2.377895433e-06,5.271166205e-06,2.951669585e-05,7.15903117e-05,0.0001586915894
0.022,3.355878972e-08,8.139554844e-08,1.804353153e-07,1.010360206e-06,2.450574285e-06,5.432270558e-06,3.041885224e-05,7.377836273e-05,0.0001635414318
0.023,3.458451314e-08,8.38833849e-08,1.859501833e-07,1.041241592e-06,2.525474455e-06,5.598298483e-06,3.134858152e-05,7.603328441e-05,0.0001685394735
0.024,3.564158752e-08,8.64472604e-08,1.916336035e-07,1.073066843e-06,2.602663832e-06,5.769400429e-06,3.230672634e-05,7.835712022e-05,0.0001736902418
0.025,3.673097106e-08,8.908949893e-08,1.974907271e-07,1.105864809e-06,2.682212376e-06,5.945731445e-06,3.329415513e-05,8.075197602e-05,0.0001789984024
0.026,3.785365127e-08,9.181249555e-08,2.035268627e-07,1.139665216e-06,2.764192188e-06,6.127451316e-06,3.431176282e-05,8.3220022e-05,0.0001844687636
0.027,3.901064584e-08,9.461871847e-08,2.097474809e-07,1.174498704e-06,2.848677569e-06,6.314724707e-06,3.536047173e-05,8.576349475e-05,0.0001901062801
0.028,4.020300355e-08,9.751071137e-08,2.161582198e-07,1.210396847e-06,2.935745095e-06,6.507721313e-06,3.644123233e-05,8.838469896e-05,0.0001959160582
0.029,4.143180525e-08,1.004910957e-07,2.227648895e-07,1.247392182e-06,3.025473677e-06,6.706616015e-06,3.755502413e-05,9.108601004e-05,0.00020190336
0.03,4.269816482e-08,1.035625728e-07,2.295734778e-07,1.285518245e-06,3.117944641e-06,6.911589033e-06,3.870285661e-05,9.386987568e-05,0.0002080736083
0.031,4.400323016e-08,1.06727927e-07,2.365901555e-07,1.324809593e-06,3.213241796e-06,7.122826094e-06,3.988577004e-05,9.673881851e-05,0.0002144323912
0.032,4.534818429e-08,1.099900272e-07,2.438212818e-07,1.36530184e-06,3.311451512e-06,7.340518598e-06,4.110483652e-05,9.969543818e-05,0.0002209854677
0.033,4.673424636e-08,1.133518305e-07,2.512734102e-07,1.407031689e-06,3.4126628e-06,7.564863792e-06,4.236116089e-05,0.0001027424137,0.0002277387724
0.034,4.816267279e-08,1.168163839e-07,2.589532946e-07,1.450036964e-06,3.516967387e-06,7.796064944e-06,4.365588175e-05,0.000105882506,0.0002346984213
0.035,4.963475841e-08,1.203868278e-07,2.668678952e-07,1.494356646e-06,3.624459808e-06,8.034331536e-06,4.499017248e-05,0.0001091185603,0.0002418707164
0.036,5.11518376e-08,1.240663986e-07,2.750243847e-07,1.540030906e-06,3.735237482e-06,8.279879445e-06,4.636524235e-05,0.0001124535087,0.000249262153
0.037,5.271528553e-08,1.278584313e-07,2.834301552e-07,1.587101143e-06,3.849400807e-06,8.532931142e-06,4.778233751e-05,0.0001158903729,0.000256879424
0.038,5.432651942e-08,1.317663632e-07,2.920928246e-07,1.635610021e-06,3.967053248e-06,8.793715893e-06,4.924274225e-05,0.0001194322669,0.0002647294266
0.039,5.598699976e-08,1.357937364e-07,3.010202434e-07,1.685601509e-06,4.088301431e-06,9.062469965e-06,5.074778008e-05,0.0001230823998,0.0002728192687
0.04,5.769823173e-08,1.399442012e-07,3.102205021e-07,1.737120918e-06,4.21325524e-06,9.339436842e-06,5.229881491e-05,0.0001268440787,0.0002811562749
0.041,5.946176646e-08,1.442215198e-07,3.197019382e-07,1.790214945e-06,4.342027917e-06,9.624867443e-06,5.389725239e-05,0.0001307207117,0.0002897479936
0.042,6.127920251e-08,1.486295689e-07,3.294731443e-07,1.844931712e-06,4.474736164e-06,9.919020351e-06,5.554454105e-05,0.0001347158111,0.0002986022031
0.043,6.315218731e-08,1.53172344e-07,3.395429751e-07,1.901320813e-06,4.611500247e-06,1.022216204e-05,5.72421737e-05,0.0001388329963,0.0003077269194
0.044,6.50824186e-08,1.578539626e-07,3.499205561e-07,1.959433358e-06,4.752444107e-06,1.053456714e-05,5.899168879e-05,0.0001430759973,0.0003171304028
0.045,6.707164605e-08,1.62678668e-07,3.606152914e-07,2.019322018e-06,4.897695473e-06,1.085651864e-05,6.079467169e-05,0.000147448658,0.0003268211657
0.046,6.912167275e-08,1.676508332e-07,3.716368726e-07,2.081041074e-06,5.047385976e-06,1.118830818e-05,6.265275631e-05,0.0001519549398,0.0003368079802
0.047,7.123435695e-08,1.727749648e-07,3.829952872e-07,2.144646465e-06,5.201651267e-06,1.153023632e-05,6.456762639e-05,0.0001565989248,0.0003470998859
0.048,7.341161366e-08,1.780557072e-07,3.947008279e-07,2.210195839e-06,5.360631143e-06,1.188261279e-05,6.654101712e-05,0.0001613848202,0.0003577061984
0.049,7.565541641e-08,1.834978466e-07,4.067641018e-07,2.277748608e-06,5.52446967e-06,1.224575675e-05,6.857471675e-05,0.0001663169612,0.0003686365169
0.05,7.796779906e-08,1.891063156e-07,4.191960401e-07,2.347365996e-06,5.693315317e-06,1.261999715e-05,7.06705681e-05,0.0001713998157,0.0003799007339
0.051,8.035085762e-08,1.948861972e-07,4.320079078e-07,2.4191111e-06,5.867321089e-06,1.300567295e-05,7.283047033e-05,0.0001766379878,0.0003915090433
0.052,8.280675215e-08,2.008427303e-07,4.452113142e-07,2.493048946e-06,6.046644663e-06,1.340313347e-05,7.505638057e-05,0.0001820362224,0.0004034719497
0.053,8.533770874e-08,2.069813133e-07,4.588182229e-07,2.569246543e-06,6.231448534e-06,1.381273869e-05,7.735031579e-05,0.000187599409,0.0004158002785
0.054,8.794602148e-08,2.133075099e-07,4.728409633e-07,2.647772952e-06,6.42190016e-06,1.423485959e-05,7.971435448e-05,0.0001933325866,0.0004285051848
0.055,9.063405461e-08,2.198270537e-07,4.872922413e-07,2.728699341e-06,6.618172118e-06,1.466987846e-05,8.215063875e-05,0.0001992409481,0.0004415981637
0.056,9.340424458e-08,2.265458534e-07,5.021851507e-07,2.812099054e-06,6.820442252e-06,1.511818926e-05,8.466137602e-05,0.0002053298445,0.0004550910608
0.057,9.625910233e-08,2.334699986e-07,5.175331856e-07,2.898047676e-06,7.028893842e-06,1.558019799e-05,8.724884121e-05,0.0002116047908,0.0004689960833
0.058,9.920121551e-08,2.406057645e-07,5.33350252e-07,2.986623101e-06,7.243715763e-06,1.605632304e-05,8.991537868e-05,0.0002180714697,0.0004833258094
0.059,1.022332509e-07,2.479596184e-07,5.496506807e-07,3.077905604e-06,7.465102663e-06,1.654699554e-05,9.266340443e-05,0.000224735738,0.0004980932018
0.06,1.053579566e-07,2.55538225e-07,5.664492402e-07,3.171977911e-06,7.693255133e-06,1.705265982e-05,9.549540822e-05,0.0002316036307,0.0005133116175
0.061,1.08578165e-07,2.633484527e-07,5.837611501e-07,3.268925277e-06,7.928379892e-06,1.757377375e-05,9.841395589e-05,0.0002386813674,0.0005289948206
0.062,1.118967948e-07,2.713973798e-07,6.016020947e-07,3.368835561e-06,8.170689973e-06,1.811080917e-05,0.0001014216916,0.0002459753573,0.0005451569947
0.063,1.153168539e-07,2.796923008e-07,6.199882375e-07,3.471799306e-06,8.420404914e-06,1.866425232e-05,0.0001045213403,0.0002534922054,0.0005618127558
0.064,1.188414423e-07,2.882407332e-07,6.389362354e-07,3.577909824e-06,8.677750961e-06,1.923460428e-05,0.0001077157101,0.0002612387182,0.0005789771646
0.065,1.224737545e-07,2.970504241e-07,6.584632543e-07,3.687263274e-06,8.942961266e-06,1.982238142e-05,0.000111007695,0.0002692219098,0.0005966657405
0.066,1.262170828e-07,3.061293572e-07,6.785869839e-07,3.799958756e-06,9.216276106e-06,2.042811586e-05,0.0001144002772,0.0002774490084,0.0006148944766
0.067,1.3007482e-07,3.154857603e-07,6.993256544e-07,3.916098395e-06,9.497943093e-06,2.105235597e-05,0.0001178965301,0.000285927463,0.0006336798515
0.068,1.340504627e-07,3.251281124e-07,7.206980525e-07,4.035787439e-06,9.788217401e-06,2.169566683e-05,0.0001214996209,0.0002946649496,0.0006530388469
0.069,1.381476142e-07,3.350651517e-07,7.427235388e-07,4.159134348e-06,1.0087362e-05,2.235863076e-05,0.0001252128135,0.0003036693785,0.0006729889607
0.07,1.423699879e-07,3.453058834e-07,7.654220649e-07,4.286250899e-06,1.039564788e-05,2.304184786e-05,0.0001290394716,0.0003129489014,0.0006935482238
0.071,1.467214109e-07,3.558595876e-07,7.888141915e-07,4.41725228e-06,1.071335433e-05,2.374593651e-05,0.0001329830613,0.0003225119185,0.0007147352161
0.072,1.512058269e-07,3.667358281e-07,8.129211073e-07,4.552257201e-06,1.104076913e-05,2.447153397e-05,0.0001370471549,0.0003323670866,0.0007365690825
0.073,1.558273005e-07,3.779444607e-07,8.377646478e-07,4.691387996e-06,1.137818889e-05,2.521929694e-05,0.0001412354335,0.0003425233263,0.0007590695507
0.074,1.605900202e-07,3.894956426e-07,8.63367315e-07,4.834770739e-06,1.172591923e-05,2.598990212e-05,0.0001455516906,0.0003529898304,0.0007822569492
0.075,1.654983026e-07,4.01399841e-07,8.897522983e-07,4.982535353e-06,1.208427516e-05,2.678404686e-05,0.0001499998358,0.000363776072,0.0008061522241
0.076,1.705565961e-07,4.136678429e-07,9.169434946e-07,5.134815729e-06,1.245358124e-05,2.760244979e-05,0.0001545838977,0.0003748918132,0.0008307769588
0.077,1.757694852e-07,4.263107649e-07,9.449655305e-07,5.291749851e-06,1.2834172e-05,2.844585142e-05,0.000159308028,0.0003863471139,0.0008561533939
0.078,1.811416944e-07,4.393400632e-07,9.738437844e-07,5.453479915e-06,1.322639215e-05,2.931501486e-05,0.0001641765052,0.0003981523406,0.000882304445
0.079,1.866780925e-07,4.527675439e-07,1.003604409e-06,5.620152461e-06,1.363059692e-05,3.021072646e-05,0.0001691937385,0.0004103181759,0.0009092537258
0.08,1.923836971e-07,4.666053738e-07,1.034274357e-06,5.791918506e-06,1.404715241e-05,3.113379657e-05,0.0001743642714,0.0004228556284,0.0009370255671
0.081,1.982636792e-07,4.808660913e-07,1.0658814e-06,5.96893368e-06,1.447643587e-05,3.208506022e-05,0.0001796927863,0.0004357760419,0.000965645039
0.082,2.043233676e-07,4.955626177e-07,1.098454161e-06,6.151358364e-06,1.491883608e-05,3.306537789e-05,0.0001851841084,0.0004490911064,0.0009951379739
0.083,2.105682541e-07,5.107082691e-07,1.132022136e-06,6.339357839e-06,1.537475368e-05,3.407563628e-05,0.0001908432103,0.0004628128682,0.001025530989
0.084,2.170039983e-07,5.263167683e-07,1.166615718e-06,6.533102435e-06,1.584460156e-05,3.511674912e-05,0.0001966752162,0.0004769537402,0.001056851511
0.085,2.236364325e-07,5.424022573e-07,1.202266232e-06,6.732767683e-06,1.632880517e-05,3.618965798e-05,0.0002026854068,0.0004915265148,0.001089127796
0.086,2.304715674e-07,5.589793099e-07,1.239005956e-06,6.938534475e-06,1.682780299e-05,3.72953331e-05,0.0002088792239,0.000506544373,0.001122388964
0.087,2.375155974e-07,5.760629452e-07,1.276868154e-06,7.150589227e-06,1.734204685e-05,3.84347743e-05,0.0002152622753,0.0005220208982,0.001156665013
0.088,2.447749058e-07,5.936686407e-07,1.315887103e-06,7.369124049e-06,1.787200239e-05,3.960901183e-05,0.00022184034,0.0005379700876,0.001191986857
0.089,2.522560714e-07,6.118123469e-07,1.35609813e-06,7.594336916e-06,1.841814944e-05,4.081910733e-05,0.0002286193732,0.0005544063647,0.001228386343
0.09,2.599658736e-07,6.305105014e-07,1.397537635e-06,7.82643185e-06,1.898098248e-05,4.206615477e-05,0.000235605512,0.0005713445924,0.001265896289
0.091,2.679112991e-07,6.497800436e-07,1.440243132e-06,8.065619104e-06,1.956101109e-05,4.335128144e-05,0.0002428050806,0.0005888000864,0.001304550506
0.092,2.760995481e-07,6.696384303e-07,1.484253278e-06,8.312115348e-06,2.015876039e-05,4.467564893e-05,0.000250224596,0.0006067886291,0.001344383829
0.093,2.845380405e-07,6.901036514e-07,1.529607908e-06,8.566143872e-06,2.077477151e-05,4.604045421e-05,0.0002578707743,0.0006253264829,0.001385432153
0.094,2.932344232e-07,7.111942463e-07,1.576348076e-06,8.82793478e-06,2.14096021e-05,4.744693068e-05,0.0002657505361,0.0006444304065,0.001427732457
0.095,3.021965765e-07,7.329293202e-07,1.624516083e-06,9.097725205e-06,2.206382682e-05,4.889634928e-05,0.0002738710135,0.0006641176673,0.001471322845
0.096,3.114326215e-07,7.553285618e-07,1.674155525e-06,9.375759519e-06,2.273803787e-05,5.039001961e-05,0.0002822395558,0.0006844060601,0.001516242571
0.097,3.209509274e-07,7.784122612e-07,1.725311323e-06,9.662289554e-06,2.343284549e-05,5.192929114e-05,0.0002908637362,0.0007053139203,0.00156253208
0.098,3.307601189e-07,8.022013277e-07,1.77802977e-06,9.957574831e-06,2.414887855e-05,5.351555439e-05,0.0002997513597,0.0007268601415,0.001610233043
0.099,3.408690845e-07,8.267173093e-07,1.832358572e-06,1.026188279e-05,2.488678511e-05,5.515024216e-05,0.0003089104684,0.0007490641922,0.001659388389
0.1,3.512869839e-07,8.519824115e-07,1.888346888e-06,1.057548905e-05,2.564723297e-05,5.683483085e-05,0.0003183493499,0.0007719461343,0.00171004235
0.101,3.620232566e-07,8.780195181e-07,1.946045374e-06,1.089867763e-05,2.64309103e-05,5.857084173e-05,0.0003280765448,0.0007955266386,0.001762240493
0.102,3.730876307e-07,9.048522114e-07,2.005506234e-06,1.123174121e-05,2.723852627e-05,6.035984236e-05,0.0003381008536,0.0008198270055,0.001816029765
0.103,3.844901311e-07,9.325047935e-07,2.06678326e-06,1.157498142e-05,2.807081165e-05,6.220344791e-05,0.0003484313454,0.0008448691833,0.001871458531
0.104,3.962410892e-07,9.610023086e-07,2.129931886e-06,1.19287091e-05,2.892851951e-05,6.410332269e-05,0.0003590773653,0.0008706757875,0.001928576618
0.105,4.083511518e-07,9.903705651e-07,2.195009233e-06,1.229324457e-05,2.981242588e-05,6.606118153e-05,0.0003700485438,0.0008972701216,0.00198743536
0.106,4.208312909e-07,1.020636159e-06,2.262074165e-06,1.266891792e-05,3.072333042e-05,6.807879142e-05,0.0003813548044,0.0009246761968,0.002048087639
0.107,4.336928136e-07,1.0518265e-06,2.331187339e-06,1.305606932e-05,3.166205718e-05,7.015797299e-05,0.0003930063733,0.0009529187556,0.002110587935
0.108,4.469473723e-07,1.083969831e-06,2.40241126e-06,1.345504931e-05,3.262945533e-05,7.230060218e-05,0.0004050137881,0.0009820232907,0.002174992372
0.109,4.606069754e-07,1.117095259e-06,2.475810336e-06,1.386621916e-05,3.362639993e-05,7.450861191e-05,0.0004173879076,0.00101201607,0.002241358767
0.11,4.746839979e-07,1.15123278e-06,2.55145094e-06,1.428995113e-05,3.465379266e-05,7.678399375e-05,0.0004301399211,0.001042924161,0.00230974668
0.111,4.891911927e-07,1.186413303e-06,2.629401465e-06,1.472662885e-05,3.571256274e-05,7.912879975e-05,0.0004432813592,0.001074775451,0.002380217466
0.112,5.041417025e-07,1.222668683e-06,2.709732385e-06,1.517664766e-05,3.680366764e-05,8.154514424e-05,0.0004568241034,0.001107598676,0.00245283433
0.113,5.195490707e-07,1.260031745e-06,2.792516325e-06,1.564041495e-05,3.792809403e-05,8.403520568e-05,0.0004707803969,0.001141423444,0.002527662379
0.114,5.35427255e-07,1.298536317e-06,2.877828116e-06,1.611835055e-05,3.908685864e-05,8.660122863e-05,0.0004851628561,0.001176280259,0.002604768682
0.115,5.517906387e-07,1.338217257e-06,2.965744872e-06,1.661088709e-05,4.028100915e-05,8.924552571e-05,0.0004999844811,0.001212200557,0.002684222321
0.116,5.686540446e-07,1.37911049e-06,3.056346053e-06,1.71184704e-05,4.151162515e-05,9.197047966e-05,0.0005152586682,0.001249216722,0.002766094463
0.117,5.860327481e-07,1.421253033e-06,3.149713535e-06,1.764155992e-05,4.277981911e-05,9.477854547e-05,0.0005309992212,0.001287362123,0.002850458407
0.118,6.039424908e-07,1.464683036e-06,3.24593169e-06,1.818062909e-05,4.408673737e-05,9.767225249e-05,0.000547220364,0.001326671141,0.002937389659
0.119,6.223994952e-07,1.50943981e-06,3.345087455e-06,1.873616578e-05,4.543356118e-05,0.0001006542067,0.0005639367536,0.0013671792,0.00302696599
0.12,6.41420479e-07,1.555563865e-06,3.447270413e-06,1.930867276e-05,4.682150774e-05,0.0001037270931,0.0005811634929,0.001408922796,0.003119267504
0.121,6.610226701e-07,1.60309695e-06,3.552572873e-06,1.989866812e-05,4.825183128e-05,0.0001068936779,0.0005989161439,0.001451939534,0.00321437671
0.122,6.812238225e-07,1.652082084e-06,3.661089951e-06,2.050668575e-05,4.972582422e-05,0.000110156811,0.0006172107427,0.001496268155,0.003312378588
0.123,7.020422322e-07,1.702563599e-06,3.772919655e-06,2.113327582e-05,5.124481831e-05,0.0001135194287,0.0006360638125,0.001541948576,0.003413360666
0.124,7.234967537e-07,1.754587178e-06,3.888162977e-06,2.177900526e-05,5.281018581e-05,0.0001169845561,0.0006554923793,0.001589021922,0.00351741309
0.125,7.45606817e-07,1.808199899e-06,4.006923975e-06,2.244445831e-05,5.442334072e-05,0.0001205553096,0.0006755139867,0.001637530562,0.003624628705
0.126,7.683924453e-07,1.863450274e-06,4.129309874e-06,2.3130237e-05,5.608574006e-05,0.0001242349001,0.0006961467117,0.001687518151,0.003735103131
0.127,7.918742728e-07,1.920388294e-06,4.255431156e-06,2.383696171e-05,5.779888514e-05,0.0001280266353,0.0007174091806,0.001739029661,0.003848934844
0.128,8.160735636e-07,1.979065474e-06,4.385401661e-06,2.456527173e-05,5.956432295e-05,0.000131933923,0.0007393205861,0.001792111425,0.003966225263
0.129,8.410122308e-07,2.039534901e-06,4.519338688e-06,2.531582585e-05,6.138364748e-05,0.0001359602739,0.0007619007034,0.001846811178,0.004087078832
0.13,8.667128561e-07,2.101851279e-06,4.657363101e-06,2.60893029e-05,6.325850118e-05,0.0001401093046,0.0007851699092,0.001903178098,0.004211603105
0.131,8.931987105e-07,2.166070977e-06,4.799599431e-06,2.688640243e-05,6.519057644e-05,0.0001443847409,0.000809149199,0.001961262847,0.004339908848
0.132,9.204937751e-07,2.232252086e-06,4.946175996e-06,2.770784528e-05,6.718161705e-05,0.0001487904211,0.0008338602052,0.002021117621,0.004472110115
0.133,9.486227628e-07,2.300454465e-06,5.097225005e-06,2.855437425e-05,6.923341979e-05,0.0001533302992,0.0008593252178,0.002082796188,0.004608324358
0.134,9.776111406e-07,2.370739796e-06,5.252882683e-06,2.942675478e-05,7.1347836e-05,0.0001580084482,0.0008855672034,0.002146353942,0.00474867252
0.135,1.007485152e-06,2.443171643e-06,5.413289389e-06,3.032577561e-05,7.352677327e-05,0.0001628290641,0.0009126098248,0.002211847946,0.004893279129
0.136,1.038271843e-06,2.517815504e-06,5.57858974e-06,3.125224951e-05,7.577219709e-05,0.0001677964691,0.0009404774635,0.002279336986,0.005042272412
0.137,1.069999081e-06,2.594738874e-06,5.748932739e-06,3.220701399e-05,7.808613263e-05,0.0001729151155,0.0009691952411,0.00234888162,0.005195784396
0.138,1.102695588e-06,2.674011301e-06,5.924471912e-06,3.319093208e-05,8.047066652e-05,0.0001781895898,0.0009987890395,0.002420544228,0.005353951013
0.139,1.136390959e-06,2.755704455e-06,6.105365435e-06,3.420489306e-05,8.29279487e-05,0.0001836246162,0.001029285527,0.002494389074,0.00551691222
0.14,1.171115694e-06,2.839892186e-06,6.291776282e-06,3.524981328e-05,8.546019436e-05,0.0001892250609,0.001060712179,0.002570482353,0.005684812107
0.141,1.20690122e-06,2.926650592e-06,6.483872365e-06,3.6326637e-05,8.806968583e-05,0.0001949959365,0.001093097306,0.002648892254,0.005857799015
0.142,1.243779926e-06,3.016058089e-06,6.681826685e-06,3.74363372e-05,9.075877471e-05,0.000200942406,0.001126470073,0.002729689015,0.006036025663
0.143,1.281785187e-06,3.108195481e-06,6.88581748e-06,3.857991647e-05,9.352988383e-05,0.0002070697873,0.001160860529,0.002812944988,0.006219649264
0.144,1.320951396e-06,3.203146028e-06,7.096028387e-06,3.97584079e-05,9.63855095e-05,0.000213383558,0.001196299636,0.002898734699,0.006408831657
0.145,1.361313995e-06,3.300995528e-06,7.312648604e-06,4.097287602e-05,9.932822364e-05,0.0002198893596,0.001232819291,0.00298713491,0.006603739435
0.146,1.402909506e-06,3.401832387e-06,7.535873052e-06,4.222441773e-05,0.0001023606761,0.000226593003,0.001270452355,0.003078224689,0.006804544081
0.147,1.445775564e-06,3.505747702e-06,7.76590255e-06,4.351416327e-05,0.0001054855969,0.0002335004728,0.001309232686,0.003172085476,0.007011422098
0.148,1.489950955e-06,3.612835341e-06,8.002943992e-06,4.484327726e-05,0.0001087057989,0.0002406179328,0.001349195165,0.003268801153,0.007224555163
0.149,1.535475641e-06,3.723192026e-06,8.247210526e-06,4.621295974e-05,0.00011202418,0.000247951731,0.001390375726,0.003368458114,0.007444130257
0.15,1.582390809e-06,3.836917421e-06,8.498921744e-06,4.76244472e-05,0.0001154437255,0.0002555084054,0.001432811392,0.003471145343,0.007670339815
0.151,1.630738895e-06,3.954114222e-06,8.758303871e-06,4.907901372e-05,0.0001189675116,0.0002632946888,0.001476540303,0.003576954483,0.007903381891
0.152,1.680563633e-06,4.074888246e-06,9.025589967e-06,5.057797211e-05,0.0001225987069,0.0002713175152,0.00152160175,0.003685979922,0.008143460289
0.153,1.731910087e-06,4.199348526e-06,9.301020127e-06,5.212267503e-05,0.0001263405762,0.0002795840254,0.001568036213,0.003798318866,0.008390784742
0.154,1.784824695e-06,4.32760741e-06,9.584841694e-06,5.371451624e-05,0.0001301964828,0.0002881015727,0.001615885392,0.003914071427,0.008645571066
0.155,1.83935531e-06,4.459780658e-06,9.877309473e-06,5.535493184e-05,0.0001341698916,0.0002968777295,0.001665192245,0.004033340702,0.00890804132
0.156,1.895551243e-06,4.595987549e-06,1.017868595e-05,5.704540151e-05,0.0001382643722,0.0003059202935,0.001716001025,0.004156232866,0.009178423991
0.157,1.953463306e-06,4.736350984e-06,1.048924154e-05,5.878744987e-05,0.0001424836018,0.000315237294,0.001768357323,0.004282857253,0.009456954151
0.158,2.013143859e-06,4.880997597e-06,1.080925477e-05,6.05826478e-05,0.0001468313687,0.000324836999,0.001822308097,0.004413326459,0.009743873649
0.159,2.074646857e-06,5.030057867e-06,1.11390126e-05,6.243261384e-05,0.0001513115753,0.0003347279214,0.001877901726,0.004547756425,0.01003943128
0.16,2.138027898e-06,5.183666233e-06,1.147881061e-05,6.433901564e-05,0.0001559282419,0.000344918827,0.00193518804,0.00468626654,0.01034388299
0.161,2.203344272e-06,5.341961217e-06,1.182895326e-05,6.630357142e-05,0.0001606855098,0.0003554187407,0.001994218373,0.004828979741,0.01065749203
0.162,2.270655015e-06,5.505085541e-06,1.218975419e-05,6.832805152e-05,0.000165587645,0.0003662369546,0.002055045601,0.004976022612,0.0109805292
0.163,2.340020958e-06,5.673186259e-06,1.256153645e-05,7.041427991e-05,0.0001706390421,0.0003773830354,0.002117724187,0.005127525489,0.011313273
0.164,2.411504783e-06,5.846414886e-06,1.294463283e-05,7.256413589e-05,0.0001758442278,0.0003888668324,0.002182310237,0.005283622568,0.01165600986
0.165,2.485171083e-06,6.02492753e-06,1.333938607e-05,7.477955565e-05,0.0001812078651,0.0004006984852,0.002248861533,0.005444452019,0.01200903434
0.166,2.561086414e-06,6.208885033e-06,1.374614922e-05,7.706253407e-05,0.0001867347572,0.0004128884322,0.0023174376,0.005610156093,0.01237264934
0.167,2.639319355e-06,6.398453111e-06,1.416528594e-05,7.941512641e-05,0.0001924298515,0.0004254474188,0.002388099743,0.005780881244,0.01274716631
0.168,2.719940576e-06,6.593802501e-06,1.459717076e-05,8.183945016e-05,0.0001982982441,0.0004383865065,0.002460911106,0.005956778245,0.01313290548
0.169,2.803022893e-06,6.795109113e-06,1.504218945e-05,8.433768691e-05,0.0002043451841,0.0004517170812,0.002535936727,0.00613800231,0.01353019608
0.17,2.888641336e-06,7.002554185e-06,1.550073932e-05,8.691208424e-05,0.0002105760782,0.0004654508629,0.002613243588,0.006324713224,0.01393937653
0.171,2.976873219e-06,7.216324442e-06,1.597322959e-05,8.956495771e-05,0.0002169964949,0.0004795999146,0.002692900679,0.006517075468,0.01436079476
0.172,3.067798205e-06,7.436612259e-06,1.646008171e-05,9.229869292e-05,0.0002236121698,0.000494176652,0.00277497905,0.006715258347,0.01479480835
0.173,3.161498377e-06,7.663615834e-06,1.696172971e-05,9.511574753e-05,0.0002304290104,0.0005091938533,0.002859551876,0.006919436141,0.01524178482
0.174,3.258058316e-06,7.897539361e-06,1.747862061e-05,9.801865351e-05,0.0002374531008,0.0005246646696,0.002946694517,0.007129788224,0.01570210187
0.175,3.35756517e-06,8.138593206e-06,1.801121476e-05,0.0001010100193,0.0002446907071,0.0005406026344,0.00303648458,0.007346499218,0.01617614761
0.176,3.460108736e-06,8.386994096e-06,1.855998624e-05,0.000104092532,0.0002521482828,0.0005570216751,0.00312900199,0.007569759138,0.01666432084
0.177,3.565781538e-06,8.642965308e-06,1.912542324e-05,0.0001072689601,0.0002598324741,0.000573936123,0.003224329049,0.00779976354,0.01716703126
0.178,3.674678911e-06,8.906736862e-06,1.970802853e-05,0.0001105421552,0.0002677501257,0.0005913607249,0.003322550512,0.008036713675,0.01768469979
0.179,3.786899083e-06,9.178545726e-06,2.03083198e-05,0.0001139150553,0.0002759082864,0.000609310654,0.003423753655,0.008280816637,0.01821775877
0.18,3.902543264e-06,9.458636022e-06,2.092683015e-05,0.0001173906866,0.0002843142149,0.0006278015218,0.003528028348,0.008532285544,0.01876665226
0.181,4.021715738e-06,9.747259235e-06,2.15641085e-05,0.0001209721669,0.0002929753865,0.00064684939,0.003635467128,0.00879133968,0.01933183631
0.182,4.14452395e-06,1.004467444e-05,2.222072009e-05,0.0001246627077,0.0003018994986,0.0006664707821,0.00374616528,0.009058204677,0.01991377922
0.183,4.271078608e-06,1.035114852e-05,2.28972469e-05,0.000128465617,0.0003110944776,0.0006866826963,0.003860220912,0.009333112678,0.0205129618
0.184,4.401493775e-06,1.06669564e-05,2.359428815e-05,0.0001323843026,0.0003205684853,0.0007075026182,0.003977735037,0.009616302527,0.0211298777
0.185,4.535886974e-06,1.09923813e-05,2.43124608e-05,0.0001364222749,0.0003303299259,0.0007289485331,0.004098811657,0.009908019931,0.02176503362
0.186,4.674379291e-06,1.132771495e-05,2.505240004e-05,0.0001405831495,0.0003403874527,0.0007510389402,0.004223557849,0.01020851765,0.02241894963
0.187,4.817095481e-06,1.167325787e-05,2.581475984e-05,0.0001448706508,0.0003507499754,0.0007737928651,0.004352083848,0.01051805571,0.02309215948
0.188,4.964164079e-06,1.202931962e-05,2.660021346e-05,0.0001492886153,0.0003614266675,0.0007972298745,0.004484503143,0.01083690154,0.02378521081
0.189,5.115717515e-06,1.239621907e-05,2.740945399e-05,0.0001538409942,0.0003724269736,0.0008213700894,0.004620932562,0.01116533023,0.0244986655
0.19,5.271892228e-06,1.277428467e-05,2.824319493e-05,0.0001585318576,0.0003837606174,0.0008462342003,0.004761492375,0.01150362469,0.02523309994
0.191,5.432828788e-06,1.316385475e-05,2.910217077e-05,0.0001633653974,0.0003954376094,0.0008718434812,0.004906306383,0.01185207586,0.0259891053
0.192,5.598672019e-06,1.356527777e-05,2.998713757e-05,0.0001683459313,0.0004074682553,0.0008982198049,0.005055502021,0.01221098294,0.02676728782
0.193,5.769571129e-06,1.397891268e-05,3.089887355e-05,0.0001734779061,0.0004198631641,0.0009253856581,0.005209210462,0.01258065358,0.02756826913
0.194,5.945679837e-06,1.440512916e-05,3.183817976e-05,0.0001787659019,0.0004326332567,0.0009533641569,0.005367566715,0.01296140412,0.02839268649
0.195,6.127156511e-06,1.4844308e-05,3.280588066e-05,0.0001842146356,0.000445789775,0.0009821790625,0.005530709739,0.01335355979,0.02924119309
0.196,6.314164305e-06,1.529684137e-05,3.380282482e-05,0.0001898289651,0.0004593442905,0.001011854798,0.005698782547,0.01375745492,0.03011445834
0.197,6.506871305e-06,1.576313321e-05,3.482988556e-05,0.0001956138934,0.0004733087136,0.001042416462,0.005871932324,0.01417343323,0.03101316814
0.198,6.705450674e-06,1.624359952e-05,3.588796165e-05,0.000201574573,0.0004876953034,0.001073889851,0.006050310535,0.014601848,0.03193802514
0.199,6.910080802e-06,1.673866874e-05,3.6977978e-05,0.0002077163097,0.0005025166772,0.00110630147,0.006234073049,0.01504306236,0.03288974905
0.2,7.120945465e-06,1.724878212e-05,3.81008864e-05,0.0002140445678,0.0005177858202,0.001139678553,0.006423380256,0.01549744947,0.03386907687
0.201,7.338233985e-06,1.777439409e-05,3.925766624e-05,0.000220564974,0.000533516096,0.001174049079,0.006618397192,0.01596539283,0.03487676313
0.202,7.562141392e-06,1.831597261e-05,4.044932528e-05,0.0002272833226,0.000549721257,0.001209441791,0.006819293671,0.01644728649,0.03591358019
0.203,7.792868598e-06,1.887399961e-05,4.167690039e-05,0.00023420558,0.0005664154552,0.001245886215,0.007026244394,0.01694353532,0.03698031848
0.204,8.030622568e-06,1.944897138e-05,4.294145837e-05,0.0002413378899,0.0005836132526,0.001283412673,0.007239429108,0.01745455524,0.03807778669
0.205,8.275616502e-06,2.004139897e-05,4.424409678e-05,0.0002486865784,0.000601329633,0.001322052309,0.007459032727,0.01798077355,0.03920681203
0.206,8.52807002e-06,2.065180864e-05,4.55859447e-05,0.000256258159,0.0006195800133,0.0013618371,0.007685245468,0.01852262909,0.04036824042
0.207,8.78820935e-06,2.128074228e-05,4.696816364e-05,0.0002640593382,0.0006383802551,0.001402799881,0.007918262994,0.01908057259,0.04156293675
0.208,9.056267528e-06,2.192875787e-05,4.839194835e-05,0.0002720970209,0.0006577466768,0.00144497436,0.008158286569,0.01965506692,0.04279178496
0.209,9.332484594e-06,2.259642995e-05,4.985852778e-05,0.0002803783163,0.0006776960657,0.001488395138,0.00840552319,0.02024658734,0.04405568833
0.21,9.617107802e-06,2.328435008e-05,5.136916589e-05,0.0002889105432,0.0006982456908,0.001533097731,0.008660185744,0.0208556218,0.04535556955
0.211,9.910391834e-06,2.399312733e-05,5.292516265e-05,0.0002977012367,0.0007194133157,0.001579118586,0.008922493163,0.02148267122,0.0466923709
0.212,1.021259901e-05,2.472338879e-05,5.452785494e-05,0.0003067581536,0.0007412172111,0.001626495103,0.009192670581,0.02212824972,0.04806705436
0.213,1.052399954e-05,2.54757801e-05,5.617861752e-05,0.000316089279,0.0007636761688,0.001675265652,0.009470949488,0.022792885,0.0494806017
0.214,1.084487171e-05,2.625096592e-05,5.787886403e-05,0.0003257028331,0.0007868095153,0.001725469597,0.009757567899,0.02347711854,0.05093401454
0.215,1.117550217e-05,2.704963054e-05,5.963004796e-05,0.000335607277,0.0008106371254,0.001777147312,0.01005277052,0.02418150589,0.05242831445
0.216,1.151618613e-05,2.78724784e-05,6.14336637e-05,0.0003458113201,0.0008351794366,0.001830340204,0.01035680891,0.02490661703,0.05396454289
0.217,1.186722766e-05,2.872023465e-05,6.329124757e-05,0.000356323927,0.0008604574638,0.00188509073,0.01066994165,0.02565303655,0.05554376128
0.218,1.222893991e-05,2.959364576e-05,6.520437887e-05,0.0003671543243,0.0008864928139,0.001941442419,0.01099243455,0.02642136403,0.05716705094
0.219,1.26016454e-05,3.049348011e-05,6.717468099e-05,0.000378312008,0.0009133077011,0.001999439891,0.01132456078,0.02721221427,0.05883551296
0.22,1.298567628e-05,3.142052861e-05,6.920382248e-05,0.0003898067513,0.0009409249618,0.002059128878,0.01166660108,0.0280262176,0.06055026819
0.221,1.338137461e-05,3.237560531e-05,7.129351819e-05,0.0004016486119,0.000969368071,0.002120556241,0.01201884394,0.02886402016,0.06231245699
0.222,1.378909265e-05,3.335954807e-05,7.344553041e-05,0.0004138479397,0.0009986611577,0.002183769992,0.01238158578,0.02972628416,0.06412323914
0.223,1.420919319e-05,3.437321921e-05,7.566167002e-05,0.0004264153855,0.001028829021,0.002248819312,0.01275513115,0.03061368821,0.06598379351
0.224,1.464204978e-05,3.541750619e-05,7.794379767e-05,0.0004393619084,0.001059897148,0.002315754571,0.01313979291,0.03152692754,0.06789531787
0.225,1.508804712e-05,3.649332232e-05,8.029382498e-05,0.0004526987848,0.001091891727,0.002384627345,0.01353589242,0.03246671429,0.0698590285
0.226,1.554758133e-05,3.760160743e-05,8.271371578e-05,0.0004664376168,0.00112483967,0.002455490436,0.01394375978,0.0334337778,0.07187615988
0.227,1.602106031e-05,3.874332865e-05,8.52054873e-05,0.0004805903409,0.001158768626,0.002528397891,0.01436373396,0.03442886485,0.07394796411
0.228,1.650890407e-05,3.991948114e-05,8.777121144e-05,0.0004951692373,0.001193706998,0.002603405014,0.01479616305,0.03545273992,0.0760757106
0.229,1.701154505e-05,4.113108884e-05,9.041301606e-05,0.0005101869388,0.001229683964,0.00268056839,0.01524140447,0.03650618542,0.07826068543
0.23,1.752942854e-05,4.237920525e-05,9.313308625e-05,0.0005256564403,0.001266729494,0.002759945896,0.01569982513,0.03759000197,0.08050419065
0.231,1.806301298e-05,4.366491427e-05,9.593366561e-05,0.0005415911087,0.001304874367,0.002841596722,0.01617180168,0.03870500858,0.0828075437
0.232,1.861277039e-05,4.498933096e-05,9.881705762e-05,0.0005580046923,0.001344150189,0.002925581379,0.01665772069,0.03985204291,0.08517207665
0.233,1.917918672e-05,4.635360244e-05,0.0001017856269,0.0005749113309,0.001384589416,0.003011961718,0.01715797889,0.04103196143,0.08759913524
0.234,1.976276225e-05,4.775890869e-05,0.0001048418007,0.0005923255666,0.001426225368,0.003100800945,0.01767298336,0.04224563969,0.09009007812
0.235,2.036401203e-05,4.920646347e-05,0.0001079880699,0.0006102623534,0.001469092249,0.003192163627,0.01820315172,0.04349397241,0.0926462757
0.236,2.098346626e-05,5.069751519e-05,0.000111226991,0.0006287370686,0.001513225171,0.003286115709,0.01874891239,0.04477787369,0.09526910916
0.237,2.162167074e-05,5.223334783e-05,0.0001145611869,0.0006477655233,0.001558660166,0.003382724522,0.01931070477,0.04609827718,0.0979599692
0.238,2.22791873e-05,5.381528186e-05,0.0001179933486,0.0006673639735,0.001605434212,0.00348205879,0.01988897948,0.04745613614,0.1007202548
0.239,2.295659425e-05,5.544467524e-05,0.0001215262363,0.0006875491316,0.00165358525,0.003584188643,0.0204841985,0.0488524236,0.1035513718
0.24,2.365448685e-05,5.712292432e-05,0.0001251626815,0.0007083381777,0.001703152202,0.003689185615,0.02109683549,0.05028813245,0.1064547316
0.241,2.437347778e-05,5.885146491e-05,0.0001289055876,0.0007297487716,0.001754174995,0.003797122659,0.02172737591,0.05176427541,0.1094317492
0.242,2.511419762e-05,6.063177323e-05,0.0001327579316,0.0007517990645,0.001806694577,0.003908074139,0.02237631724,0.05328188521,0.1124838417
0.243,2.587729536e-05,6.246536698e-05,0.0001367227659,0.000774507711,0.001860752941,0.004022115839,0.02304416923,0.05484201446,0.1156124268
0.244,2.666343888e-05,6.435380638e-05,0.0001408032191,0.0007978938819,0.001916393139,0.004139324961,0.02373145405,0.05644573571,0.1188189201
0.245,2.747331552e-05,6.629869524e-05,0.0001450024978,0.0008219772763,0.001973659309,0.004259780119,0.02443870652,0.05809414135,0.1221047339
0.246,2.830763258e-05,6.830168205e-05,0.000149323888,0.0008467781347,0.002032596689,0.004383561337,0.02516647427,0.0597883435,0.1254712744
0.247,2.916711787e-05,7.036446113e-05,0.0001537707563,0.0008723172516,0.002093251641,0.004510750042,0.02591531798,0.06152947398,0.1289199395
0.248,3.005252029e-05,7.248877368e-05,0.0001583465515,0.0008986159887,0.002155671666,0.004641429052,0.02668581151,0.06331868401,0.1324521165
0.249,3.096461036e-05,7.467640902e-05,0.0001630548059,0.0009256962884,0.002219905427,0.004775682568,0.02747854209,0.06515714407,0.1360691795
0.25,3.190418089e-05,7.692920571e-05,0.0001678991367,0.0009535806869,0.002286002769,0.004913596157,0.02829411053,0.06704604365,0.1397724864
0.251,3.287204748e-05,7.924905275e-05,0.0001728832472,0.0009822923283,0.002354014733,0.005055256733,0.0291331313,0.06898659091,0.1435633763
0.252,3.386904921e-05,8.163789079e-05,0.0001780109285,0.001011854978,0.002423993577,0.00520075254,0.02999623277,0.07098001234,0.1474431664
0.253,3.489604923e-05,8.409771335e-05,0.0001832860605,0.001042293036,0.002495992799,0.005350173127,0.03088405729,0.07302755232,0.1514131487
0.254,3.595393543e-05,8.663056808e-05,0.0001887126133,0.001073631554,0.002570067144,0.00550360932,0.03179726134,0.07513047273,0.1554745867
0.255,3.704362105e-05,8.923855801e-05,0.0001942946484,0.001105896244,0.002646272632,0.005661153193,0.03273651566,0.07729005235,0.1596287122
0.256,3.816604543e-05,9.192384282e-05,0.00020003632,0.001139113498,0.002724666568,0.005822898034,0.03370250536,0.07950758623,0.1638767212
0.257,3.932217459e-05,9.468864015e-05,0.0002059418763,0.001173310401,0.002805307561,0.005988938311,0.03469592995,0.08178438518,0.1682197705
0.258,4.051300203e-05,9.753522692e-05,0.0002120156603,0.001208514743,0.002888255537,0.006159369622,0.03571750351,0.08412177489,0.1726589736
0.259,4.173954939e-05,0.0001004659406,0.0002182621114,0.001244755036,0.002973571756,0.006334288659,0.03676795469,0.08652109518,0.1771953964
0.26,4.300286716e-05,0.0001034831807,0.0002246857661,0.001282060527,0.003061318823,0.006513793153,0.03784802672,0.08898369911,0.1818300534
0.261,4.43040355e-05,0.0001065894099,0.0002312912591,0.001320461217,0.003151560705,0.006697981824,0.03895847752,0.09151095206,0.1865639031
0.262,4.564416491e-05,0.0001097871555,0.0002380833243,0.001359987868,0.003244362737,0.006886954316,0.04010007965,0.09410423059,0.191397843
0.263,4.702439706e-05,0.0001130790109,0.0002450667958,0.001400672024,0.003339791638,0.007080811143,0.04127362021,0.09676492135,0.1963327058
0.264,4.844590556e-05,0.0001164676371,0.0002522466085,0.001442546023,0.003437915517,0.007279653615,0.04247990093,0.09949441983,0.2013692538
0.265,4.990989676e-05,0.0001199557635,0.0002596277989,0.001485643013,0.003538803882,0.007483583767,0.043719738,0.1022941291,0.2065081744
0.266,5.141761057e-05,0.0001235461899,0.0002672155061,0.001529996963,0.003642527648,0.007692704281,0.04499396195,0.1051654581,0.2117500745
0.267,5.297032127e-05,0.000127241788,0.000275014972,0.001575642682,0.003749159143,0.007907118406,0.04630341761,0.1081098206,0.217095476
0.268,5.45693384e-05,0.000131045502,0.0002830315421,0.00162261583,0.003858772106,0.008126929867,0.0476489638,0.111128633,0.2225448099
0.269,5.621600757e-05,0.0001349603511,0.0002912706656,0.001670952932,0.003971441698,0.008352242771,0.04903147324,0.1142233129,0.2280984111
0.27,5.791171137e-05,0.0001389894298,0.0002997378962,0.001720691394,0.004087244493,0.008583161512,0.05045183225,0.1173952772,0.2337565128
0.271,5.965787023e-05,0.0001431359104,0.0003084388921,0.001771869514,0.004206258485,0.00881979066,0.05191094046,0.1206459398,0.2395192409
0.272,6.145594334e-05,0.0001474030436,0.0003173794159,0.001824526497,0.004328563075,0.009062234861,0.0534097105,0.1239767098,0.2453866085
0.273,6.330742955e-05,0.0001517941604,0.000326565335,0.001878702466,0.004454239073,0.009310598709,0.05494906765,0.1273889891,0.25135851
0.274,6.521386828e-05,0.000156312673,0.0003360026213,0.001934438475,0.004583368686,0.009564986635,0.05652994931,0.1308841702,0.2574347155
0.275,6.71768405e-05,0.0001609620768,0.000345697351,0.001991776523,0.004716035506,0.009825502774,0.0581533047,0.1344636331,0.2636148648
0.276,6.919796964e-05,0.0001657459514,0.0003556557042,0.002050759564,0.004852324499,0.01009225083,0.05982009419,0.1381287432,0.2698984618
0.277,7.127892259e-05,0.0001706679619,0.0003658839644,0.002111431515,0.004992321988,0.01036533395,0.06153128873,0.1418808485,0.2762848688
0.278,7.34214106e-05,0.0001757318607,0.0003763885179,0.002173837271,0.005136115634,0.01064485456,0.06328786931,0.1457212759,0.2827733006
0.279,7.562719034e-05,0.0001809414882,0.0003871758532,0.002238022713,0.005283794412,0.01093091423,0.06509082613,0.1496513291,0.2893628191
0.28,7.789806487e-05,0.0001863007747,0.0003982525596,0.002304034715,0.00543544859,0.01122361351,0.06694115785,0.1536722846,0.2960523277
0.281,8.023588458e-05,0.000191813741,0.0004096253266,0.002371921156,0.005591169694,0.01152305178,0.06883987084,0.1577853886,0.3028405655
0.282,8.264254828e-05,0.0001974845006,0.0004213009422,0.002441730923,0.005751050483,0.01182932706,0.07078797814,0.1619918534,0.3097261025
0.283,8.512000415e-05,0.0002033172599,0.0004332862919,0.002513513917,0.005915184908,0.01214253586,0.07278649849,0.1662928534,0.3167073342
0.284,8.767025082e-05,0.00020931632,0.0004455883567,0.002587321065,0.006083668075,0.01246277301,0.07483645534,0.1706895217,0.3237824768
0.285,9.029533831e-05,0.0002154860777,0.0004582142117,0.002663204316,0.006256596198,0.01279013144,0.07693887556,0.1751829459,0.3309495624
0.286,9.299736913e-05,0.0002218310264,0.0004711710237,0.002741216647,0.006434066559,0.01312470204,0.07909478827,0.1797741636,0.3382064345
0.287,9.577849929e-05,0.0002283557576,0.0004844660494,0.002821412067,0.006616177445,0.01346657344,0.08130522347,0.1844641585,0.3455507441
0.288,9.864093929e-05,0.0002350649612,0.0004981066329,0.002903845611,0.006803028103,0.01381583181,0.08357121062,0.1892538555,0.3529799457
0.289,0.0001015869552,0.0002419634271,0.0005121002032,0.002988573347,0.00699471867,0.01417256069,0.08589377704,0.1941441167,0.3604912938
0.29,0.0001046188697,0.0002490560455,0.0005264542714,0.003075652366,0.007191350115,0.01453684077,0.08827394638,0.1991357359,0.3680818397
0.291,0.0001077390631,0.0002563478082,0.0005411764278,0.00316514078,0.00739302416,0.0149087497,0.09071273669,0.2042294341,0.3757484295
0.292,0.0001109499741,0.0002638438088,0.0005562743386,0.003257097716,0.007599843215,0.01528836184,0.09321115875,0.2094258544,0.383487701
0.293,0.0001142541014,0.000271549244,0.0005717557428,0.003351583307,0.007811910287,0.01567574811,0.09577021395,0.2147255569,0.3912960826
0.294,0.000117654004,0.0002794694133,0.0005876284486,0.003448658683,0.008029328903,0.01607097576,0.09839089222,0.2201290132,0.3991697919
0.295,0.0001211523027,0.0002876097203,0.0006039003293,0.003548385956,0.008252203014,0.01647410812,0.1010741699,0.2256366013,0.4071048352
0.296,0.0001247516809,0.0002959756725,0.0006205793196,0.003650828207,0.008480636898,0.01688520445,0.1038210071,0.2312485999,0.4150970072
0.297,0.0001284548854,0.0003045728821,0.0006376734112,0.003756049469,0.008714735063,0.01730431968,0.1066323458,0.2369651831,0.4231418919
0.298,0.0001322647278,0.0003134070656,0.0006551906488,0.003864114704,0.008954602135,0.01773150424,0.1095091064,0.2427864143,0.4312348638
0.299,0.0001361840848,0.0003224840443,0.0006731391248,0.003975089785,0.009200342744,0.01816680381,0.1124521856,0.2487122409,0.4393710893
0.3,0.0001402158996,0.0003318097438,0.000691526975,0.004089041468,0.00945206141,0.01861025913,0.1154624535,0.2547424886,0.4475455299
0.301,0.0001443631825,0.0003413901945,0.0007103623735,0.004206037365,0.009709862414,0.01906190584,0.1185407503,0.2608768554,0.4557529454
0.302,0.0001486290118,0.0003512315307,0.0007296535273,0.00432614591,0.009973849668,0.01952177418,0.1216878828,0.2671149056,0.4639878974
0.303,0.0001530165349,0.0003613399904,0.0007494086708,0.004449436328,0.01024412658,0.01998988891,0.1249046221,0.273456065,0.4722447549
0.304,0.0001575289684,0.0003717219147,0.0007696360603,0.004575978595,0.01052079591,0.02046626904,0.128191699,0.2798996139,0.4805176992
0.305,0.0001621695996,0.0003823837471,0.0007903439684,0.004705843396,0.01080395963,0.02095092766,0.131549801,0.2864446825,0.4888007305
0.306,0.0001669417865,0.0003933320325,0.0008115406775,0.00483910208,0.01109371876,0.02144387178,0.1349795684,0.2930902446,0.4970876749
0.307,0.000171848959,0.0004045734164,0.0008332344741,0.004975826612,0.0113901732,0.02194510218,0.1384815903,0.2998351123,0.5053721924
0.308,0.0001768946192,0.0004161146435,0.0008554336422,0.005116089518,0.01169342161,0.02245461318,0.1420564006,0.3066779312,0.5136477861
0.309,0.0001820823419,0.0004279625567,0.0008781464567,0.005259963827,0.01200356119,0.02297239255,0.1457044735,0.3136171742,0.52190781
0.31,0.0001874157751,0.0004401240949,0.0009013811772,0.005407523015,0.01232068752,0.02349842133,0.1494262195,0.3206511368,0.530145481
0.311,0.0001928986408,0.0004526062919,0.0009251460406,0.00555884093,0.01264489439,0.02403267374,0.1532219805,0.3277779334,0.5383538892
0.312,0.0001985347346,0.0004654162744,0.000949449255,0.005713991729,0.01297627362,0.02457511701,0.1570920256,0.334995491,0.5465260086
0.313,0.0002043279267,0.0004785612598,0.0009742989917,0.005873049798,0.01331491485,0.02512571128,0.1610365456,0.3423015457,0.5546547116
0.314,0.0002102821615,0.0004920485539,0.000999703379,0.006036089672,0.01366090537,0.02568440954,0.1650556485,0.3496936394,0.5627327797
0.315,0.0002164014582,0.0005058855486,0.001025670494,0.006203185953,0.0140143299,0.02625115752,0.1691493545,0.3571691152,0.5707529184
0.316,0.0002226899104,0.0005200797191,0.001052208357,0.006374413214,0.01437527042,0.02682589361,0.1733175905,0.3647251143,0.5787077715
0.317,0.0002291516864,0.0005346386211,0.001079324921,0.006549845909,0.01474380593,0.02740854883,0.1775601848,0.3723585735,0.5865899359
0.318,0.0002357910288,0.0005495698879,0.001107028069,0.006729558266,0.01512001227,0.02799904677,0.1818768619,0.3800662227,0.5943919753
0.319,0.0002426122541,0.0005648812268,0.001135325601,0.006913624186,0.01550396192,0.02859730359,0.1862672367,0.3878445829,0.6021064386
0.32,0.0002496197528,0.0005805804159,0.001164225232,0.007102117126,0.01589572376,0.02920322798,0.1907308089,0.3956899648,0.6097258737
0.321,0.0002568179884,0.0005966753001,0.00119373458,0.007295109983,0.01629536287,0.02981672119,0.1952669577,0.4035984677,0.6172428451
0.322,0.0002642114968,0.0006131737878,0.001223861162,0.00749267497,0.01670294034,0.03043767705,0.1998749356,0.4115659798,0.6246499504
0.323,0.0002718048861,0.0006300838459,0.001254612384,0.007694883489,0.01711851303,0.03106598202,0.2045538625,0.419588178,0.6319398365
0.324,0.0002796028351,0.0006474134964,0.001285995535,0.007901805991,0.01754213339,0.03170151523,0.2093027205,0.4276605286,0.6391052177
0.325,0.0002876100926,0.0006651708113,0.001318017781,0.008113511837,0.01797384921,0.03234414857,0.2141203476,0.4357782896,0.6461388914
0.326,0.000295831476,0.0006833639077,0.001350686154,0.008330069155,0.01841370344,0.03299374676,0.2190054317,0.443936513,0.6530337562
0.327,0.0003042718703,0.0007020009436,0.001384007549,0.00855154468,0.01886173398,0.03365016749,0.2239565053,0.4521300463,0.6597828284
0.328,0.0003129362265,0.0007210901121,0.001417988714,0.008778003602,0.01931797349,0.03431326155,0.2289719396,0.4603535385,0.6663792585
0.329,0.0003218295598,0.0007406396361,0.001452636245,0.009009509396,0.01978244918,0.03498287292,0.2340499385,0.4686014427,0.6728163475
0.33,0.0003309569481,0.0007606577631,0.001487956578,0.009246123658,0.02025518258,0.03565883897,0.2391885334,0.4768680221,0.679087563
0.331,0.0003403235298,0.0007811527591,0.001523955984,0.009487905927,0.02073618945,0.03634099065,0.2443855777,0.4851473562,0.6851865569
0.332,0.0003499345018,0.0008021329031,0.001560640563,0.0097349135,0.0212254795,0.03702915265,0.2496387413,0.493433347,0.6911071767
0.333,0.0003597951169,0.0008236064804,0.001598016233,0.009987201256,0.02172305626,0.03772314359,0.2549455058,0.5017197264,0.6968434827
0.334,0.0003699106818,0.000845581777,0.001636088731,0.01024482145,0.02222891692,0.0384227763,0.2603031593,0.5100000656,0.7023897639
0.335,0.0003802865538,0.0008680670725,0.001674863602,0.01050782355,0.02274305217,0.03912785798,0.2657087921,0.5182677836,0.7077405459
0.336,0.0003909281384,0.0008910706343,0.001714346197,0.01077625397,0.02326544603,0.03983819051,0.2711592923,0.5265161558,0.7128906085
0.337,0.0004018408857,0.0009146007099,0.001754541665,0.01105015596,0.02379607573,0.04055357067,0.276651341,0.5347383272,0.7178349963
0.338,0.0004130302875,0.0009386655212,0.001795454951,0.01132956931,0.02433491161,0.04127379042,0.28218141,0.5429273216,0.7225690276
0.339,0.0004245018735,0.0009632732564,0.001837090789,0.01161453018,0.02488191695,0.04199863717,0.2877457573,0.5510760544,0.7270883075
0.34,0.0004362612078,0.0009884320637,0.001879453696,0.0119050709,0.0254370479,0.04272789411,0.2933404248,0.5591773453,0.7313887345
0.341,0.0004483138847,0.001014150044,0.001922547973,0.01220121972,0.02600025339,0.04346134046,0.2989612356,0.5672239324,0.7354665103
0.342,0.0004606655247,0.001040435243,0.001966377699,0.0125030006,0.02657147508,0.04419875179,0.3046037922,0.5752084845,0.7393181464
0.343,0.0004733217698,0.001067295644,0.002010946723,0.01281043299,0.02715064722,0.04493990035,0.3102634753,0.5831236165,0.7429404696
0.344,0.0004862882795,0.001094739163,0.002056258668,0.01312353162,0.02773769669,0.04568455537,0.3159354424,0.5909619063,0.7463306286
0.345,0.0004995707251,0.001122773637,0.002102316924,0.01344230626,0.02833254293,0.04643248341,0.321614628,0.5987159063,0.7494860965
0.346,0.0005131747856,0.001151406818,0.002149124647,0.0137667615,0.02893509793,0.04718344864,0.3272957442,0.6063781632,0.752404675
0.347,0.0005271061414,0.00118064637,0.002196684755,0.01409689653,0.0295452662,0.04793721321,0.3329732808,0.6139412325,0.755084495
0.348,0.0005413704698,0.001210499854,0.002244999927,0.01443270493,0.03016294486,0.04869353756,0.3386415084,0.6213976943,0.7575240182
0.349,0.0005559734384,0.001240974727,0.002294072603,0.01477417444,0.0307880236,0.04945218078,0.3442944801,0.6287401723,0.7597220389
0.35,0.0005709206997,0.001272078329,0.002343904981,0.01512128673,0.03142038478,0.05021290088,0.3499260347,0.6359613488,0.7616776772
0.351,0.0005862178847,0.001303817882,0.002394499016,0.01547401723,0.03205990346,0.05097545519,0.355529801,0.6430539823,0.7633903838
0.352,0.0006018705966,0.001336200478,0.002445856422,0.01583233486,0.03270644752,0.05173960063,0.361099203,0.6500109254,0.7648599316
0.353,0.0006178844043,0.001369233073,0.002497978667,0.0161962019,0.03335987775,0.05250509406,0.3666274652,0.6568251395,0.7660864139
0.354,0.0006342648354,0.00140292248,0.002550866978,0.01656557373,0.03402004794,0.05327169255,0.3721076189,0.6634897141,0.7670708048
0.355,0.0006510173695,0.001437275364,0.00260452234,0.0169403987,0.03468680506,0.05403915454,0.3775325106,0.6699978821,0.7678083742
0.356,0.0006681474309,0.001472298233,0.00265894549,0.01732061787,0.03535998938,0.05480723063,0.3828948095,0.6763430361,0.7683153243
0.357,0.0006856603813,0.00150799743,0.002714136936,0.01770616493,0.03603943467,0.05557570447,0.3881870166,0.6825187437,0.7685775376
0.358,0.0007035615122,0.001544379132,0.00277009694,0.01809696597,0.03672496833,0.05634430519,0.393401476,0.688518765,0.7685946726
0.359,0.0007218560375,0.001581449337,0.002826825518,0.01849293936,0.03741641165,0.05711281656,0.3985303846,0.694337065,0.768385267
0.36,0.0007405490853,0.001619213863,0.002884322462,0.01889399557,0.03811357997,0.05788099741,0.4035658044,0.6999678292,0.7679380682
0.361,0.0007596456905,0.001657678342,0.002942587325,0.0193000371,0.03881628296,0.0586486155,0.4084996759,0.705405478,0.7672596998
0.362,0.0007791507862,0.001696848209,0.003001619429,0.01971095834,0.03952432481,0.05941544052,0.4133238306,0.7106446775,0.7663524053
0.363,0.0007990691959,0.001736728704,0.003061417866,0.02012664543,0.0402375045,0.06018124498,0.4180300065,0.7156803543,0.7652190745
0.364,0.000819405625,0.001777324862,0.003121981504,0.02054697624,0.0409556161,0.06094580439,0.4226098632,0.720507704,0.7638628258
0.365,0.0008401646528,0.00181864151,0.003183308986,0.02097182024,0.04167844899,0.06170889746,0.4270549973,0.725122205,0.7622869895
0.366,0.0008613507237,0.001860683262,0.003245398737,0.02140103851,0.04240578818,0.06247030637,0.43135696,0.7295196246,0.7604950996
0.367,0.0008829681389,0.001903454515,0.003308248966,0.02183448361,0.0431374146,0.0632298169,0.4355072744,0.7336960299,0.7584908798
0.368,0.000905021048,0.001946959446,0.003371857668,0.02227199968,0.0438731054,0.06398721867,0.4394974534,0.7376477955,0.7562782334
0.369,0.0009275134405,0.001991202006,0.003436222631,0.02271342232,0.04461263424,0.06474230527,0.4433190195,0.7413716083,0.7538612293
0.37,0.0009504491373,0.002036185918,0.003501341439,0.0231585787,0.04535577167,0.06549487443,0.4469635225,0.7448644742,0.7512440896
0.371,0.0009738317822,0.002081914674,0.003567211475,0.02360728755,0.04610228535,0.0662447282,0.4504225612,0.7481237228,0.7484311809
0.372,0.0009976648334,0.002128391535,0.003633829926,0.02405935923,0.04685194049,0.06699167305,0.4536878029,0.7511470111,0.7454269953
0.373,0.001021951556,0.002175619524,0.003701193788,0.02451459582,0.04760450009,0.06773551998,0.4567510031,0.7539323243,0.7422361444
0.374,0.001046695011,0.002223601424,0.003769299872,0.02497279119,0.04835972529,0.0684760847,0.4596040285,0.7564779784,0.7388633472
0.375,0.001071898053,0.002272339783,0.003838144804,0.02543373117,0.04911737574,0.06921318764,0.4622388771,0.7587826203,0.7353134121
0.376,0.001097563315,0.002321836904,0.003907725035,0.02589719362,0.04987720989,0.06994665411,0.4646476988,0.7608452283,0.7315912328
0.377,0.001123693205,0.002372094849,0.003978036843,0.02636294869,0.05063898532,0.07067631435,0.4668228187,0.7626651058,0.7277017719
0.378,0.001150289897,0.00242311544,0.00404907634,0.02683075889,0.0514024591,0.07140200358,0.4687567566,0.7642418852,0.7236500536
0.379,0.001177355326,0.002474900253,0.004120839474,0.02730037941,0.05216738808,0.07212356207,0.4704422494,0.7655755196,0.7194411502
0.38,0.001204891176,0.00252745062,0.004193322036,0.02777155826,0.05293352921,0.07284083519,0.4718722726,0.7666662776,0.7150801712
0.381,0.001232898876,0.002580767634,0.004266519666,0.02824403657,0.05370063984,0.07355367343,0.4730400595,0.7675154144,0.7105722567
0.382,0.001261379593,0.002634852144,0.004340427856,0.02871754884,0.05446847899,0.07426193244,0.4739391233,0.7681173347,0.7059225652
0.383,0.001290334227,0.00268970475,0.004415041958,0.02919182321,0.05523679638,0.07496547303,0.4745632768,0.7684913191,0.7011362643
0.384,0.001319763401,0.002745325828,0.004490357184,0.02966658183,0.05600538102,0.07566416116,0.4749066516,0.7686204053,0.6962185227
0.385,0.001349667458,0.002801715507,0.004566368619,0.03014154112,0.05677395679,0.07635786798,0.4749637174,0.7685040908,0.6911745006
0.386,0.001380046454,0.00285887367,0.004643071219,0.03061641215,0.05754231262,0.07704646978,0.4747293002,0.7681642696,0.6860093425
0.387,0.001410900155,0.002916799978,0.004720459818,0.031090901,0.05831020737,0.07772984799,0.4741986,0.7675872153,0.6807281712
0.388,0.001442228029,0.002975493854,0.004798529136,0.03156470916,0.05907741032,0.07840788914,0.4733672074,0.7667805267,0.6753360754
0.389,0.001474029246,0.003034954491,0.004877273781,0.03203753389,0.05984369267,0.07908048485,0.4722311202,0.7657464988,0.669838108
0.39,0.001506302667,0.003095180857,0.004956688256,0.03250906869,0.06060882857,0.07974753173,0.4707867575,0.7644881501,0.6642392793
0.391,0.00153904685,0.003156171692,0.005036766962,0.03297900365,0.0613725953,0.08040893143,0.4690309727,0.7630087213,0.6585445458
0.392,0.001572260037,0.003217925518,0.005117504205,0.03344702597,0.06213477349,0.08106459048,0.4669610708,0.7613116548,0.6527588116
0.393,0.001605940159,0.003280440638,0.0051988942,0.03391282039,0.0628951473,0.08171442033,0.464574814,0.7594005941,0.6468869198
0.394,0.001640084829,0.00334371514,0.005280931075,0.03437606961,0.06365350464,0.08235833719,0.4618704364,0.757279365,0.6409336448
0.395,0.001674691344,0.003407746905,0.005363608877,0.03483645484,0.06440963732,0.08299626205,0.4588466543,0.7549519627,0.6349036943
0.396,0.001709756678,0.003472533605,0.005446921576,0.03529365624,0.06516334124,0.08362812056,0.4555026703,0.7524225467,0.6288017025
0.397,0.001745277488,0.003538072711,0.005530863072,0.0357473534,0.06591441652,0.08425384295,0.4518381835,0.7496954185,0.6226322219
0.398,0.00178125011,0.003604361497,0.005615427195,0.03619722589,0.06666266766,0.08487336399,0.4478533955,0.7467750168,0.616399729
0.399,0.001817670558,0.003671397042,0.005700607713,0.03664295372,0.06740790366,0.08548662286,0.443549013,0.743665904,0.6101086126
0.4,0.001854534529,0.003739176237,0.005786398335,0.03708421785,0.06814993814,0.0860935631,0.4389262504,0.7403727509,0.6037631767
0.401,0.0018918374,0.00380769579,0.005872792715,0.03752070072,0.06888858942,0.0866941325,0.4339868357,0.7369003285,0.5973676371
0.402,0.001929574232,0.003876952229,0.00595978446,0.03795208677,0.06962368066,0.08728828303,0.4287330056,0.7332534945,0.5909261187
0.403,0.00196773977,0.003946941907,0.006047367127,0.0383780629,0.07035503992,0.08787597075,0.4231675091,0.7294371838,0.5844426525
0.404,0.002006328451,0.004017661009,0.006135534234,0.03879831903,0.07108250021,0.08845715566,0.4172936023,0.7254563926,0.5779211765
0.405,0.002045334399,0.004089105554,0.006224279259,0.03921254856,0.07180589957,0.0890318017,0.4111155411,0.7213161742,0.5713655354
0.406,0.002084751439,0.004161271402,0.006313595647,0.03962044958,0.07252508112,0.08959987658,0.4046328142,0.7170216229,0.5647794758
0.407,0.002124573086,0.00423415426,0.006403476812,0.0400217171,0.07323989308,0.09016135172,0.3978635003,0.7125778664,0.558166648
0.408,0.002164792573,0.004307749683,0.006493916142,0.04041607907,0.07395018883,0.09071620213,0.3907992684,0.7079900582,0.5515306066
0.409,0.002205402835,0.004382053085,0.006584907001,0.04080321974,0.0746558269,0.09126440634,0.3834441678,0.703263359,0.5448748097
0.41,0.002246396519,0.004457059739,0.006676442733,0.04118287588,0.07535667098,0.09180594627,0.3758190131,0.6984029412,0.5382026119
0.411,0.002287765998,0.004532764785,0.006768516667,0.04155476689,0.07605258993,0.09234080717,0.367918659,0.6934139696,0.5315172819
0.412,0.002329503375,0.004609163235,0.006861122117,0.04191862496,0.07674345778,0.0928689775,0.3597539134,0.688301595,0.5248219808
0.413,0.002371600483,0.004686249977,0.006954252389,0.04227418902,0.0774291537,0.09339044882,0.3513319375,0.6830709519,0.5181197774
0.414,0.002414048903,0.00476401978,0.00704790078,0.04262120578,0.07810956196,0.09390521574,0.3426606704,0.6777271449,0.5114136495
0.415,0.002456839964,0.004842467301,0.007142060585,0.04295943008,0.07878457195,0.09441327576,0.3337484551,0.6722752429,0.50470647
0.416,0.002499964754,0.004921587089,0.007236725096,0.04328862532,0.07945407809,0.09491462925,0.3246040219,0.6667202763,0.4980010271
0.417,0.002543414129,0.005001373589,0.007331887609,0.04360856379,0.0801179798,0.09540927928,0.3152364681,0.6610672253,0.4913000106
0.418,0.002587178723,0.005081821149,0.007427541422,0.04391902707,0.08077618148,0.0958972316,0.3056552421,0.655321019,0.4846060194
0.419,0.002631248955,0.005162924022,0.007523679842,0.04421980634,0.08142859241,0.09637849449,0.2958701269,0.6494865266,0.477921562
0.42,0.002675615041,0.005244676374,0.007620296185,0.04451070275,0.0820751267,0.0968530787,0.285891216,0.643568554,0.4712490571
0.421,0.002720267003,0.005327072289,0.007717383778,0.04479152767,0.08271570326,0.09732099735,0.2757288938,0.6375718395,0.4645908341
0.422,0.00276519468,0.00541010577,0.007814935963,0.04506210298,0.08335024568,0.09778226587,0.2653938183,0.6315010494,0.4579491384
0.423,0.002810387737,0.005493770745,0.007912946098,0.04532226138,0.08397868219,0.09823690185,0.2548968949,0.6253607724,0.4513261242
0.424,0.002855835678,0.005578061076,0.008011407562,0.04557184656,0.08460094556,0.09868492503,0.2442492558,0.6191555198,0.4447238697
0.425,0.002901527857,0.005662970558,0.008110313752,0.04581071345,0.08521697303,0.09912635716,0.2334622367,0.612889718,0.4381443662
0.426,0.002947453488,0.005748492924,0.008209658087,0.04603872843,0.08582670625,0.09956122197,0.2225473557,0.6065677097,0.4315895171
0.427,0.002993601656,0.005834621854,0.008309434015,0.04625576945,0.08643009113,0.09998954502,0.2115162859,0.6001937519,0.425061165
0.428,0.003039961332,0.005921350974,0.008409635006,0.04646172621,0.08702707781,0.1004113537,0.200380833,0.593772006,0.4185610559
0.429,0.003086521381,0.006008673862,0.00851025456,0.0466565003,0.08761762056,0.1008266771,0.1891529139,0.5873065437,0.4120908709
0.43,0.003133270576,0.006096584053,0.008611286209,0.04684000523,0.08820167765,0.1012355459,0.1778445264,0.5808013511,0.4056522136
0.431,0.00318019761,0.006185075042,0.008712723512,0.04701216655,0.0887792113,0.1016379925,0.1664677295,0.5742603092,0.399246613
0.432,0.003227291107,0.006274140289,0.008814560064,0.04717292191,0.08935018757,0.1020340507,0.1550346172,0.5676872051,0.3928755346
0.433,0.003274539635,0.006363773222,0.008916789495,0.04732222105,0.08991457625,0.1024237556,0.143557293,0.5610857376,0.3865403637
0.434,0.003321931717,0.006453967237,0.00901940547,0.04746002579,0.09047235078,0.1028071438,0.1320478448,0.5544595023,0.3802424289
0.435,0.003369455846,0.006544715711,0.00912240169,0.04758631004,0.09102348815,0.1031842533,0.1205183248,0.5478119957,0.373982984
0.436,0.003417100492,0.006636011995,0.009225771896,0.04770105973,0.0915679688,0.103555123,0.1089807198,0.5411466217,0.3677632266
0.437,0.00346485412,0.006727849424,0.009329509869,0.04780427274,0.09210577653,0.1039197933,0.09744692826,0.5344666884,0.3615842879
0.438,0.003512705195,0.006820221319,0.00943360943,0.04789595878,0.09263689838,0.1042783055,0.0859287407,0.5277753992,0.3554472346
0.439,0.003560642202,0.006913120989,0.009538064442,0.04797613929,0.09316132457,0.1046307021,0.07443781392,0.5210758662,0.3493530833
0.44,0.00360865365,0.007006541734,0.00964286881,0.04804484731,0.09367904836,0.1049770263,0.06298564591,0.5143711099,0.3433027844
0.441,0.003656728087,0.00710047685,0.009748016485,0.04810212725,0.09419006601,0.1053173225,0.05158355718,0.5076640452,0.3372972405
0.442,0.003704854113,0.00719491963,0.009853501461,0.0481480348,0.09469437662,0.105651636,0.04024266974,0.5009574988,0.33133729
0.443,0.003753020388,0.007289863368,0.009959317778,0.0481826366,0.09519198208,0.1059800126,0.02897388344,0.4942542049,0.3254237298
0.444,0.003801215643,0.007385301361,0.01006545952,0.04820601012,0.09568288698,0.1063024991,0.01778785752,0.4875568012,0.3195572948
0.445,0.003849428695,0.007481226911,0.01017192083,0.04821824334,0.09616709849,0.1066191431,0.006694992129,0.4808678366,0.3137386794
0.446,0.003897648449,0.00757763333,0.01027869588,0.0482194345,0.09664462628,0.1069299927,-0.004294591362,0.4741897679,0.3079685267
0.447,0.003945863919,0.00767451394,0.0103857789,0.04820969183,0.09711548244,0.1072350965,-0.01517106589,0.4675249659,0.3022474261
0.448,0.003994064228,0.007771862076,0.01049316417,0.04818913321,0.09757968138,0.107534504,-0.02592491621,0.4608757109,0.2965759356
0.449,0.004042238622,0.007869671089,0.01060084602,0.0481578859,0.09803723976,0.1078282651,-0.03654695644,0.4542441982,0.2909545575
0.45,0.004090376482,0.007967934348,0.01070881884,0.04811608615,0.09848817639,0.10811643,-0.04702833877,0.4476325402,0.2853837577
0.451,0.004138467325,0.008066645241,0.01081707704,0.0480638789,0.09893251213,0.1083990496,-0.05736057019,0.4410427621,0.2798639587
0.452,0.004186500821,0.008165797179,0.0109256151,0.04800141739,0.09937026985,0.108676175,-0.06753552713,0.4344768113,0.2743955467
0.453,0.004234466796,0.008265383597,0.01103442757,0.04792886281,0.09980147431,0.1089478579,-0.07754545796,0.4279365554,0.2689788618
0.454,0.004282355239,0.008365397953,0.01114350902,0.0478463839,0.1002261521,0.1092141501,-0.08738300166,0.4214237804,0.2636142156
0.455,0.004330156314,0.008465833735,0.01125285409,0.04775415655,0.1006443316,0.1094751038,-0.09704119183,0.4149401965,0.258301884
0.456,0.004377860363,0.00856668446,0.01136245747,0.04765236344,0.1010560428,0.1097307714,-0.1065134596,0.4084874442,0.2530420967
0.457,0.004425457915,0.008667943675,0.01147231389,0.04754119361,0.1014613173,0.1099812056,-0.1157936518,0.4020670835,0.2478350663
0.458,0.00447293969,0.00876960496,0.01158241815,0.04742084204,0.1018601882,0.1102264592,-0.1248760204,0.3956806064,0.2426809594
0.459,0.004520296605,0.008871661928,0.0116927651,0.04729150925,0.1022526902,0.1104665852,-0.1337552368,0.389329433,0.2375799186
0.46,0.004567519783,0.008974108229,0.01180334963,0.04715340088,0.1026388593,0.1107016367,-0.142426391,0.3830149196,0.2325320611
0.461,0.004614600552,0.009076937548,0.0119141667,0.04700672727,0.1030187327,0.110931667,-0.150884989,0.3767383528,0.2275374591
0.462,0.004661530454,0.009180143609,0.01202521131,0.04685170306,0.1033923491,0.1111567294,-0.159126959,0.3705009495,0.2225961726
0.463,0.004708301247,0.009283720174,0.01213647852,0.04668854674,0.1037597481,0.1113768772,-0.1671486436,0.3643038758,0.2177082361
0.464,0.004754904911,0.009387661046,0.01224796344,0.04651748024,0.1041209706,0.1115921637,-0.1749468033,0.3581482253,0.2128736422
0.465,0.004801333646,0.00949196007,0.01235966125,0.04633872854,0.1044760587,0.1118026422,-0.1825186057,0.3520350342,0.2080923701
0.466,0.004847579882,0.009596611133,0.01247156714,0.04615251925,0.1048250552,0.1120083662,-0.1898616273,0.3459652831,0.2033643833
0.467,0.004893636275,0.009701608165,0.01258367641,0.04595908218,0.105168004,0.1122093887,-0.1969738448,0.339939898,0.1986896011
0.468,0.004939495714,0.00980694514,0.01269598437,0.04575864899,0.10550495,0.1124057631,-0.2038536295,0.3339597417,0.1940679434
0.469,0.004985151319,0.009912616079,0.01280848641,0.04555145277,0.1058359388,0.1125975423,-0.2104997388,0.3280256285,0.1894992921
0.47,0.005030596444,0.01001861505,0.01292117794,0.04533772766,0.1061610169,0.1127847793,-0.2169113046,0.3221383261,0.184983517
0.471,0.005075824676,0.01012493616,0.01303405447,0.04511770847,0.1064802313,0.1129675269,-0.2230878316,0.3162985441,0.1805204712
0.472,0.005120829841,0.01023157357,0.01314711152,0.0448916304,0.10679363,0.1131458377,-0.2290297491,0.3105069414,0.1761099837
0.473,0.005165605995,0.0103385215,0.01326034468,0.04465972778,0.1071012615,0.1133197643,-0.2347318059,0.304764141,0.1717518657
0.474,0.005210147437,0.01044577419,0.0133737496,0.04442224328,0.1074031748,0.1134893589,-0.2402098062,0.29907071,0.1674459186
0.475,0.005254448689,0.01055332596,0.01348732197,0.04417938687,0.1076994195,0.1136546735,-0.2454490554,0.293427174,0.1631919216
0.476,0.005298504511,0.01066117115,0.01360105754,0.04393142381,0.1079900459,0.1138157599,-0.2504488365,0.287834016,0.1589896394
0.477,0.005342309903,0.01076930419,0.0137149521,0.04367856469,0.1082751045,0.1139726699,-0.2552273942,0.2822916783,0.1548388244
0.478,0.005385860087,0.01087771952,0.0138290015,0.04342104572,0.1085546463,0.1141254547,-0.2597729795,0.27680056,0.1507392107
0.479,0.005429150517,0.01098641166,0.01394320165,0.04315909444,0.1088287228,0.1142741653,-0.2640918923,0.2713610259,0.1466905289
0.48,0.005472176874,0.01109537517,0.01405754849,0.04289293684,0.1090973857,0.1144188526,-0.2681860168,0.2659733979,0.1426924847
0.481,0.005514935063,0.01120460465,0.01417203803,0.04262279646,0.109360687,0.114559567,-0.2720578933,0.260637964,0.1387447824
0.482,0.005557421213,0.01131409477,0.01428666632,0.04234889419,0.1096186791,0.1146963588,-0.2757102979,0.2553549802,0.1348471064
0.483,0.005599631671,0.01142384025,0.01440142946,0.04207144801,0.1098714145,0.1148292778,-0.2791462188,0.2501246634,0.1309991388
0.484,0.005641563,0.01153383586,0.0145163236,0.04179067283,0.110118946,0.1149583736,-0.2823688467,0.2449471991,0.1272005466
0.485,0.005683211977,0.01164407643,0.01463134495,0.04150678027,0.1103613266,0.1150836953,-0.2853815636,0.2398227419,0.1234509834
0.486,0.00572457559,0.01175455682,0.01474648975,0.04121997847,0.1105986092,0.1152052918,-0.2881879205,0.2347514204,0.1197501103
0.487,0.005765651033,0.01186527196,0.01486175431,0.04093047196,0.1108308471,0.1153232116,-0.2907916345,0.2297333251,0.11609756
0.488,0.0058064357,0.01197621685,0.01497713496,0.04063846145,0.1110580936,0.1154375029,-0.2931965632,0.2247685272,0.1124929642
0.489,0.005846927186,0.01208738651,0.01509262812,0.04034414375,0.111280402,0.1155482134,-0.2954066991,0.2198570602,0.1089359567
0.49,0.005887123282,0.01219877602,0.01520823021,0.0400477116,0.1114978255,0.1156553905,-0.2974261556,0.2149989435,0.1054261542
0.491,0.005927021968,0.01231038055,0.01532393774,0.03974935358,0.1117104176,0.1157590813,-0.2992591518,0.2101941659,0.1019631676
0.492,0.005966621409,0.01242219527,0.01543974723,0.03944925401,0.1119182316,0.1158593323,-0.3009099978,0.2054426882,0.09854660962
0.493,0.006005919955,0.01253421543,0.01555565527,0.03914759283,0.1121213208,0.1159561898,-0.3023830897,0.200744454,0.09517607405
0.494,0.006044916133,0.01264643635,0.01567165849,0.03884454558,0.1123197382,0.1160496997,-0.3036828898,0.1960993837,0.09185116171
0.495,0.006083608641,0.01275885337,0.01578775357,0.0385402833,0.1125135372,0.1161399072,-0.3048139161,0.1915073708,0.08857146884
0.496,0.00612199635,0.0128714619,0.01590393722,0.03823497248,0.1127027706,0.1162268575,-0.305780741,0.186968298,0.08533657719
0.497,0.006160078291,0.01298425741,0.01602020621,0.03792877502,0.1128874914,0.1163105952,-0.306587965,0.1824820205,0.08214607569
0.498,0.006197853657,0.0130972354,0.01613655736,0.03762184821,0.1130677522,0.1163911644,-0.3072402178,0.1780483767,0.0789995421
0.499,0.006235321795,0.01321039144,0.0162529875,0.03731434469,0.1132436056,0.1164686088,-0.3077421437,0.1736671913,0.0758965532
0.5,0.006272482203,0.01332372116,0.01636949355,0.03700641248,0.113415104,0.1165429718,-0.3080983928,0.169338265,0.07283668493
0.501,0.006309334525,0.01343722022,0.01648607243,0.03669819492,0.1135822995,0.1166142964,-0.3083136176,0.1650613859,0.0698195163
0.502,0.006345878544,0.01355088434,0.01660272114,0.03638983071,0.1137452441,0.116682625,-0.3083924534,0.1608363286,0.06684460347
0.503,0.006382114182,0.01366470931,0.0167194367,0.03608145394,0.1139039894,0.1167479995,-0.3083395159,0.1566628511,0.06391152936
0.504,0.006418041491,0.01377869094,0.01683621617,0.03577319407,0.1140585869,0.1168104618,-0.3081594031,0.1525406917,0.06101985548
0.505,0.006453660651,0.01389282511,0.01695305666,0.03546517601,0.1142090878,0.1168700529,-0.307856671,0.1484695857,0.05816914322
0.506,0.006488971964,0.01400710776,0.01706995533,0.0351575201,0.114355543,0.1169268136,-0.3074358367,0.1444492494,0.05535896432
0.507,0.006523975851,0.01412153487,0.01718690936,0.03485034222,0.1144980031,0.1169807842,-0.3069013771,0.1404793843,0.05258888024
0.508,0.006558672845,0.01423610246,0.01730391598,0.03454375376,0.1146365184,0.1170320046,-0.3062577098,0.1365596849,0.04985845639
0.509,0.00659306359,0.01435080661,0.01742097247,0.03423786175,0.1147711391,0.1170805142,-0.3055091989,0.132689842,0.04716725242
0.51,0.006627148835,0.01446564345,0.01753807612,0.03393276888,0.1149019146,0.117126352,-0.3046601464,0.1288695145,0.04451484385
0.511,0.006660929427,0.01458060917,0.01765522429,0.03362857357,0.1150288945,0.1171695567,-0.3037147895,0.1250983762,0.04190077414
0.512,0.006694406313,0.01469569999,0.01777241437,0.03332537002,0.1151521277,0.1172101662,-0.3026772953,0.1213760785,0.03932462805
0.513,0.006727580528,0.01481091219,0.01788964377,0.03302324833,0.1152716628,0.1172482184,-0.3015517486,0.1177022566,0.03678596653
0.514,0.006760453199,0.0149262421,0.01800690997,0.03272229454,0.1153875482,0.1172837505,-0.3003421705,0.1140765636,0.03428434812
0.515,0.006793025534,0.01504168609,0.01812421045,0.0324225907,0.1154998318,0.1173167993,-0.2990524945,0.1104986182,0.03181934544
0.516,0.006825298823,0.01515724058,0.01824154275,0.03212421498,0.1156085612,0.1173474012,-0.2976865747,0.1069680498,0.02939052411
0.517,0.006857274431,0.01527290204,0.01835890444,0.03182724172,0.1157137836,0.1173755923,-0.2962481746,0.1034844627,0.02699746346
0.518,0.006888953797,0.01538866699,0.01847629314,0.03153174157,0.1158155457,0.1174014079,-0.2947409789,0.1000474796,0.02463972957
0.519,0.006920338428,0.015504532,0.01859370648,0.0312377815,0.115913894,0.1174248834,-0.2931685846,0.09665669976,0.02231688865
0.52,0.006951429895,0.01562049366,0.01871114214,0.03094542498,0.1160088744,0.1174460532,-0.2915344908,0.09331171789,0.02002852956
0.521,0.006982229832,0.01573654864,0.01882859783,0.03065473196,0.1161005325,0.1174649518,-0.2898421176,0.09001213983,0.01777422765
0.522,0.007012739932,0.01585269363,0.0189460713,0.03036575907,0.1161889136,0.1174816129,-0.2880947845,0.08675753825,0.015553546
0.523,0.007042961942,0.01596892539,0.01906356032,0.03007855964,0.1162740625,0.1174960699,-0.2862957287,0.08354751304,0.0133660913
0.524,0.00707289766,0.01608524069,0.01918106271,0.02979318382,0.1163560234,0.117508356,-0.2844480873,0.08038164408,0.01121143681
0.525,0.007102548933,0.01620163639,0.01929857632,0.02950967865,0.1164348403,0.1175185036,-0.2825549117,0.07725950636,0.009089164453
0.526,0.007131917655,0.01631810934,0.01941609902,0.02922808819,0.1165105568,0.117526545,-0.280619165,0.07418067468,0.006998871887
0.527,0.007161005761,0.01643465648,0.01953362872,0.02894845357,0.116583216,0.1175325119,-0.2786437036,0.07114472829,0.004940150041
0.528,0.007189815227,0.01655127477,0.01965116336,0.02867081311,0.1166528604,0.1175364357,-0.2766313136,0.06815123831,0.002912594807
0.529,0.007218348064,0.01666796121,0.01976870092,0.02839520237,0.1167195325,0.1175383473,-0.2745846823,0.06519976415,0.0009158017227
0.53,0.007246606319,0.01678471286,0.0198862394,0.0281216543,0.1167832738,0.1175382774,-0.2725063969,0.06228988942,-0.001050624973
0.531,0.00727459207,0.0169015268,0.02000377682,0.02785019929,0.116844126,0.1175362561,-0.2703989803,0.05942116664,-0.002987078954
0.532,0.007302307425,0.01701840016,0.02012131127,0.02758086526,0.1169021297,0.1175323131,-0.2682648468,0.05659316456,-0.004893958557
0.533,0.007329754517,0.01713533012,0.02023884082,0.02731367774,0.1169573257,0.1175264779,-0.2661063355,0.05380545833,-0.006771648617
0.534,0.007356935504,0.01725231389,0.0203563636,0.02704865997,0.1170097539,0.1175187794,-0.2639257023,0.05105759571,-0.008620532185
0.535,0.007383852567,0.01736934872,0.02047387777,0.02678583299,0.1170594541,0.1175092463,-0.2617251093,0.04834915123,-0.01044099827
0.536,0.007410507906,0.0174864319,0.02059138149,0.02652521571,0.1171064652,0.1174979068,-0.2595066499,0.04567969091,-0.01223341567
0.537,0.00743690374,0.01760356076,0.02070887299,0.02626682499,0.1171508263,0.1174847887,-0.2572723278,0.04304876258,-0.01399817171
0.538,0.007463042303,0.01772073268,0.02082635049,0.02601067571,0.1171925755,0.1174699195,-0.2550240766,0.04045595044,-0.01573563469
0.539,0.007488925843,0.01783794506,0.02094381225,0.02575678087,0.1172317507,0.1174533264,-0.2527637414,0.0379008153,-0.01744616246
0.54,0.00751455662,0.01795519534,0.02106125657,0.02550515167,0.1172683895,0.117435036,-0.2504930996,0.03538290901,-0.01913013877
0.541,0.007539936905,0.018072481,0.02117868177,0.02525579754,0.1173025288,0.1174150748,-0.2482138614,0.03290181384,-0.0207879078
0.542,0.007565068976,0.01818979957,0.02129608617,0.02500872628,0.1173342053,0.1173934688,-0.2459276489,0.03045709258,-0.02241982858
0.543,0.007589955121,0.01830714861,0.02141346816,0.02476394406,0.117363455,0.1173702437,-0.2436360232,0.02804831524,-0.02402627001
0.544,0.007614597629,0.01842452569,0.02153082613,0.02452145554,0.1173903137,0.1173454247,-0.2413404837,0.02567505421,-0.02560757059
0.545,0.007638998797,0.01854192845,0.02164815849,0.02428126393,0.1174148168,0.1173190368,-0.2390424506,0.02333687958,-0.02716407058
0.546,0.007663160923,0.01865935455,0.02176546369,0.02404337103,0.1174369991,0.1172911047,-0.2367432826,0.02103336586,-0.02869612143
0.547,0.007687086306,0.01877680168,0.02188274019,0.02380777731,0.1174568949,0.1172616526,-0.234444287,0.01876409561,-0.03020407286
0.548,0.007710777244,0.01889426759,0.0219999865,0.02357448199,0.1174745385,0.1172307045,-0.2321466932,0.01652864174,-0.0316882358
0.549,0.007734236035,0.01901175002,0.02211720111,0.02334348307,0.1174899634,0.1171982839,-0.2298516775,0.0143265872,-0.03314895396
0.55,0.007757464975,0.01912924678,0.02223438258,0.02311477741,0.1175032027,0.1171644143,-0.2275603677,0.01215751778,-0.03458656018
0.551,0.007780466353,0.01924675571,0.02235152946,0.02288836075,0.1175142893,0.1171291184,-0.2252738257,0.01002101288,-0.03600137473
0.552,0.007803242457,0.01936427466,0.02246864035,0.02266422784,0.1175232554,0.117092419,-0.2229930574,0.007916671198,-0.03739370906
0.553,0.007825795568,0.01948180152,0.02258571384,0.0224423724,0.1175301332,0.1170543384,-0.2207190246,0.005844076471,-0.0387638901
0.554,0.007848127959,0.01959933424,0.02270274857,0.02222278725,0.117534954,0.1170148985,-0.2184526343,0.00380282714,-0.04011223244
0.555,0.007870241897,0.01971687076,0.02281974319,0.0220054643,0.1175377491,0.1169741211,-0.2161947491,0.001792518933,-0.04143902734
0.556,0.007892139639,0.01983440907,0.02293669638,0.02179039465,0.1175385493,0.1169320275,-0.2139461736,-0.0001872551593,-0.0427445992
0.557,0.007913823434,0.0199519472,0.02305360682,0.0215775686,0.1175373847,0.1168886389,-0.211707677,-0.00213687374,-0.0440292452
0.558,0.00793529552,0.02006948319,0.02317047323,0.0213669757,0.1175342854,0.1168439759,-0.2094799866,-0.004056749782,-0.04529325965
0.559,0.007956558126,0.02018701514,0.02328729435,0.0211586048,0.117529281,0.1167980591,-0.2072637743,-0.005947263786,-0.04653692807
0.56,0.007977613467,0.02030454113,0.02340406894,0.02095244411,0.1175224005,0.1167509088,-0.2050596822,-0.007808800644,-0.04776055929
0.561,0.007998463747,0.02042205932,0.02352079576,0.0207484812,0.1175136729,0.1167025446,-0.2028683116,-0.009641756794,-0.04896442865
0.562,0.008019111157,0.02053956787,0.02363747363,0.02054670307,0.1175031264,0.1166529864,-0.2006902224,-0.01144649382,-0.05014881186
0.563,0.008039557876,0.02065706498,0.02375410134,0.02034709616,0.1174907892,0.1166022534,-0.1985259429,-0.01322340571,-0.0513140106
0.564,0.008059806069,0.02077454886,0.02387067775,0.02014964642,0.1174766888,0.1165503647,-0.1963759597,-0.0149728584,-0.05246028102
0.565,0.008079857884,0.02089201778,0.0239872017,0.01995433932,0.1174608525,0.116497339,-0.1942407327,-0.01669521731,-0.05358789898
0.566,0.008099715456,0.02100947,0.02410367205,0.0197611599,0.1174433073,0.116443195,-0.192120684,-0.01839085915,-0.05469713029
0.567,0.008119380907,0.02112690383,0.02422008772,0.01957009277,0.1174240796,0.1163879508,-0.1900162106,-0.02006014197,-0.05578826263
0.568,0.008138856341,0.0212443176,0.0243364476,0.01938112217,0.1174031956,0.1163316244,-0.1879276767,-0.02170341706,-0.05686152444
0.569,0.008158143845,0.02136170968,0.02445275061,0.01919423199,0.1173806813,0.1162742336,-0.1858554141,-0.02332105521,-0.05791718656
0.57,0.008177245493,0.02147907843,0.02456899571,0.01900940581,0.117356562,0.1162157958,-0.1837997353,-0.02491339632,-0.05895552563
0.571,0.008196163339,0.02159642227,0.02468518186,0.0188266269,0.1173308628,0.1161563283,-0.1817609183,-0.02648079331,-0.05997675479
0.572,0.008214899423,0.02171373964,0.02480130803,0.01864587827,0.1173036086,0.116095848,-0.1797392282,-0.02802358692,-0.06098114266
0.573,0.008233455767,0.02183102898,0.02491737322,0.01846714267,0.1172748237,0.1160343715,-0.1777348878,-0.02954212119,-0.06196893606
0.574,0.008251834374,0.02194828878,0.02503337645,0.01829040264,0.1172445323,0.1159719155,-0.1757481181,-0.03103673406,-0.06294036971
0.575,0.008270037231,0.02206551755,0.02514931673,0.01811564051,0.1172127581,0.1159084962,-0.1737791019,-0.03250775224,-0.06389568247
0.576,0.008288066308,0.02218271381,0.02526519313,0.01794283847,0.1171795246,0.1158441295,-0.1718280065,-0.03395551722,-0.06483510538
0.577,0.008305923556,0.02229987612,0.02538100468,0.01777197848,0.1171448547,0.1157788312,-0.1698949871,-0.03538033278,-0.06575888109
0.578,0.008323610907,0.02241700305,0.02549675048,0.01760304243,0.1171087714,0.1157126168,-0.1679801671,-0.03678254565,-0.06666721483
0.579,0.008341130276,0.0225340932,0.02561242962,0.01743601204,0.1170712971,0.1156455018,-0.1660836589,-0.03816246673,-0.06756035661
0.58,0.00835848356,0.02265114519,0.02572804119,0.01727086898,0.1170324538,0.1155775011,-0.1642055546,-0.0395203926,-0.06843852286
0.581,0.008375672637,0.02276815766,0.02584358433,0.01710759477,0.1169922635,0.1155086297,-0.1623459398,-0.04085665758,-0.0693019085
0.582,0.008392699366,0.02288512928,0.02595905817,0.01694617092,0.1169507476,0.1154389022,-0.1605048689,-0.04217155401,-0.07015075532
0.583,0.008409565589,0.02300205872,0.02607446185,0.01678657884,0.1169079274,0.115368333,-0.1586823937,-0.04346538678,-0.07098527273
0.584,0.008426273128,0.0231189447,0.02618979456,0.01662879992,0.1168638238,0.1152969363,-0.1568785451,-0.04473846976,-0.07180565474
0.585,0.008442823787,0.02323578595,0.02630505545,0.01647281553,0.1168184573,0.1152247263,-0.1550933446,-0.04599107385,-0.07261212118
0.586,0.008459219351,0.0233525812,0.02642024374,0.01631860701,0.1167718484,0.1151517167,-0.1533268016,-0.0472235043,-0.07340486866
0.587,0.008475461587,0.02346932924,0.02653535863,0.01616615571,0.1167240169,0.1150779211,-0.1515789068,-0.04843605768,-0.07418409756
0.588,0.008491552242,0.02358602884,0.02665039933,0.01601544299,0.1166749828,0.1150033529,-0.1498496511,-0.0496289998,-0.074950017
0.589,0.008507493046,0.02370267881,0.02676536508,0.01586645021,0.1166247654,0.1149280254,-0.1481390085,-0.05080262827,-0.07570280047
0.59,0.00852328571,0.02381927798,0.02688025513,0.01571915878,0.1165733839,0.1148519516,-0.1464469304,-0.05195720959,-0.07644265808
0.591,0.008538931925,0.02393582519,0.02699506874,0.01557355017,0.1165208572,0.1147751443,-0.1447733841,-0.053093022,-0.07716977426
0.592,0.008554433365,0.02405231932,0.02710980518,0.01542960586,0.116467204,0.1146976162,-0.1431183145,-0.05421033327,-0.07788432166
0.593,0.008569791685,0.02416875923,0.02722446373,0.01528730741,0.1164124426,0.1146193798,-0.141481649,-0.05530941265,-0.07858650699
0.594,0.008585008522,0.02428514384,0.0273390437,0.01514663645,0.1163565912,0.1145404473,-0.1398633207,-0.05639052441,-0.0792765004
0.595,0.008600085494,0.02440147206,0.0274535444,0.01500757468,0.1162996675,0.1144608308,-0.138263254,-0.057453924,-0.07995446276
0.596,0.008615024202,0.02451774282,0.02756796514,0.01487010388,0.1162416891,0.1143805423,-0.1366813609,-0.05849986999,-0.08062060546
0.597,0.008629826226,0.02463395509,0.02768230526,0.01473420593,0.1161826735,0.1142995935,-0.1351175456,-0.05952861099,-0.08127507695
0.598,0.008644493132,0.02475010783,0.02779656411,0.0145998628,0.1161226376,0.114217996,-0.1335717146,-0.06054040315,-0.08191803692
0.599,0.008659026464,0.02486620003,0.02791074104,0.01446705655,0.1160615982,0.1141357612,-0.1320437596,-0.06153548661,-0.08254969082
0.6,0.008673427751,0.0249822307,0.02802483543,0.01433576936,0.1159995721,0.1140529003,-0.1305335707,-0.06251410771,-0.0831701703
0.601,0.008687698503,0.02509819885,0.02813884664,0.01420598352,0.1159365754,0.1139694245,-0.1290410379,-0.06347649891,-0.08377965639
0.602,0.008701840213,0.02521410353,0.02825277407,0.01407768144,0.1158726244,0.1138853446,-0.1275660365,-0.06442290619,-0.08437829271
0.603,0.008715854355,0.02532994379,0.02836661713,0.01395084565,0.1158077349,0.1138006715,-0.1261084438,-0.06535355352,-0.08496625961
0.604,0.008729742387,0.02544571869,0.02848037522,0.01382545879,0.1157419225,0.1137154156,-0.1246681336,-0.066268671,-0.08554370867
0.605,0.00874350575,0.02556142733,0.02859404777,0.01370150366,0.1156752026,0.1136295875,-0.1232449703,-0.06716849407,-0.08611076077
0.606,0.008757145866,0.0256770688,0.02870763421,0.01357896318,0.1156075905,0.1135431975,-0.1218388242,-0.06805323384,-0.08666761422
0.607,0.008770664142,0.02579264222,0.02882113398,0.01345782039,0.1155391011,0.1134562557,-0.1204495551,-0.06892311049,-0.08721439825
0.608,0.008784061967,0.02590814671,0.02893454654,0.01333805849,0.1154697492,0.113368772,-0.1190770189,-0.06977834846,-0.08775124486
0.609,0.008797340714,0.02602358143,0.02904787135,0.01321966082,0.1153995492,0.1132807564,-0.1177210745,-0.07061916633,-0.0882783202
0.61,0.008810501738,0.02613894554,0.02916110788,0.01310261086,0.1153285156,0.1131922186,-0.1163815779,-0.07144575605,-0.08879575178
0.611,0.008823546379,0.02625423819,0.02927425562,0.01298689223,0.1152566624,0.1131031681,-0.1150583768,-0.07225833213,-0.08930370104
0.612,0.008836475961,0.02636945859,0.02938731405,0.01287248872,0.1151840035,0.1130136143,-0.1137513252,-0.07305711163,-0.08980227705
0.613,0.00884929179,0.02648460593,0.02950028268,0.01275938425,0.1151105527,0.1129235666,-0.1124602682,-0.07384228667,-0.09029162888
0.614,0.008861995157,0.02659967944,0.02961316102,0.01264756291,0.1150363234,0.1128330341,-0.1111850487,-0.0746140453,-0.09077190909
0.615,0.008874587338,0.02671467833,0.02972594859,0.01253700892,0.114961329,0.1127420258,-0.1099255245,-0.07537260269,-0.09124322684
0.616,0.008887069592,0.02682960184,0.02983864492,0.01242770668,0.1148855825,0.1126505506,-0.1086815257,-0.0761181458,-0.09170571063
0.617,0.008899443164,0.02694444925,0.02995124954,0.01231964075,0.114809097,0.1125586173,-0.1074529029,-0.07685085592,-0.09215949477
0.618,0.008911709281,0.0270592198,0.030063762,0.0122127958,0.1147318851,0.1124662344,-0.1062395013,-0.0775709302,-0.09260472857
0.619,0.008923869157,0.02717391278,0.03017618186,0.01210715673,0.1146539593,0.1123734106,-0.1050411491,-0.0782785495,-0.09304148944
0.62,0.008935923991,0.02728852748,0.03028850868,0.01200270854,0.114575332,0.1122801542,-0.1038577052,-0.07897389014,-0.09346993882
0.621,0.008947874966,0.02740306321,0.03040074203,0.0118994364,0.1144960155,0.1121864735,-0.1026889978,-0.07965714964,-0.09389019119
0.622,0.008959723251,0.02751751929,0.03051288149,0.01179732568,0.1144160217,0.1120923765,-0.1015348685,-0.08032849635,-0.09430233818
0.623,0.00897147,0.02763189503,0.03062492664,0.01169636186,0.1143353625,0.1119978715,-0.100395166,-0.08098807568,-0.09470653092
0.624,0.008983116352,0.02774618979,0.0307368771,0.0115965306,0.1142540494,0.1119029661,-0.09926971999,-0.0816361064,-0.09510287469
0.625,0.008994663434,0.02786040292,0.03084873245,0.01149781772,0.114172094,0.1118076683,-0.0981583768,-0.0822727349,-0.0954914689
0.626,0.009006112356,0.02797453377,0.0309604923,0.0114002092,0.1140895077,0.1117119857,-0.09706097395,-0.08289812413,-0.09587243477
0.627,0.009017464216,0.02808858173,0.03107215629,0.01130369118,0.1140063015,0.1116159259,-0.09597735744,-0.08351243725,-0.09624590209
0.628,0.009028720097,0.02820254617,0.03118372403,0.01120824994,0.1139224865,0.1115194964,-0.09490736357,-0.08411584596,-0.09661193406
0.629,0.00903988107,0.0283164265,0.03129519516,0.01111387196,0.1138380734,0.1114227045,-0.09385083024,-0.08470850936,-0.09697068083
0.63,0.009050948191,0.02843022212,0.03140656932,0.01102054384,0.113753073,0.1113255574,-0.0928076114,-0.08529057446,-0.09732223577
0.631,0.009061922503,0.02854393245,0.03151784616,0.01092825236,0.1136674957,0.1112280624,-0.09177753758,-0.08586219897,-0.09766668648
0.632,0.009072805037,0.02865755692,0.03162902533,0.01083698444,0.113581352,0.1111302264,-0.09076045983,-0.08642354454,-0.09800415481
0.633,0.009083596809,0.02877109497,0.0317401065,0.01074672716,0.113494652,0.1110320564,-0.08975621884,-0.08697475303,-0.09833472383
0.634,0.009094298824,0.02888454605,0.03185108934,0.01065746777,0.1134074058,0.1109335592,-0.08876465985,-0.08751595759,-0.09865851788
0.635,0.009104912073,0.02899790961,0.03196197351,0.01056919366,0.1133196234,0.1108347416,-0.08778563228,-0.08804734361,-0.09897560148
0.636,0.009115437535,0.02911118512,0.03207275872,0.01048189238,0.1132313144,0.1107356102,-0.08681897616,-0.08856901475,-0.09928609811
0.637,0.009125876178,0.02922437206,0.03218344463,0.01039555163,0.1131424885,0.1106361715,-0.08586454402,-0.08908113169,-0.09959009854
0.638,0.009136228955,0.02933746993,0.03229403096,0.01031015927,0.1130531552,0.1105364321,-0.08492218474,-0.08958382972,-0.09988768233
0.639,0.009146496809,0.02945047821,0.0324045174,0.01022570329,0.112963324,0.1104363983,-0.08399174571,-0.09007724135,-0.1001789476
0.64,0.00915668067,0.02956339641,0.03251490366,0.01014217185,0.1128730038,0.1103360763,-0.08307307839,-0.09056151478,-0.100463997
0.641,0.009166781457,0.02967622405,0.03262518946,0.01005955326,0.1127822039,0.1102354723,-0.08216603689,-0.09103677155,-0.1007429014
0.642,0.009176800077,0.02978896066,0.03273537451,0.009977835955,0.1126909332,0.1101345925,-0.08127047109,-0.09150313591,-0.1010157598
0.643,0.009186737425,0.02990160577,0.03284545855,0.009897008539,0.1125992006,0.1100334428,-0.08038623491,-0.0919607539,-0.1012826645
0.644,0.009196594387,0.03001415891,0.03295544131,0.009817059755,0.1125070146,0.1099320291,-0.0795131948,-0.09240975769,-0.1015436714
0.645,0.009206371834,0.03012661965,0.03306532252,0.009737978469,0.1124143839,0.1098303574,-0.07865119008,-0.09285023173,-0.1017989091
0.646,0.009216070629,0.03023898753,0.03317510194,0.00965975374,0.1123213169,0.1097284332,-0.0778000872,-0.09328234799,-0.1020484287
0.647,0.009225691623,0.03035126214,0.03328477931,0.009582374706,0.1122278219,0.1096262624,-0.076959755,-0.09370620664,-0.1022923134
0.648,0.009235235657,0.03046344304,0.03339435439,0.00950583069,0.1121339072,0.1095238505,-0.0761300353,-0.09412191707,-0.1025306653
0.649,0.009244703559,0.03057552982,0.03350382693,0.00943011114,0.1120395808,0.1094212029,-0.07531080588,-0.09452962057,-0.1027635303
0.65,0.00925409615,0.03068752207,0.03361319671,0.009355205629,0.1119448506,0.1093183252,-0.07450192329,-0.09492941719,-0.1029910194
0.651,0.009263414239,0.03079941939,0.03372246351,0.00928110389,0.1118497245,0.1092152226,-0.07370325341,-0.09532141569,-0.1032131912
0.652,0.009272658623,0.03091122138,0.03383162709,0.009207795762,0.1117542103,0.1091119006,-0.07291466297,-0.09570574595,-0.1034301191
0.653,0.009281830091,0.03102292768,0.03394068724,0.009135271248,0.1116583156,0.1090083641,-0.07213601854,-0.09608251434,-0.1036418971
0.654,0.009290929423,0.03113453789,0.03404964374,0.009063520454,0.1115620478,0.1089046185,-0.07136718972,-0.09645182266,-0.1038485748
0.655,0.009299957387,0.03124605165,0.03415849641,0.008992533638,0.1114654144,0.1088006686,-0.07060804936,-0.09681378258,-0.1040502377
0.656,0.009308914742,0.0313574686,0.03426724502,0.008922301169,0.1113684227,0.1086965196,-0.06985846314,-0.09716849948,-0.1042469533
0.657,0.009317802238,0.03146878838,0.03437588938,0.008852813569,0.1112710798,0.1085921764,-0.06911830814,-0.09751608126,-0.1044387994
0.658,0.009326620614,0.03158001065,0.03448442931,0.008784061451,0.1111733928,0.1084876436,-0.06838746399,-0.09785662395,-0.1046258317
0.659,0.009335370603,0.03169113505,0.03459286461,0.008716035581,0.1110753688,0.1083829263,-0.06766579468,-0.09819023307,-0.1048081286
0.66,0.009344052924,0.03180216127,0.0347011951,0.00864872684,0.1109770146,0.1082780289,-0.06695318982,-0.09851701909,-0.1049857605
0.661,0.009352668292,0.03191308898,0.0348094206,0.008582126223,0.110878337,0.1081729563,-0.06624952041,-0.09883706408,-0.1051587778
0.662,0.00936121741,0.03202391784,0.03491754095,0.00851622486,0.1107793427,0.1080677129,-0.06555466798,-0.09915045228,-0.1053272662
0.663,0.009369700972,0.03213464756,0.03502555598,0.008451013986,0.1106800383,0.1079623032,-0.06486852085,-0.09945732389,-0.1054912726
0.664,0.009378119665,0.03224527782,0.03513346551,0.008386484957,0.1105804302,0.1078567318,-0.06419095344,-0.09975774417,-0.1056508879
0.665,0.009386474166,0.03235580832,0.03524126939,0.008322629257,0.1104805249,0.1077510029,-0.06352185366,-0.1000517861,-0.1058061121
0.666,0.009394765145,0.03246623877,0.03534896746,0.008259438465,0.1103803287,0.107645121,-0.06286110716,-0.1003395782,-0.105957085
0.667,0.009402993262,0.03257656888,0.03545655958,0.008196904294,0.1102798478,0.1075390902,-0.06220860451,-0.1006212018,-0.1061038355
0.668,0.00941115917,0.03268679837,0.03556404559,0.008135018546,0.1101790884,0.1074329147,-0.06156423223,-0.1008967253,-0.1062463842
0.669,0.009419263513,0.03279692697,0.03567142536,0.008073773157,0.1100780564,0.1073265988,-0.06092787353,-0.1011662529,-0.1063848641
0.67,0.009427306927,0.0329069544,0.03577869875,0.008013160161,0.1099767578,0.1072201464,-0.06029943287,-0.101429867,-0.1065192714
0.671,0.009435290041,0.0330168804,0.03588586561,0.007953171689,0.1098751986,0.1071135616,-0.0596787973,-0.1016876593,-0.106649692
0.672,0.009443213476,0.03312670471,0.03599292583,0.0078938,0.1097733844,0.1070068483,-0.05906585662,-0.1019396983,-0.106776179
0.673,0.009451077844,0.03323642708,0.03609987926,0.007835037444,0.1096713211,0.1069000105,-0.05846051003,-0.1021860739,-0.1068987819
0.674,0.009458883751,0.03334604727,0.03620672581,0.007776876483,0.1095690141,0.106793052,-0.05786265727,-0.102426869,-0.1070175623
0.675,0.009466631795,0.03345556503,0.03631346533,0.007719309665,0.1094664692,0.1066859766,-0.05727219263,-0.1026621599,-0.1071325721
0.676,0.009474322566,0.03356498013,0.03642009772,0.007662329666,0.1093636916,0.1065787881,-0.05668901898,-0.1028920207,-0.1072438705
0.677,0.009481956648,0.03367429234,0.03652662287,0.00760592923,0.1092606869,0.1064714901,-0.05611303718,-0.1031165524,-0.1073514851
0.678,0.009489534616,0.03378350143,0.03663304067,0.00755010123,0.1091574603,0.1063640863,-0.0555441396,-0.1033358015,-0.1074555017
0.679,0.009497057039,0.03389260719,0.03673935101,0.007494838617,0.1090540171,0.1062565803,-0.05498224944,-0.1035498533,-0.1075559455
0.68,0.009504524479,0.03400160939,0.03684555379,0.007440134431,0.1089503623,0.1061489756,-0.05442725112,-0.1037587811,-0.1076528899
0.681,0.009511937492,0.03411050784,0.03695164893,0.007385981845,0.1088465012,0.1060412757,-0.05387906023,-0.1039626717,-0.1077463665
0.682,0.009519296624,0.03421930233,0.03705763632,0.007332374071,0.1087424386,0.105933484,-0.05333759313,-0.1041615837,-0.1078364149
0.683,0.009526602419,0.03432799265,0.03716351587,0.007279304454,0.1086381796,0.105825604,-0.05280273658,-0.1043555742,-0.1079231111
0.684,0.00953385541,0.03443657863,0.03726928749,0.007226766418,0.1085337291,0.1057176389,-0.05227442145,-0.1045447456,-0.1080064861
0.685,0.009541056127,0.03454506005,0.03737495112,0.007174753462,0.1084290917,0.1056095921,-0.05175254816,-0.1047291465,-0.1080865966
0.686,0.00954820509,0.03465343675,0.03748050665,0.007123259204,0.1083242723,0.1055014668,-0.0512370265,-0.1049088454,-0.1081634725
0.687,0.009555302816,0.03476170854,0.03758595403,0.007072277318,0.1082192756,0.1053932662,-0.05072778113,-0.1050839121,-0.1082371655
0.688,0.009562349814,0.03486987524,0.03769129316,0.007021801581,0.108114106,0.1052849935,-0.0502247129,-0.1052544,-0.1083077345
0.689,0.009569346586,0.03497793669,0.03779652399,0.006971825858,0.1080087683,0.1051766517,-0.04972775436,-0.1054204026,-0.1083751951
0.69,0.00957629363,0.03508589272,0.03790164644,0.006922344068,0.1079032667,0.1050682441,-0.04923680772,-0.1055819713,-0.108439628
0.691,0.009583191437,0.03519374317,0.03800666046,0.006873350264,0.1077976058,0.1049597735,-0.04875179243,-0.1057391339,-0.1085010534
0.692,0.009590040491,0.03530148788,0.03811156597,0.006824838531,0.1076917899,0.104851243,-0.04827263502,-0.1058920149,-0.1085594971
0.693,0.009596841273,0.0354091267,0.03821636292,0.006776803069,0.1075858232,0.1047426555,-0.04779925652,-0.1060406309,-0.1086150412
0.694,0.009603594254,0.03551665948,0.03832105126,0.00672923812,0.10747971,0.1046340139,-0.04733157291,-0.106185048,-0.1086676925
0.695,0.009610299904,0.03562408607,0.03842563093,0.00668213805,0.1073734545,0.104525321,-0.04686950426,-0.1063253527,-0.1087175168
0.696,0.009616958683,0.03573140634,0.03853010189,0.006635497263,0.1072670607,0.1044165798,-0.04641298121,-0.1064615654,-0.1087645377
0.697,0.00962357105,0.03583862015,0.03863446408,0.006589310266,0.1071605327,0.1043077929,-0.04596192464,-0.106593757,-0.1088087899
0.698,0.009630137453,0.03594572737,0.03873871746,0.006543571615,0.1070538745,0.1041989631,-0.04551626567,-0.1067220035,-0.1088503315
0.699,0.00963665834,0.03605272786,0.03884286199,0.006498275961,0.10694709,0.1040900931,-0.04507592606,-0.1068463418,-0.1088891961
0.7,0.009643134151,0.03615962151,0.03894689763,0.006453418014,0.1068401831,0.1039811856,-0.04464083096,-0.106966825,-0.1089254082
0.701,0.009649565321,0.03626640819,0.03905082435,0.006408992573,0.1067331576,0.1038722432,-0.04421091363,-0.1070835215,-0.1089590082
0.702,0.009655952279,0.03637308778,0.03915464211,0.006364994483,0.1066260173,0.1037632684,-0.0437861075,-0.1071964725,-0.1089900451
0.703,0.00966229545,0.03647966018,0.03925835088,0.006321418679,0.1065187659,0.1036542639,-0.04336633917,-0.1073057408,-0.1090185521
0.704,0.009668595255,0.03658612528,0.03936195063,0.006278260149,0.106411407,0.1035452322,-0.0429515361,-0.1074113693,-0.1090445614
0.705,0.009674852108,0.03669248296,0.03946544133,0.006235513971,0.1063039443,0.1034361756,-0.04254163856,-0.1075134087,-0.1090680971
0.706,0.009681066419,0.03679873313,0.03956882297,0.006193175259,0.1061963814,0.1033270968,-0.04213658166,-0.1076119296,-0.1090892069
0.707,0.009687238593,0.03690487569,0.03967209552,0.006151239218,0.1060887216,0.103217998,-0.04173629378,-0.1077069495,-0.1091079331
0.708,0.00969336903,0.03701091055,0.03977525896,0.006109701102,0.1059809686,0.1031088817,-0.04134070847,-0.107798537,-0.1091242927
0.709,0.009699458126,0.0371168376,0.03987831328,0.006068556251,0.1058731257,0.1029997502,-0.0409497701,-0.1078867493,-0.1091383206
0.71,0.009705506272,0.03722265677,0.03998125846,0.006027800034,0.1057651962,0.1028906058,-0.04056342274,-0.1079716236,-0.1091500591
0.711,0.009711513854,0.03732836796,0.04008409449,0.005987427901,0.1056571836,0.1027814508,-0.04018157996,-0.1080531916,-0.1091595449
0.712,0.009717481254,0.03743397111,0.04018682136,0.005947435385,0.1055490909,0.1026722875,-0.03980420572,-0.1081315134,-0.1091667952
0.713,0.00972340885,0.03753946612,0.04028943906,0.005907818023,0.1054409216,0.102563118,-0.03943122949,-0.1082066643,-0.1091718409
0.714,0.009729297014,0.03764485293,0.04039194759,0.005868571481,0.1053326787,0.1024539445,-0.03906258981,-0.1082786312,-0.1091747234
0.715,0.009735146115,0.03775013145,0.04049434695,0.005829691414,0.1052243654,0.1023447692,-0.03869824079,-0.1083474983,-0.1091754861
0.716,0.009740956518,0.03785530164,0.04059663713,0.005791173592,0.1051159847,0.1022355942,-0.03833811008,-0.1084133012,-0.109174112
0.717,0.009746728582,0.0379603634,0.04069881814,0.005753013806,0.1050075398,0.1021264217,-0.03798214813,-0.1084760843,-0.1091706967
0.718,0.009752462663,0.03806531669,0.04080088997,0.005715207924,0.1048990335,0.1020172535,-0.03763029954,-0.1085358833,-0.1091652062
0.719,0.009758159114,0.03817016145,0.04090285265,0.005677751853,0.104790469,0.1019080919,-0.03728251469,-0.108592737,-0.1091577133
0.72,0.009763818282,0.03827489761,0.04100470616,0.005640641562,0.104681849,0.1017989388,-0.03693872996,-0.1086467158,-0.109148241
0.721,0.009769440511,0.03837952513,0.04110645053,0.005603873076,0.1045731765,0.1016897961,-0.03659889221,-0.1086978168,-0.1091367829
0.722,0.009775026141,0.03848404395,0.04120808576,0.005567442476,0.1044644543,0.1015806658,-0.03626295716,-0.1087461131,-0.1091234141
0.723,0.009780575508,0.03858845402,0.04130961186,0.005531345878,0.1043556852,0.1014715499,-0.03593087064,-0.1087916375,-0.1091081288
0.724,0.009786088943,0.03869275531,0.04141102886,0.005495579469,0.1042468719,0.1013624502,-0.0356025752,-0.1088344154,-0.1090909745
0.725,0.009791566775,0.03879694775,0.04151233677,0.00546013948,0.1041380173,0.1012533686,-0.03527802513,-0.1088744945,-0.1090719529
0.726,0.009797009329,0.03890103133,0.04161353561,0.005425022185,0.1040291238,0.1011443069,-0.03495718011,-0.1089119287,-0.1090511355
0.727,0.009802416926,0.03900500599,0.04171462539,0.005390223907,0.1039201943,0.1010352669,-0.03463996814,-0.1089467379,-0.1090284954
0.728,0.009807789882,0.03910887171,0.04181560615,0.005355741048,0.1038112312,0.1009262505,-0.03432636315,-0.1089789396,-0.1090040807
0.729,0.009813128512,0.03921262844,0.0419164779,0.005321569996,0.1037022373,0.1008172593,-0.03401630925,-0.1090086152,-0.1089779473
0.73,0.009818433125,0.03931627617,0.04201724068,0.005287707261,0.1035932148,0.1007082952,-0.0337097578,-0.1090357767,-0.1089500658
0.731,0.009823704028,0.03941981486,0.0421178945,0.005254149326,0.1034841665,0.1005993598,-0.03340666686,-0.1090604516,-0.1089204911
0.732,0.009828941524,0.0395232445,0.04221843941,0.005220892791,0.1033750947,0.1004904548,-0.03310698607,-0.1090826922,-0.1088892281
0.733,0.009834145913,0.03962656505,0.04231887542,0.005187934232,0.103266002,0.1003815819,-0.03281068033,-0.1091025172,-0.1088563571
0.734,0.009839317491,0.03972977649,0.04241920258,0.005155270322,0.1031568905,0.1002727426,-0.0325176896,-0.1091199869,-0.1088218426
0.735,0.009844456551,0.03983287882,0.04251942092,0.005122897758,0.1030477628,0.1001639387,-0.0322279858,-0.1091350925,-0.108785699
0.736,0.009849563382,0.03993587201,0.04261953047,0.005090813272,0.1029386211,0.1000551717,-0.03194151784,-0.1091478991,-0.1087480054
0.737,0.009854638272,0.04003875606,0.04271953127,0.005059013656,0.1028294677,0.09994644323,-0.03165824775,-0.109158444,-0.108708743
0.738,0.009859681504,0.04014153095,0.04281942337,0.005027495728,0.1027203049,0.09983775474,-0.0313781291,-0.1091667334,-0.1086679624
0.739,0.009864693357,0.04024419667,0.0429192068,0.004996256362,0.102611135,0.0997291078,-0.03110112233,-0.1091728256,-0.1086256612
0.74,0.009869674108,0.04034675321,0.0430188816,0.004965292457,0.10250196,0.09962050392,-0.0308271948,-0.109176724,-0.1085818599
0.741,0.009874624032,0.04044920059,0.04311844782,0.004934600962,0.1023927823,0.09951194458,-0.03055629187,-0.1091784775,-0.108536591
0.742,0.0098795434,0.04055153878,0.0432179055,0.004904178877,0.1022836038,0.09940343122,-0.03028838519,-0.1091781257,-0.1084898981
0.743,0.009884432479,0.04065376779,0.0433172547,0.004874023206,0.1021744267,0.09929496526,-0.03002343556,-0.1091756836,-0.1084417603
0.744,0.009889291534,0.04075588763,0.04341649545,0.004844131033,0.1020652531,0.09918654816,-0.02976139897,-0.1091711805,-0.108392213
0.745,0.009894120828,0.0408578983,0.04351562781,0.004814499449,0.101956085,0.09907818129,-0.02950224602,-0.1091646318,-0.1083413027
0.746,0.009898920619,0.04095979981,0.04361465183,0.004785125594,0.1018469245,0.09896986602,-0.02924592762,-0.1091561162,-0.1082890112
0.747,0.009903691164,0.04106159215,0.04371356756,0.004756006656,0.1017377735,0.09886160371,-0.02899241952,-0.1091456055,-0.1082353725
0.748,0.009908432716,0.04116327536,0.04381237506,0.004727139832,0.1016286339,0.0987533957,-0.02874167939,-0.1091331682,-0.108180413
0.749,0.009913145527,0.04126484943,0.04391107437,0.004698522386,0.1015195078,0.09864524332,-0.02849367107,-0.1091188071,-0.1081241704
0.75,0.009917829843,0.04136631438,0.04400966556,0.00467015159,0.1014103969,0.0985371478,-0.02824836659,-0.1091025555,-0.108066609
0.751,0.009922485911,0.04146767023,0.04410814869,0.004642024767,0.1013013033,0.09842911052,-0.02800572014,-0.1090844535,-0.1080077726
0.752,0.009927113973,0.04156891699,0.0442065238,0.004614139272,0.1011922286,0.09832113266,-0.02776570835,-0.1090645044,-0.1079477456
0.753,0.009931714269,0.04167005469,0.04430479097,0.004586492485,0.1010831749,0.09821321545,-0.02752828803,-0.109042759,-0.107886435
0.754,0.009936287037,0.04177108335,0.04440295026,0.004559081841,0.1009741437,0.0981053602,-0.02729343655,-0.1090192264,-0.1078239104
0.755,0.009940832511,0.04187200299,0.04450100171,0.004531904767,0.100865137,0.09799756802,-0.02706111322,-0.1089939488,-0.1077602378
0.756,0.009945350924,0.04197281363,0.04459894541,0.004504958781,0.1007561564,0.09788984012,-0.02683128492,-0.1089669056,-0.1076953379
0.757,0.009949842505,0.04207351531,0.04469678142,0.004478241373,0.1006472037,0.09778217773,-0.02660393179,-0.1089381922,-0.1076293167
0.758,0.009954307482,0.04217410805,0.04479450979,0.004451750105,0.1005382806,0.09767458187,-0.02637900976,-0.1089078007,-0.1075621345
0.759,0.009958746079,0.04227459188,0.0448921306,0.004425482553,0.1004293887,0.09756705383,-0.02615648995,-0.1088757201,-0.1074938209
0.76,0.009963158521,0.04237496684,0.04498964392,0.004399436334,0.1003205297,0.09745959459,-0.02593634845,-0.1088420259,-0.1074244214
0.761,0.009967545025,0.04247523295,0.04508704981,0.004373609074,0.1002117052,0.09735220536,-0.02571855782,-0.1088067204,-0.1073539114
0.762,0.009971905811,0.04257539026,0.04518434836,0.004347998448,0.1001029168,0.09724488712,-0.02550306922,-0.1087698332,-0.1072823377
0.763,0.009976241093,0.0426754388,0.04528153961,0.004322602173,0.09999416604,0.09713764104,-0.02528987095,-0.1087313622,-0.1072096929
0.764,0.009980551086,0.0427753786,0.04537862366,0.004297417954,0.09988545455,0.09703046808,-0.02507893594,-0.1086913656,-0.1071360292
0.765,0.009984835999,0.04287520972,0.04547560057,0.004272443558,0.09977678381,0.09692336933,-0.02487023098,-0.1086498597,-0.1070613051
0.766,0.009989096042,0.04297493218,0.04557247043,0.004247676759,0.09966815533,0.0968163458,-0.0246637147,-0.1086068386,-0.1069856014
0.767,0.009993331421,0.04307454604,0.04566923329,0.004223115402,0.09955957062,0.09670939846,-0.02445938498,-0.1085623494,-0.1069088713
0.768,0.009997542341,0.04317405134,0.04576588925,0.004198757273,0.09945103112,0.09660252839,-0.02425720188,-0.1085163992,-0.1068311975
0.769,0.010001729,0.04327344812,0.04586243837,0.004174600293,0.0993425383,0.09649573639,-0.0240571263,-0.1084690374,-0.1067525187
0.77,0.01000589161,0.04337273643,0.04595888075,0.004150642321,0.09923409352,0.09638902366,-0.02385915684,-0.1084202606,-0.1066728992
0.771,0.01001003035,0.04347191633,0.04605521645,0.00412688129,0.09912569824,0.09628239091,-0.02366324931,-0.1083700638,-0.106592379
0.772,0.01001414544,0.04357098785,0.04615144556,0.004103315139,0.09901735384,0.09617583922,-0.02346938946,-0.1083185206,-0.1065108756
0.773,0.01001823705,0.04366995105,0.04624756815,0.00407994184,0.09890906164,0.09606936945,-0.02327754011,-0.1082656504,-0.1064284899
0.774,0.01002230538,0.04376880599,0.04634358432,0.004056759394,0.09880082299,0.09596298253,-0.02308768611,-0.108211399,-0.1063452345
0.775,0.01002635063,0.04386755271,0.04643949415,0.004033765812,0.09869263928,0.09585667927,-0.02289979903,-0.1081558595,-0.1062610789
0.776,0.01003037298,0.04396619129,0.04653529771,0.004010959148,0.0985845117,0.09575046067,-0.02271385483,-0.1080990488,-0.1061760358
0.777,0.01003437261,0.04406472176,0.0466309951,0.003988337462,0.09847644161,0.09564432748,-0.02252982935,-0.1080409408,-0.1060901792
0.778,0.01003834971,0.04416314419,0.04672658639,0.003965898855,0.09836843024,0.09553828059,-0.02234770339,-0.1079815974,-0.1060034573
0.779,0.01004230447,0.04426145864,0.04682207169,0.003943641433,0.09826047883,0.09543232085,-0.02216744247,-0.1079210005,-0.1059159002
0.78,0.01004623706,0.04435966517,0.04691745106,0.003921563354,0.09815258864,0.09532644906,-0.02198904296,-0.1078591916,-0.1058275509
0.781,0.01005014765,0.04445776384,0.04701272461,0.003899662739,0.09804476084,0.09522066601,-0.02181246199,-0.1077961945,-0.1057383905
0.782,0.01005403644,0.04455575471,0.04710789243,0.003877937828,0.09793699665,0.09511497253,-0.02163768161,-0.1077320221,-0.1056484423
0.783,0.01005790359,0.04465363785,0.04720295459,0.00385638678,0.09782929719,0.09500936939,-0.02146469894,-0.1076666677,-0.1055577221
0.784,0.01006174927,0.04475141333,0.0472979112,0.003835007846,0.09772166369,0.09490385734,-0.02129346563,-0.1076001673,-0.1054662315
0.785,0.01006557366,0.0448490812,0.04739276233,0.003813799268,0.09761409722,0.09479843718,-0.02112397507,-0.107532561,-0.1053739795
0.786,0.01006937692,0.04494664154,0.0474875081,0.003792759323,0.09750659894,0.09469310962,-0.0209562008,-0.1074638356,-0.1052810161
0.787,0.01007315923,0.04504409442,0.04758214859,0.003771886301,0.09739916992,0.09458787539,-0.02079013638,-0.1073940036,-0.1051873014
0.788,0.01007692075,0.04514143991,0.04767668388,0.003751178493,0.09729181129,0.09448273526,-0.02062573409,-0.1073231059,-0.1050928732
0.789,0.01008066165,0.04523867807,0.04777111409,0.003730634279,0.09718452407,0.09437768988,-0.0204629994,-0.1072511442,-0.1049977561
0.79,0.01008438207,0.04533580898,0.04786543929,0.003710251948,0.09707730934,0.09427273998,-0.02030189986,-0.1071781286,-0.1049019337
0.791,0.0100880822,0.04543283271,0.0479596596,0.003690029939,0.09697016815,0.09416788624,-0.02014241139,-0.1071041021,-0.1048054165
0.792,0.01009176219,0.04552974934,0.0480537751,0.00366996659,0.09686310148,0.09406312936,-0.01998453334,-0.1070290464,-0.1047082406
0.793,0.01009542219,0.04562655894,0.04814778589,0.003650060346,0.09675611038,0.09395846998,-0.01982822977,-0.1069529942,-0.1046104371
0.794,0.01009906236,0.04572326159,0.04824169207,0.00363030961,0.09664919582,0.09385390872,-0.01967348252,-0.1068759731,-0.1045119252
0.795,0.01010268286,0.04581985736,0.04833549374,0.003610712866,0.09654235876,0.09374944634,-0.01952028339,-0.1067979737,-0.1044128048
0.796,0.01010628384,0.04591634633,0.048429191,0.003591268536,0.09643560019,0.09364508332,-0.01936860356,-0.1067190039,-0.1043130684
0.797,0.01010986545,0.04601272858,0.04852278394,0.003571975157,0.09632892106,0.09354082041,-0.01921842628,-0.1066391422,-0.1042126869
0.798,0.01011342784,0.0461090042,0.04861627267,0.003552831184,0.09622232222,0.09343665814,-0.0190697525,-0.1065583175,-0.104111714
0.799,0.01011697116,0.04620517326,0.04870965729,0.003533835164,0.09611580473,0.09333259717,-0.01892252685,-0.106476578,-0.1040101453
0.8,0.01012049556,0.04630123584,0.0488029379,0.003514985645,0.09600936936,0.09322863804,-0.01877676768,-0.1063939904,-0.1039079877
0.801,0.01012400118,0.04639719202,0.0488961146,0.003496281151,0.09590301705,0.09312478139,-0.01863244113,-0.1063104841,-0.1038052556
0.802,0.01012748817,0.0464930419,0.0489891875,0.00347772029,0.09579674868,0.09302102772,-0.0184895319,-0.1062261073,-0.1037019522
0.803,0.01013095667,0.04658878555,0.04908215669,0.003459301619,0.09569056511,0.09291737766,-0.01834802508,-0.1061409064,-0.1035981051
0.804,0.01013440682,0.04668442306,0.04917502229,0.003441023777,0.09558446716,0.09281383169,-0.0182079041,-0.106054847,-0.1034936707
0.805,0.01013783876,0.04677995451,0.04926778439,0.003422885353,0.09547845569,0.09271039049,-0.01806915013,-0.1059679555,-0.1033887355
0.806,0.01014125263,0.04687538,0.0493604431,0.003404885023,0.09537253151,0.0926070544,-0.01793175607,-0.1058802666,-0.1032832875
0.807,0.01014464858,0.0469706996,0.04945299853,0.003387021397,0.09526669543,0.0925038241,-0.01779569238,-0.1057917746,-0.1031772575
0.808,0.01014802672,0.04706591342,0.04954545079,0.003369293197,0.09516094823,0.09240070005,-0.01766095039,-0.105702478,-0.1030707622
0.809,0.01015138721,0.04716102153,0.04963779997,0.003351699059,0.09505529073,0.09229768275,-0.01752752088,-0.1056124385,-0.1029637614
0.81,0.01015473016,0.04725602403,0.04973004619,0.003334237726,0.09494972361,0.0921947727,-0.0173953735,-0.1055216075,-0.1028562543
0.811,0.01015805573,0.04735092101,0.04982218955,0.003316907885,0.09484424776,0.09209197041,-0.01726451501,-0.1054300386,-0.102748265
0.812,0.01016136402,0.04744571255,0.04991423016,0.003299708277,0.09473886378,0.09198927633,-0.01713490423,-0.1053377353,-0.1026398005
0.813,0.01016465518,0.04754039877,0.05000616814,0.003282637658,0.09463357254,0.09188669096,-0.01700655036,-0.1052446997,-0.102530874
0.814,0.01016792934,0.04763497973,0.05009800358,0.003265694767,0.09452837461,0.09178421472,-0.01687942651,-0.1051509557,-0.1024215081
0.815,0.01017118662,0.04772945555,0.05018973661,0.003248878401,0.09442327085,0.0916818481,-0.01675351166,-0.1050565086,-0.1023116366
0.816,0.01017442714,0.0478238263,0.05028136732,0.003232187339,0.09431826182,0.0915795916,-0.01662882023,-0.1049613801,-0.1022013613
0.817,0.01017765103,0.0479180921,0.05037289583,0.003215620366,0.09421334832,0.09147744552,-0.01650530651,-0.1048655442,-0.1020906673
0.818,0.01018085842,0.04801225303,0.05046432224,0.003199176336,0.09410853095,0.09137541041,-0.01638296042,-0.1047690758,-0.1019795138
0.819,0.01018404943,0.0481063092,0.05055564668,0.003182854054,0.09400381039,0.09127348664,-0.01626179914,-0.104671948,-0.1018679537
0.82,0.01018722417,0.04820026069,0.05064686925,0.003166652356,0.09389918727,0.09117167465,-0.01614177775,-0.104574146,-0.1017559739
0.821,0.01019038277,0.0482941076,0.05073799007,0.003150570119,0.0937946623,0.09106997483,-0.01602288994,-0.1044757382,-0.101643615
0.822,0.01019352535,0.04838785004,0.05082900924,0.003134606203,0.093690236,0.09096838755,-0.01590512677,-0.1043766948,-0.1015308512
0.823,0.01019665202,0.04848148811,0.05091992688,0.003118759495,0.09358590912,0.09086691325,-0.01578848012,-0.1042770492,-0.1014176648
0.824,0.01019976291,0.0485750219,0.05101074311,0.003103028877,0.09348168211,0.09076555234,-0.0156729246,-0.104176805,-0.1013041523
0.825,0.01020285812,0.04866845151,0.05110145803,0.003087413282,0.09337755571,0.09066430507,-0.01555846554,-0.1040759349,-0.1011902424
0.826,0.01020593777,0.04876177704,0.05119207175,0.003071911589,0.09327353043,0.09056317197,-0.01544508179,-0.1039745291,-0.1010759527
0.827,0.01020900198,0.0488549986,0.05128258441,0.003056522769,0.09316960684,0.09046215329,-0.01533273064,-0.1038725184,-0.1009613276
0.828,0.01021205085,0.04894811629,0.0513729961,0.003041245773,0.09306578558,0.09036124944,-0.0152214645,-0.1037699599,-0.1008463512
0.829,0.01021508451,0.04904113021,0.05146330694,0.003026079493,0.09296206711,0.0902604607,-0.01511123393,-0.1036668743,-0.1007310129
0.83,0.01021810305,0.04913404046,0.05155351706,0.003011022967,0.09285845201,0.09015978753,-0.01500199953,-0.1035632179,-0.1006153208
0.831,0.01022110659,0.04922684714,0.05164362656,0.002996075154,0.09275494085,0.09005923015,-0.01489380667,-0.10345901,-0.100499361
0.832,0.01022409524,0.04931955037,0.05173363556,0.002981235019,0.09265153415,0.08995878892,-0.01478662028,-0.1033543316,-0.1003830213
0.833,0.0102270691,0.04941215025,0.05182354418,0.002966501586,0.09254823236,0.08985846422,-0.01468040164,-0.1032491243,-0.1002663696
0.834,0.01023002827,0.04950464687,0.05191335253,0.002951873886,0.09244503608,0.08975825628,-0.01457518335,-0.103143392,-0.1001494246
0.835,0.01023297288,0.04959704036,0.05200306073,0.002937350895,0.09234194574,0.08965816546,-0.01447093807,-0.1030371901,-0.1000321815
0.836,0.01023590301,0.0496893308,0.0520926689,0.002922931695,0.09223896186,0.08955819203,-0.01436762412,-0.1029304994,-0.09991461521
0.837,0.01023881878,0.04978151831,0.05218217715,0.002908615325,0.0921360849,0.08945833633,-0.01426530834,-0.1028233134,-0.09979676547
0.838,0.01024172028,0.04987360301,0.05227158561,0.002894400772,0.09203331538,0.0893585986,-0.01416388594,-0.1027156949,-0.09967864251
0.839,0.01024460761,0.04996558498,0.05236089439,0.002880287243,0.09193065367,0.08925897915,-0.01406340506,-0.1026076069,-0.09956020513
0.84,0.01024748088,0.05005746435,0.05245010361,0.002866273651,0.09182810032,0.08915947827,-0.0139638546,-0.1024990388,-0.09944155633
0.841,0.01025034019,0.05014924122,0.05253921338,0.002852359233,0.09172565574,0.08906009613,-0.01386519447,-0.1023900791,-0.09932259442
0.842,0.01025318563,0.0502409157,0.05262822384,0.002838542963,0.09162332032,0.08896083316,-0.01376744785,-0.1022806579,-0.09920333782
0.843,0.01025601731,0.0503324879,0.05271713509,0.002824824042,0.09152109456,0.08886168953,-0.01367057536,-0.1021708211,-0.0990839149
0.844,0.01025883531,0.05042395792,0.05280594726,0.002811201519,0.09141897881,0.08876266542,-0.01357458568,-0.1020605857,-0.09896417865
0.845,0.01026163974,0.05051532589,0.05289466046,0.002797674582,0.09131697353,0.08866376126,-0.01347947079,-0.1019499014,-0.098844203
0.846,0.01026443069,0.05060659191,0.05298327482,0.002784242292,0.09121507914,0.08856497709,-0.01338520272,-0.1018388592,-0.09872401204
0.847,0.01026720826,0.05069775609,0.05307179045,0.002770903892,0.09111329594,0.08846631331,-0.01329179529,-0.1017274275,-0.09860357713
0.848,0.01026997253,0.05078881854,0.05316020749,0.002757658424,0.09101162442,0.08836777002,-0.01319922568,-0.1016155682,-0.09848290499
0.849,0.01027272361,0.05087977937,0.05324852603,0.002744505165,0.09091006492,0.08826934757,-0.01310747908,-0.1015033951,-0.09836201428
0.85,0.01027546157,0.0509706387,0.05333674622,0.002731443189,0.09080861774,0.08817104607,-0.01301656715,-0.1013908133,-0.0982409141
0.851,0.01027818652,0.05106139664,0.05342486817,0.00271847176,0.09070728341,0.0880728658,-0.01292645954,-0.1012778841,-0.09811960597
0.852,0.01028089855,0.05115205331,0.05351289199,0.002705590001,0.09060606209,0.08797480692,-0.01283716471,-0.101164621,-0.09799809727
0.853,0.01028359773,0.05124260881,0.05360081782,0.002692797166,0.09050495429,0.08787686969,-0.01274864551,-0.101050984,-0.09787633789
0.854,0.01028628417,0.05133306325,0.05368864577,0.002680092442,0.09040396024,0.0877790543,-0.01266095448,-0.1009370513,-0.09775444213
0.855,0.01028895795,0.05142341677,0.05377637597,0.002667475005,0.0903030803,0.08768136087,-0.01257400006,-0.1008227386,-0.09763232996
0.856,0.01029161915,0.05151366945,0.05386400854,0.002654944182,0.09020231487,0.08758378971,-0.01248782658,-0.1007081283,-0.0975100352
0.857,0.01029426786,0.05160382143,0.05395154359,0.002642499094,0.09010166414,0.08748634086,-0.01240244008,-0.1005932447,-0.09738755549
0.858,0.01029690418,0.05169387282,0.05403898126,0.002630139057,0.09000112848,0.08738901465,-0.01231777619,-0.100477994,-0.0972649049
0.859,0.01029952817,0.05178382373,0.05412632166,0.002617863291,0.08990070825,0.08729181111,-0.01223387456,-0.100362451,-0.09714208171
0.86,0.01030213993,0.05187367427,0.05421356492,0.002605671063,0.08980040367,0.08719473055,-0.01215070541,-0.1002466591,-0.09701907246
0.861,0.01030473954,0.05196342457,0.05430071116,0.002593561635,0.08970021504,0.08709777301,-0.01206827894,-0.1001305414,-0.09689593355
0.862,0.01030732708,0.05205307474,0.05438776051,0.002581534268,0.08960014268,0.08700093873,-0.01198654972,-0.1000141523,-0.09677263678
0.863,0.01030990264,0.0521426249,0.05447471308,0.002569588294,0.08950018682,0.0869042278,-0.01190555445,-0.09989751691,-0.09664914355
0.864,0.01031246629,0.05223207516,0.05456156901,0.002557722921,0.08940034775,0.08680764049,-0.01182527177,-0.09978058614,-0.09652553149
0.865,0.01031501811,0.05232142563,0.0546483284,0.002545937521,0.08930062573,0.08671117678,-0.01174566775,-0.0996633854,-0.09640180884
0.866,0.01031755819,0.05241067645,0.0547349914,0.002534231353,0.08920102104,0.08661483692,-0.01166677659,-0.09954598235,-0.09627787868
0.867,0.0103200866,0.05249982771,0.05482155812,0.002522603741,0.08910153385,0.08651862106,-0.01158855851,-0.09942830348,-0.0961538453
0.868,0.01032260342,0.05258887955,0.05490802868,0.002511054013,0.08900216452,0.08642252927,-0.01151101371,-0.09931036505,-0.09602969331
0.869,0.01032510873,0.05267783208,0.05499440322,0.002499581487,0.0889029132,0.08632656171,-0.01143415646,-0.09919224708,-0.09590540037
0.87,0.01032760261,0.05276668542,0.05508068185,0.00248818548,0.08880378011,0.08623071852,-0.01135795657,-0.09907384266,-0.09578099707
0.871,0.01033008513,0.05285543968,0.0551668647,0.002476865356,0.08870476557,0.08613499976,-0.01128240014,-0.09895526174,-0.09565644826
0.872,0.01033255636,0.05294409499,0.05525295189,0.00246562046,0.08860586966,0.08603940566,-0.01120750574,-0.09883645942,-0.09553179905
0.873,0.01033501639,0.05303265146,0.05533894355,0.002454450128,0.08850709273,0.08594393619,-0.01113326271,-0.09871744264,-0.0954070733
0.874,0.01033746529,0.05312110922,0.0554248398,0.002443353726,0.08840843484,0.08584859155,-0.01105964083,-0.09859821618,-0.0952821795
0.875,0.01033990313,0.05320946837,0.05551064077,0.002432330637,0.08830989636,0.08575337187,-0.01098664974,-0.098478795,-0.09515721804
0.876,0.01034232998,0.05329772905,0.05559634659,0.002421380216,0.0882114773,0.08565827715,-0.01091429291,-0.09835922701,-0.09503217354
0.877,0.01034474591,0.05338589137,0.05568195737,0.002410501847,0.08811317798,0.08556330757,-0.01084254344,-0.09823942528,-0.09490698201
0.878,0.010347151,0.05347395544,0.05576747325,0.002399694926,0.08801499852,0.08546846321,-0.01077140363,-0.098119457,-0.09478174235
0.879,0.01034954532,0.0535619214,0.05585289434,0.002388958836,0.08791693911,0.0853737441,-0.01070088636,-0.09799933456,-0.09465642202
0.88,0.01035192894,0.05364978936,0.05593822078,0.002378292959,0.08781899991,0.0852791504,-0.01063093819,-0.09787902997,-0.09453097072
0.881,0.01035430193,0.05373755944,0.05602345268,0.00236769676,0.08772118111,0.08518468218,-0.01056159121,-0.09775856405,-0.09440548039
0.882,0.01035666436,0.05382523176,0.05610859018,0.002357169576,0.08762348282,0.08509033947,-0.01049285875,-0.09763797149,-0.094279912
0.883,0.01035901629,0.05391280645,0.0561936334,0.002346710858,0.08752590522,0.08499612238,-0.01042466374,-0.09751718378,-0.09415423736
0.884,0.0103613578,0.05400028362,0.05627858247,0.002336320058,0.08742844849,0.08490203102,-0.01035705777,-0.09739629676,-0.09402852238
0.885,0.01036368896,0.05408766339,0.05636343751,0.002325996547,0.08733111267,0.08480806536,-0.010290039,-0.09727526185,-0.09390273758
0.886,0.01036600982,0.05417494588,0.05644819864,0.002315739794,0.08723389801,0.08471422557,-0.01022355963,-0.09715406756,-0.09377688123
0.887,0.01036832046,0.05426213122,0.056532866,0.002305549242,0.08713680458,0.08462051161,-0.01015763927,-0.09703276789,-0.09365097933
0.888,0.01037062094,0.05434921953,0.05661743971,0.002295424331,0.08703983252,0.08452692363,-0.01009227554,-0.0969113637,-0.09352500892
0.889,0.01037291133,0.05443621093,0.05670191989,0.002285364509,0.08694298189,0.08443346162,-0.01002744838,-0.09678981228,-0.09339898473
0.89,0.01037519169,0.05452310554,0.05678630667,0.002275369252,0.08684625293,0.08434012568,-0.009963189778,-0.09666816393,-0.09327290329
0.891,0.01037746209,0.05460990347,0.05687060018,0.002265437957,0.0867496456,0.08424691583,-0.00989942915,-0.09654643144,-0.09314680798
0.892,0.01037972259,0.05469660487,0.05695480055,0.002255570215,0.08665316011,0.08415383209,-0.009836192841,-0.0964245515,-0.09302065585
0.893,0.01038197325,0.05478320984,0.05703890789,0.00224576539,0.08655679652,0.08406087453,-0.009773536364,-0.09630261389,-0.09289443433
0.894,0.01038421414,0.0548697185,0.05712292234,0.002236022979,0.08646055491,0.08396804323,-0.009711340239,-0.0961805917,-0.09276818333
0.895,0.01038644532,0.05495613099,0.05720684402,0.002226342536,0.08636443537,0.08387533818,-0.009649670169,-0.09605846478,-0.09264195617
0.896,0.01038866684,0.05504244741,0.05729067306,0.002216723465,0.08626843801,0.08378275934,-0.009588530274,-0.09593626826,-0.09251562667
0.897,0.01039087878,0.0551286679,0.05737440958,0.002207165312,0.08617256286,0.08369030692,-0.009527867969,-0.09581397828,-0.0923892937
0.898,0.0103930812,0.05521479258,0.05745805371,0.002197667562,0.08607681007,0.08359798075,-0.009467721962,-0.09569164536,-0.09226295552
0.899,0.01039527414,0.05530082156,0.05754160558,0.002188229706,0.08598117959,0.08350578102,-0.009408053113,-0.09556925715,-0.09213654189
0.9,0.01039745767,0.05538675498,0.05762506532,0.002178851291,0.08588567158,0.08341370766,-0.009348876382,-0.09544675727,-0.09201018246
0.901,0.01039963186,0.05547259295,0.05770843304,0.002169531791,0.08579028608,0.08332176067,-0.009290191663,-0.09532426975,-0.09188377316
0.902,0.01040179676,0.05555833559,0.05779170888,0.002160270749,0.08569502307,0.08322994014,-0.009231984534,-0.09520169895,-0.09175731312
0.903,0.01040395242,0.05564398303,0.05787489296,0.002151067665,0.0855998827,0.08313824604,-0.009174236457,-0.09507909586,-0.09163088864
0.904,0.01040609891,0.0557295354,0.05795798541,0.002141922117,0.08550486489,0.08304667836,-0.009116965321,-0.09495641491,-0.09150445245
0.905,0.01040823629,0.05581499281,0.05804098636,0.002132833579,0.08540996987,0.08295523714,-0.009060167221,-0.09483375153,-0.091377982
0.906,0.0104103646,0.05590035538,0.05812389593,0.002123801632,0.0853151974,0.08286392239,-0.009003808116,-0.09471104933,-0.09125153671
0.907,0.01041248391,0.05598562324,0.05820671425,0.002114825809,0.08522054778,0.08277273407,-0.008947934516,-0.09458829423,-0.09112509011
0.908,0.01041459427,0.05607079651,0.05828944144,0.002105905619,0.08512602081,0.08268167221,-0.008892481369,-0.09446555083,-0.09099861229
0.909,0.01041669574,0.05615587532,0.05837207763,0.002097040698,0.08503161668,0.08259073683,-0.008837481094,-0.09434277101,-0.09087217263
0.91,0.01041878837,0.05624085979,0.05845462296,0.002088230505,0.08493733528,0.08249992787,-0.008782949086,-0.09421997947,-0.09074574078
0.911,0.01042087222,0.05632575003,0.05853707753,0.002079474659,0.08484317672,0.08240924535,-0.008728816172,-0.0940972157,-0.09061930026
0.912,0.01042294734,0.05641054618,0.05861944149,0.002070772726,0.08474914085,0.08231868927,-0.008675137431,-0.09397444368,-0.09049286103
0.913,0.01042501378,0.05649524836,0.05870171495,0.002062124241,0.08465522785,0.08222825962,-0.008621881312,-0.09385159577,-0.09036647385
0.914,0.0104270716,0.05657985668,0.05878389805,0.00205352882,0.08456143763,0.08213795631,-0.00856906397,-0.09372886408,-0.09024008363
0.915,0.01042912085,0.05666437127,0.05886599091,0.002044985976,0.08446777012,0.08204777945,-0.008516647565,-0.09360611201,-0.09011370729
0.916,0.01043116159,0.05674879226,0.05894799365,0.002036495387,0.08437422542,0.0819577289,-0.008464656168,-0.09348335344,-0.08998735914
0.917,0.01043319386,0.05683311977,0.05902990641,0.002028056527,0.08428080341,0.08186780473,-0.008413087609,-0.09336063736,-0.08986102747
0.918,0.01043521772,0.05691735391,0.0591117293,0.002019669079,0.08418750413,0.08177800683,-0.008361903509,-0.09323793126,-0.08973473093
0.919,0.01043723322,0.05700149481,0.05919346246,0.002011332581,0.08409432753,0.08168833525,-0.008311153306,-0.09311529152,-0.0896084474
0.92,0.0104392404,0.0570855426,0.05927510601,0.00200304664,0.08400127354,0.08159878993,-0.00826077943,-0.09299266131,-0.08948221981
0.921,0.01044123933,0.0571694974,0.05935666008,0.00199481089,0.0839083422,0.0815093708,-0.008210803999,-0.09287007795,-0.08935602171
0.922,0.01044323004,0.05725335933,0.0594381248,0.001986624899,0.08381553337,0.08142007788,-0.008161244358,-0.09274754402,-0.08922982362
0.923,0.01044521259,0.05733712851,0.05951950028,0.001978488275,0.0837228471,0.08133091114,-0.00811205519,-0.09262505303,-0.08910368277
0.924,0.01044718703,0.05742080507,0.05960078666,0.001970400661,0.08363028324,0.08124187049,-0.008063253624,-0.09250263272,-0.08897761391
0.925,0.01044915341,0.05750438912,0.05968198407,0.001962361638,0.08353784181,0.08115295591,-0.00801483554,-0.09238024842,-0.0888515251
0.926,0.01045111177,0.05758788079,0.05976309262,0.001954370862,0.08344552272,0.08106416743,-0.007966797578,-0.09225794738,-0.08872551652
0.927,0.01045306217,0.0576712802,0.05984411244,0.001946427918,0.08335332589,0.08097550485,-0.007919128461,-0.09213571789,-0.08859955651
0.928,0.01045500465,0.05775458748,0.05992504367,0.00193853248,0.08326125126,0.0808869683,-0.007871840874,-0.0920135552,-0.08847361602
0.929,0.01045693925,0.05783780275,0.06000588642,0.001930684116,0.08316929876,0.08079855759,-0.007824915087,-0.09189144758,-0.08834775706
0.93,0.01045886603,0.05792092612,0.06008664083,0.001922882528,0.08307746833,0.08071027277,-0.007778350772,-0.09176947266,-0.08822191588
0.931,0.01046078503,0.05800395772,0.06016730701,0.001915127292,0.08298575978,0.08062211373,-0.007732150966,-0.09164755977,-0.08809616881
0.932,0.0104626963,0.05808689768,0.0602478851,0.001907418107,0.08289417319,0.08053408042,-0.007686296911,-0.09152571496,-0.08797043996
0.933,0.01046459988,0.05816974611,0.06032837521,0.001899754578,0.08280270832,0.08044617283,-0.007640828183,-0.09140401023,-0.08784476618
0.934,0.01046649582,0.05825250314,0.06040877748,0.001892136343,0.08271136513,0.08035839087,-0.007595666826,-0.09128237706,-0.08771918998
0.935,0.01046838417,0.05833516888,0.06048909203,0.001884563123,0.08262014352,0.08027073444,-0.007550880711,-0.09116085144,-0.08759361769
0.936,0.01047026496,0.05841774347,0.06056931899,0.001877034466,0.08252904338,0.0801832036,-0.007506442625,-0.09103945679,-0.08746817593
0.937,0.01047213825,0.05850022701,0.06064945848,0.001869550127,0.08243806456,0.08009579808,-0.00746232839,-0.09091817837,-0.08734273764
0.938,0.01047400408,0.05858261963,0.06072951063,0.001862109698,0.082347207,0.08000851811,-0.007418555245,-0.09079695633,-0.08721736354
0.939,0.01047586249,0.05866492146,0.06080947556,0.001854712904,0.08225647059,0.07992136333,-0.007375116468,-0.09067594245,-0.08709212301
0.94,0.01047771352,0.05874713262,0.0608893534,0.001847359349,0.08216585506,0.07983433386,-0.007332018564,-0.0905550435,-0.08696688031
0.941,0.01047955722,0.05882925321,0.06096914427,0.001840048759,0.08207536047,0.07974742954,-0.007289241151,-0.09043423605,-0.0868417404
0.942,0.01048139363,0.05891128338,0.0610488483,0.001832780758,0.08198498655,0.07966065035,-0.007246789106,-0.0903135856,-0.08671664949
0.943,0.0104832228,0.05899322323,0.06112846561,0.001825555072,0.08189473324,0.07957399621,-0.007204659612,-0.09019311253,-0.08659166266
0.944,0.01048504476,0.05907507288,0.06120799633,0.001818371334,0.08180460028,0.07948746699,-0.007162854294,-0.09007273009,-0.08646674175
0.945,0.01048685955,0.05915683247,0.06128744059,0.00181122926,0.08171458773,0.0794010627,-0.007121352986,-0.0899525324,-0.08634188893
0.946,0.01048866723,0.0592385021,0.0613667985,0.001804128521,0.08162469515,0.0793147832,-0.007080182469,-0.0898325277,-0.08621711548
0.947,0.01049046782,0.0593200819,0.0614460702,0.001797068794,0.08153492263,0.07922862845,-0.007039311191,-0.08971259022,-0.08609241315
0.948,0.01049226138,0.05940157198,0.0615252558,0.001790049798,0.08144526991,0.07914259833,-0.006998749779,-0.08959291815,-0.08596783225
0.949,0.01049404794,0.05948297248,0.06160435544,0.001783071196,0.08135573674,0.07905669276,-0.006958475463,-0.08947337229,-0.08584327997
0.95,0.01049582754,0.0595642835,0.06168336923,0.00177613274,0.0812663231,0.07897091175,-0.00691853443,-0.08935400163,-0.08571882657
0.951,0.01049760022,0.05964550516,0.0617622973,0.001769234029,0.08117702867,0.07888525508,-0.006878884398,-0.08923484434,-0.08559450718
0.952,0.01049936602,0.0597266376,0.06184113978,0.001762374876,0.08108785336,0.07879972271,-0.006839509753,-0.08911583103,-0.08547023462
0.953,0.01050112498,0.05980768091,0.06191989679,0.001755554909,0.08099879695,0.07871431459,-0.006800449201,-0.08899704194,-0.08534602755
0.954,0.01050287714,0.05988863523,0.06199856845,0.00174877388,0.08090985922,0.07862903061,-0.006761672927,-0.08887843022,-0.08522192327
0.955,0.01050462254,0.05996950067,0.06207715489,0.001742031466,0.08082104001,0.07854387071,-0.006723190255,-0.0887600579,-0.08509797728
0.956,0.01050636121,0.06005027735,0.06215565623,0.001735327408,0.08073233904,0.07845883465,-0.006684987524,-0.08864183823,-0.08497403519
0.957,0.01050809321,0.06013096539,0.0622340726,0.001728661399,0.08064375626,0.07837392261,-0.006647067228,-0.08852384928,-0.08485019631
0.958,0.01050981855,0.0602115649,0.06231240412,0.001722033179,0.08055529126,0.07828913422,-0.006609431535,-0.08840613094,-0.0847265114
0.959,0.01051153728,0.06029207601,0.06239065091,0.001715442443,0.08046694394,0.07820446957,-0.006572071771,-0.08828856786,-0.08460288112
0.96,0.01051324945,0.06037249883,0.0624688131,0.001708888944,0.08037871405,0.07811992843,-0.006534986853,-0.08817125328,-0.08447936014
0.961,0.01051495508,0.06045283347,0.06254689081,0.001702372377,0.08029060135,0.07803551081,-0.006498175479,-0.08805416899,-0.08435592459
0.962,0.0105166542,0.06053308007,0.06262488416,0.001695892501,0.08020260563,0.07795121654,-0.006461639709,-0.08793737917,-0.08423259529
0.963,0.01051834687,0.06061323872,0.06270279328,0.001689449011,0.08011472653,0.07786704558,-0.006425364364,-0.08782074633,-0.08410936791
0.964,0.01052003311,0.06069330956,0.06278061829,0.001683041685,0.08002696404,0.07778299777,-0.006389351938,-0.08770442358,-0.08398628234
0.965,0.01052171297,0.06077329269,0.06285835932,0.001676670217,0.0799393176,0.077699073,-0.0063536252,-0.08758834153,-0.08386320284
0.966,0.01052338647,0.06085318823,0.06293601648,0.00167033435,0.07985178728,0.0776152713,-0.006318129071,-0.08747250146,-0.08374033324
0.967,0.01052505365,0.0609329963,0.0630135899,0.001664033873,0.07976437251,0.07753159231,-0.006282910281,-0.0873569485,-0.08361754561
0.968,0.01052671455,0.06101271702,0.06309107971,0.001657768444,0.07967707328,0.07744803619,-0.006247952134,-0.08724166311,-0.08349478357
0.969,0.0105283692,0.06109235049,0.06316848602,0.001651537887,0.07958988909,0.07736460269,-0.006213211694,-0.08712668694,-0.08337223707
0.97,0.01053001763,0.06117189683,0.06324580895,0.001645341924,0.07950281983,0.07728129169,-0.006178791528,-0.08701192674,-0.08324974737
0.971,0.01053165989,0.06125135617,0.06332304864,0.001639180231,0.07941586513,0.07719810316,-0.006144557194,-0.0868974892,-0.0831273609
0.972,0.01053329601,0.0613307286,0.0634002052,0.001633052727,0.07932902475,0.07711503693,-0.006110583393,-0.08678339384,-0.08300512274
0.973,0.01053492601,0.06141001425,0.06347727875,0.001626958979,0.07924229826,0.07703209287,-0.006076888016,-0.08666952572,-0.08288297652
0.974,0.01053654993,0.06148921324,0.06355426943,0.001620898875,0.07915568558,0.07694927094,-0.006043400264,-0.08655600976,-0.08276092051
0.975,0.01053816782,0.06156832566,0.06363117734,0.001614872097,0.07906918613,0.07686657099,-0.006010173912,-0.08644280951,-0.08263902106
0.976,0.01053977969,0.06164735165,0.06370800261,0.001608878448,0.07898279986,0.07678399286,-0.005977161583,-0.08632988725,-0.08251719577
0.977,0.01054138559,0.0617262913,0.06378474536,0.001602917692,0.07889652624,0.07670153654,-0.005944415533,-0.08621734663,-0.08239555696
0.978,0.01054298554,0.06180514474,0.06386140572,0.001596989543,0.07881036506,0.07661920173,-0.005911899117,-0.08610510352,-0.08227395024
0.979,0.01054457958,0.06188391207,0.06393798381,0.001591093821,0.07872431591,0.0765369886,-0.005879585122,-0.08599321342,-0.08215248317
0.98,0.01054616773,0.06196259341,0.06401447974,0.00158523029,0.07863837851,0.07645489671,-0.005847534588,-0.08588165335,-0.08203119954
0.981,0.01054775005,0.06204118886,0.06409089364,0.001579398678,0.07855255247,0.07637292617,-0.005815718024,-0.08577048013,-0.08190996405
0.982,0.01054932654,0.06211969855,0.06416722563,0.001573598785,0.07846683744,0.07629107674,-0.005784086101,-0.08565964431,-0.08178888729
0.983,0.01055089725,0.06219812257,0.06424347583,0.001567830425,0.07838123307,0.07620934835,-0.005752701809,-0.08554916541,-0.08166790681
0.984,0.01055246221,0.06227646105,0.06431964437,0.001562093302,0.07829573898,0.07612774088,-0.005721564607,-0.08543907205,-0.08154707248
0.985,0.01055402145,0.06235471409,0.06439573136,0.00155638723,0.0782103548,0.07604625417,-0.005690619525,-0.08532935122,-0.08142637866
0.986,0.010555575,0.0624328818,0.06447173692,0.001550711989,0.07812508014,0.0759648881,-0.00565988814,-0.0852200437,-0.08130574295
0.987,0.01055712289,0.06251096429,0.06454766117,0.001545067378,0.0780399146,0.07588364262,-0.005629394845,-0.08511104972,-0.08118527291
0.988,0.01055866514,0.06258896166,0.06462350424,0.00153945313,0.07795485788,0.0758025175,-0.005599107983,-0.08500258353,-0.08106497895
0.989,0.0105602018,0.06266687404,0.06469926625,0.001533869092,0.07786990931,0.07572151263,-0.00556902636,-0.08489442959,-0.08094472835
0.99,0.01056173289,0.06274470152,0.06477494731,0.001528315005,0.07778506888,0.075640628,-0.005539166348,-0.08478668679,-0.08082464776
0.991,0.01056325844,0.06282244421,0.06485054754,0.001522790692,0.07770033578,0.0755598633,-0.005509511467,-0.08467945485,-0.08070472502
0.992,0.01056477848,0.06290010222,0.06492606708,0.001517295913,0.07761570984,0.07547921852,-0.005480068005,-0.08457256423,-0.08058486257
0.993,0.01056629304,0.06297767567,0.06500150602,0.001511830491,0.0775311905,0.07539869353,-0.005450820567,-0.08446615803,-0.08046518096
0.994,0.01056780215,0.06305516464,0.0650768645,0.001506394204,0.07744677738,0.07531828812,-0.005421783682,-0.08436019244,-0.08034562165
0.995,0.01056930584,0.06313256926,0.06515214264,0.001500986856,0.07736246997,0.07523800223,-0.005392957456,-0.08425467962,-0.08022615688
0.996,0.01057080414,0.06320988962,0.06522734055,0.001495608227,0.07727826787,0.07515783575,-0.00536432552,-0.08414960092,-0.08010688727
0.997,0.01057229707,0.06328712583,0.06530245835,0.001490258142,0.07719417059,0.07507778841,-0.005335875188,-0.0840450565,-0.07998773735
0.998,0.01057378466,0.06336427799,0.06537749616,0.001484936406,0.07711017761,0.07499786024,-0.005307651237,-0.08394093363,-0.07986868198
0.999,0.01057526695,0.06344134622,0.06545245411,0.001479642778,0.07702628857,0.074918051,-0.00527959718,-0.0838373186,-0.07974977926
1,0.01057674396,0.0635183306,0.0655273323,0.001474377144,0.0769425028,0.07483836062,-0.005251754977,-0.08373423786,-0.07963104828
1.001,0.01057821571,0.06359523126,0.06560213087,0.001469139201,0.07685881994,0.07475878887,-0.005224110532,-0.08363156478,-0.07951239537
1.002,0.01057968224,0.06367204828,0.06567684992,0.001463928865,0.07677523948,0.07467933578,-0.005196623513,-0.08352949148,-0.0793939259
1.003,0.01058114358,0.06374878177,0.06575148958,0.001458745884,0.07669176078,0.07460000099,-0.005169360166,-0.08342795075,-0.07927560518
1.004,0.01058259975,0.06382543183,0.06582604996,0.001453590082,0.07660838341,0.07452078455,-0.005142271483,-0.08332686581,-0.07915733433
1.005,0.01058405077,0.06390199857,0.06590053119,0.001448461281,0.07652510685,0.07444168625,-0.005115365271,-0.08322637935,-0.0790392864
1.006,0.01058549668,0.06397848208,0.06597493338,0.001443359288,0.07644193049,0.07436270593,-0.005088638061,-0.08312643716,-0.07892137638
1.007,0.0105869375,0.06405488246,0.06604925664,0.001438283937,0.0763588538,0.07428384346,-0.00506211544,-0.08302704574,-0.07880355656
1.008,0.01058837325,0.06413119982,0.0661235011,0.001433235,0.0762758762,0.07420509876,-0.005035767159,-0.08292822375,-0.07868591369
1.009,0.01058980398,0.06420743425,0.06619766688,0.001428212349,0.07619299715,0.07412647158,-0.005009569474,-0.08282999807,-0.07856842607
1.01,0.01059122969,0.06428358585,0.06627175408,0.001423215797,0.07611021602,0.07404796186,-0.00498358169,-0.08273234875,-0.07845102823
1.011,0.01059265042,0.06435965471,0.06634576284,0.001418245126,0.07602753226,0.07396956946,-0.004957765426,-0.08263528663,-0.07833379561
1.012,0.01059406619,0.06443564094,0.06641969326,0.001413300207,0.07594494524,0.07389129421,-0.004932122202,-0.08253886116,-0.07821675165
1.013,0.01059547702,0.06451154464,0.06649354547,0.001408380825,0.07586245433,0.07381313592,-0.004906648547,-0.08244305672,-0.0780998057
1.014,0.01059688296,0.06458736589,0.06656731957,0.001403486852,0.07578005891,0.07373509455,-0.004881337955,-0.08234787591,-0.07798298595
1.015,0.01059828401,0.06466310479,0.0666410157,0.001398618088,0.07569775837,0.0736571699,-0.004856229676,-0.08225333002,-0.07786635833
1.016,0.0105996802,0.06473876143,0.06671463395,0.001393774342,0.07561555204,0.07357936178,-0.004831249658,-0.08215945155,-0.07774984736
1.017,0.01060107156,0.06481433592,0.06678817446,0.001388955531,0.07553343926,0.07350167014,-0.004806473579,-0.08206621624,-0.0776334743
1.018,0.01060245812,0.06488982834,0.06686163733,0.001384161342,0.07545141938,0.07342409477,-0.004781858503,-0.08197369996,-0.07751728946
1.019,0.01060383989,0.06496523879,0.06693502269,0.001379391764,0.07536949164,0.07334663553,-0.004757373315,-0.0818818637,-0.07740119613
1.02,0.01060521691,0.06504056736,0.06700833064,0.001374646534,0.07528765542,0.07326929231,-0.004733098895,-0.08179067319,-0.07728532007
1.021,0.0106065892,0.06511581413,0.06708156131,0.001369925515,0.07520591004,0.07319206485,-0.004708953388,-0.08170024466,-0.07716953682
1.022,0.01060795677,0.06519097921,0.06715471481,0.00136522857,0.07512425471,0.0731149532,-0.004684986231,-0.08161053821,-0.0770538737
1.023,0.01060931966,0.06526606267,0.06722779125,0.001360555492,0.07504268872,0.07303795703,-0.004661182898,-0.08152157421,-0.07693846298
1.024,0.01061067789,0.06534106461,0.06730079076,0.001355906152,0.0749612113,0.07296107624,-0.004637522571,-0.08143335008,-0.0768231069
1.025,0.01061203148,0.06541598512,0.06737371344,0.001351280392,0.07487982178,0.07288431076,-0.004614037017,-0.08134584586,-0.07670793384
1.026,0.01061338046,0.06549082429,0.06744655942,0.001346678032,0.07479851934,0.07280766033,-0.00459068417,-0.08125920293,-0.07659292037
1.027,0.01061472484,0.06556558219,0.0675193288,0.00134209897,0.0747173031,0.07273112488,-0.004567499048,-0.08117331633,-0.07647800882
1.028,0.01061606466,0.06564025892,0.06759202171,0.001337542979,0.07463617243,0.07265470426,-0.004544483496,-0.08108819952,-0.07636331454
1.029,0.01061739994,0.06571485456,0.06766463825,0.001333009954,0.07455512643,0.0725783982,-0.004521597072,-0.0810039336,-0.07624880068
1.03,0.01061873069,0.0657893692,0.06773717854,0.001328499737,0.07447416429,0.07250220662,-0.004498864497,-0.08092048646,-0.07613428638
1.031,0.01062005695,0.06586380292,0.0678096427,0.001324012175,0.07439328519,0.07242612955,-0.004476287396,-0.08083790365,-0.07602003098
1.032,0.01062137872,0.0659381558,0.06788203084,0.00131954711,0.0743124882,0.07235016651,-0.004453866421,-0.08075614136,-0.07590597508
1.033,0.01062269605,0.06601242792,0.06795434307,0.001315104398,0.07423177261,0.07227431758,-0.004431583898,-0.08067526855,-0.07579198163
1.034,0.01062400894,0.06608661937,0.06802657951,0.00131068389,0.07415113736,0.07219858249,-0.004409435816,-0.08059533509,-0.07567815688
1.035,0.01062531742,0.06616073022,0.06809874028,0.001306285475,0.07407058165,0.07212296122,-0.004387456219,-0.08051624558,-0.07556448653
1.036,0.01062662152,0.06623476056,0.06817082547,0.001301908931,0.07399010455,0.07204745345,-0.004365603582,-0.08043808284,-0.07545105079
1.037,0.01062792125,0.06630871046,0.06824283522,0.001297554219,0.07390970516,0.07197205908,-0.004343902733,-0.08036089415,-0.0753376337
1.038,0.01062921663,0.06638258,0.06831476963,0.001293221084,0.07382938244,0.07189677812,-0.004322337627,-0.08028460232,-0.07522445687
1.039,0.0106305077,0.06645636925,0.06838662881,0.001288909495,0.07374913563,0.07182161012,-0.004300914225,-0.08020935392,-0.07511144701
1.04,0.01063179446,0.06653007829,0.06845841289,0.001284619202,0.07366896341,0.0717465552,-0.004279646841,-0.08013506048,-0.07499854036
1.041,0.01063307694,0.0666037072,0.06853012196,0.001280350162,0.07358886518,0.071671613,-0.004258481371,-0.08006168905,-0.07488579722
1.042,0.01063435517,0.06667725605,0.06860175615,0.001276102191,0.07350883968,0.07159678354,-0.004237476472,-0.07998945213,-0.07477324489
1.043,0.01063562915,0.0667507249,0.06867331557,0.001271875159,0.07342888592,0.07152206645,-0.004216616422,-0.07991823913,-0.07466086343
1.044,0.01063689892,0.06682411384,0.06874480032,0.001267668915,0.07334900285,0.07144746178,-0.004195860239,-0.07984801622,-0.0745485158
1.045,0.0106381645,0.06689742293,0.06881621053,0.00126348339,0.07326918953,0.07137296934,-0.004175274709,-0.07977888922,-0.07443644225
1.046,0.0106394259,0.06697065224,0.0688875463,0.001259318322,0.07318944471,0.07129858883,-0.004154818633,-0.07971088459,-0.07432455259
1.047,0.01064068314,0.06704380185,0.06895880774,0.001255173715,0.0731097674,0.0712243202,-0.004134442463,-0.07964398412,-0.07421270716
1.048,0.01064193625,0.0671168718,0.06902999498,0.001251049384,0.07303015639,0.07115016334,-0.004114245403,-0.07957821338,-0.07410106339
1.049,0.01064318525,0.06718986218,0.06910110811,0.00124694518,0.07295061061,0.071076118,-0.004094192433,-0.07951353421,-0.07398964341
1.05,0.01064443015,0.06726277304,0.06917214725,0.001242860968,0.07287112891,0.07100218401,-0.004074227392,-0.07945008583,-0.07387829758
1.051,0.01064567098,0.06733560446,0.06924311251,0.001238796684,0.07279171003,0.07092836135,-0.00405439148,-0.07938784049,-0.07376712088
1.052,0.01064690775,0.06740835648,0.06931400401,0.001234752136,0.07271235284,0.07085464971,-0.004034707356,-0.07932676217,-0.07365615409
1.053,0.01064814049,0.06748102918,0.06938482185,0.001230727227,0.07263305609,0.070781049,-0.004015147373,-0.07926692202,-0.07354531177
1.054,0.01064936921,0.06755362262,0.06945556614,0.001226721807,0.07255381857,0.07070755904,-0.003995690389,-0.07920834474,-0.0734346182
1.055,0.01065059394,0.06762613684,0.069526237,0.001222735805,0.07247463896,0.07063417971,-0.003976374785,-0.07915106981,-0.07332409202
1.056,0.01065181469,0.06769857191,0.06959683454,0.001218769016,0.072395516,0.07056091081,-0.003957166842,-0.07909503347,-0.07321374063
1.057,0.01065303148,0.06777092789,0.06966735886,0.001214821426,0.07231644847,0.07048775217,-0.003938096702,-0.07904032593,-0.07310353278
1.058,0.01065424434,0.06784320483,0.06973781008,0.001210892782,0.07223743491,0.07041470368,-0.003919143113,-0.0789869936,-0.07299348062
1.059,0.01065545327,0.06791540278,0.06980818831,0.001206983102,0.07215847403,0.07034176515,-0.003900293933,-0.07893503256,-0.07288359196
1.06,0.01065665831,0.06798752179,0.06987849365,0.00120309215,0.07207956441,0.07026893644,-0.003881593181,-0.07888440031,-0.07277387287
1.061,0.01065785946,0.06805956192,0.06994872622,0.001199219881,0.07200070476,0.07019621736,-0.003862985344,-0.07883520486,-0.07266431857
1.062,0.01065905676,0.06813152322,0.07001888612,0.001195366143,0.07192189351,0.07012360773,-0.00384450154,-0.0787874696,-0.07255492257
1.063,0.0106602502,0.06820340573,0.07008897347,0.001191530841,0.07184312931,0.07005110745,-0.003826125181,-0.07874120843,-0.07244565798
1.064,0.01066143982,0.06827520949,0.07015898837,0.001187713851,0.07176441061,0.06997871636,-0.003807894972,-0.07869634501,-0.07233659591
1.065,0.01066262564,0.06834693456,0.07022893094,0.001183915016,0.07168573612,0.06990643422,-0.003789758654,-0.07865309055,-0.07222765181
1.066,0.01066380766,0.06841858098,0.07029880127,0.001180134302,0.07160710392,0.06983426099,-0.003771713952,-0.07861134486,-0.0721189059
1.067,0.01066498591,0.06849014878,0.07036859949,0.00117637155,0.07152851291,0.06976219635,-0.003753807595,-0.07857109581,-0.07201032132
1.068,0.01066616041,0.06856163802,0.0704383257,0.001172626645,0.07144996117,0.0696902403,-0.003736025486,-0.07853255199,-0.07190188158
1.069,0.01066733117,0.06863304872,0.07050798001,0.001168899465,0.07137144727,0.06961839252,-0.003718324585,-0.07849554643,-0.0717935893
1.07,0.01066849821,0.06870438092,0.07057756252,0.00116518996,0.07129296952,0.06954665305,-0.003700741861,-0.07846022139,-0.07168544838
1.071,0.01066966156,0.06877563467,0.07064707335,0.001161497942,0.07121452627,0.06947502157,-0.003683292061,-0.07842656299,-0.07157756592
1.072,0.01067082121,0.06884680999,0.0707165126,0.001157823343,0.07113611584,0.0694034979,-0.003665921299,-0.07839461025,-0.07146973898
1.073,0.01067197721,0.06891790691,0.07078588038,0.001154166063,0.07105773647,0.06933208201,-0.00364865538,-0.07836437098,-0.07136211717
1.074,0.01067312955,0.06898892547,0.0708551768,0.001150525995,0.07097938651,0.06926077359,-0.0036315226,-0.07833590721,-0.07125463978
1.075,0.01067427827,0.06905986569,0.07092440197,0.001146902988,0.07090106406,0.06918957267,-0.003614486965,-0.07830926662,-0.07114734366
1.076,0.01067542336,0.06913072761,0.07099355598,0.00114329699,0.07082276737,0.06911847886,-0.003597538391,-0.07828442408,-0.0710402401
1.077,0.01067656487,0.06920151124,0.07106263896,0.001139707874,0.07074449459,0.06904749215,-0.003580708863,-0.07826139303,-0.07093322847
1.078,0.01067770279,0.0692722166,0.071131651,0.001136135534,0.07066624393,0.06897661234,-0.003563998489,-0.0782403105,-0.07082640767
1.079,0.01067883714,0.06934284373,0.07120059222,0.001132579848,0.07058801333,0.06890583928,-0.003547356744,-0.07822116956,-0.07071978159
1.08,0.01067996795,0.06941339264,0.07126946272,0.001129040785,0.07050980096,0.06883517273,-0.003530831877,-0.07820389041,-0.07061326524
1.081,0.01068109523,0.06948386334,0.0713382626,0.001125518146,0.07043160488,0.06876461268,-0.003514428765,-0.07818863178,-0.07050697699
1.082,0.01068221899,0.06955425585,0.07140699198,0.0011220119,0.07035342301,0.06869415873,-0.003498085068,-0.07817549342,-0.07040078329
1.083,0.01068333926,0.06962457019,0.07147565096,0.001118521938,0.07027525323,0.06862381106,-0.003481869415,-0.07816426152,-0.07029476654
1.084,0.01068445604,0.06969480636,0.07154423964,0.001115048127,0.07019709379,0.06855356914,-0.003465767603,-0.07815515596,-0.07018899177
1.085,0.01068556936,0.06976496438,0.07161275813,0.001111590377,0.07011894219,0.06848343303,-0.003449720327,-0.07814829209,-0.07008325604
1.086,0.01068667923,0.06983504425,0.07168120654,0.001108148652,0.0700407965,0.06841340256,-0.003433796216,-0.07814342012,-0.06997776967
1.087,0.01068778566,0.06990504597,0.07174958497,0.001104722748,0.06996265461,0.06834347743,-0.00341797955,-0.07814084579,-0.06987244897
1.088,0.01068888868,0.06997496956,0.07181789353,0.001101312664,0.06988451407,0.06827365763,-0.00340222555,-0.07814051663,-0.06976722108
1.089,0.01068998829,0.070044815,0.07188613232,0.001097918263,0.06980637284,0.06820394293,-0.003386603606,-0.07814239013,-0.06966222564
1.09,0.01069108452,0.0701145823,0.07195430145,0.001094539426,0.06972822851,0.06813433312,-0.003371048774,-0.07814664844,-0.06955737679
1.091,0.01069217738,0.07018427146,0.07202240102,0.001091176132,0.06965007876,0.06806482813,-0.0033555964,-0.0781532096,-0.06945264633
1.092,0.01069326688,0.07025388246,0.07209043114,0.001087828204,0.06957192128,0.06799542775,-0.003340248651,-0.07816219156,-0.06934815786
1.093,0.01069435304,0.0703234153,0.07215839191,0.001084495608,0.06949375357,0.06792613177,-0.003324985252,-0.07817360041,-0.06924378388
1.094,0.01069543587,0.07039286996,0.07222628344,0.001081178205,0.06941557327,0.06785694012,-0.003309804904,-0.07818745131,-0.0691395656
1.095,0.0106965154,0.07046224644,0.07229410583,0.00107787597,0.06933737783,0.06778785258,-0.003294718231,-0.07820387653,-0.06903554117
1.096,0.01069759163,0.07053154471,0.07236185918,0.001074588738,0.06925916466,0.06771886899,-0.003279736075,-0.07822280931,-0.06893164511
1.097,0.01069866458,0.07060076476,0.0724295436,0.001071316471,0.06918093133,0.06764998922,-0.003264821031,-0.07824435717,-0.06882796329
1.098,0.01069973427,0.07066990656,0.07249715919,0.001068059062,0.06910267505,0.06758121302,-0.003250021996,-0.078268557,-0.06872442979
1.099,0.01070080071,0.0707389701,0.07256470606,0.001064816399,0.06902439333,0.06751254032,-0.003235295495,-0.07829540011,-0.06862101599
1.1,0.01070186391,0.07080795534,0.07263218431,0.00106158844,0.06894608333,0.06744397094,-0.003220654754,-0.0783250795,-0.06851777999
1.101,0.01070292389,0.07087686226,0.07269959404,0.001058375059,0.06886774225,0.06737550469,-0.003206090341,-0.07835744683,-0.06841477862
1.102,0.01070398066,0.07094569082,0.07276693535,0.00105517622,0.0687893675,0.06730714135,-0.003191655707,-0.07839263743,-0.06831187655
1.103,0.01070503424,0.07101444098,0.07283420835,0.001051991728,0.06871095602,0.06723888089,-0.003177267911,-0.07843077273,-0.06820908508
1.104,0.01070608465,0.07108311271,0.07290141315,0.001048821658,0.06863250498,0.0671707231,-0.003162968151,-0.07847177465,-0.06810658851
1.105,0.01070713189,0.07115170598,0.07296854983,0.001045665763,0.06855401148,0.06710266768,-0.003148766838,-0.07851574816,-0.06800416393
1.106,0.01070817599,0.07122022072,0.07303561852,0.001042524093,0.06847547249,0.06703471472,-0.003134636539,-0.07856272837,-0.0679019228
1.107,0.01070921695,0.07128865691,0.0731026193,0.001039396458,0.06839688499,0.06696686379,-0.003120616179,-0.07861282372,-0.06779987075
1.108,0.01071025478,0.07135701447,0.07316955228,0.00103628284,0.0683182458,0.06689911491,-0.003106633982,-0.0786660034,-0.06769795141
1.109,0.01071128952,0.07142529338,0.07323641756,0.001033183157,0.06823955193,0.06683146782,-0.003092768012,-0.07872233334,-0.06759615914
1.11,0.01071232115,0.07149349356,0.07330321525,0.001030097278,0.06816080005,0.06676392253,-0.003078987477,-0.07878196923,-0.06749464702
1.111,0.01071334971,0.07156161496,0.07336994544,0.001027025157,0.06808198691,0.0666964785,-0.003065273946,-0.0788447775,-0.06739321861
1.112,0.01071437521,0.07162965751,0.07343660824,0.001023966705,0.06800310938,0.06662913605,-0.003051603241,-0.07891093898,-0.06729191466
1.113,0.01071539765,0.07169762115,0.07350320374,0.001020921915,0.06792416391,0.06656189459,-0.00303809625,-0.07898053609,-0.06719087092
1.114,0.01071641706,0.07176550582,0.07356973206,0.001017890496,0.06784514719,0.06649475427,-0.003024610727,-0.07905349465,-0.06708991088
1.115,0.01071743344,0.07183331142,0.07363619329,0.001014872666,0.06776605574,0.06642771471,-0.003011211181,-0.07913000984,-0.06698917853
1.116,0.01071844681,0.0719010379,0.07370258752,0.001011868045,0.06768688599,0.06636077585,-0.002997899672,-0.07921002829,-0.06688855199
1.117,0.01071945718,0.07196868517,0.07376891487,0.001008876846,0.06760763448,0.06629393754,-0.00298464118,-0.07929367536,-0.06678813015
1.118,0.01072046457,0.07203625314,0.07383517543,0.001005898725,0.06752829744,0.06622719954,-0.002971520057,-0.07938097835,-0.06668784362
1.119,0.01072146898,0.07210374173,0.0739013693,0.001002933788,0.06744887129,0.06616056181,-0.002958408908,-0.07947199973,-0.06658774834
1.12,0.01072247044,0.07217115085,0.07396749659,0.0009999818825,0.06736935218,0.066094024,-0.002945392953,-0.07956678589,-0.06648780571
1.121,0.01072346895,0.07223848041,0.07403355739,0.0009970429729,0.06728973642,0.06602758615,-0.002932460698,-0.07966548601,-0.06638800273
1.122,0.01072446453,0.07230573029,0.07409955179,0.0009941169336,0.06721001991,0.06596124794,-0.002919633936,-0.07976800297,-0.06628837149
1.123,0.01072545719,0.07237290041,0.07416547991,0.0009912036906,0.06713019911,0.06589500934,-0.002906822461,-0.07987447552,-0.06618894235
1.124,0.01072644694,0.07243999065,0.07423134185,0.000988303263,0.06705026961,0.06582887001,-0.00289409371,-0.07998505807,-0.06608965805
1.125,0.0107274338,0.07250700091,0.07429713769,0.0009854154726,0.06697022764,0.06576282998,-0.002881478368,-0.08009967602,-0.06599047784
1.126,0.01072841777,0.07257393107,0.07436286754,0.0009825402868,0.06689006888,0.06569688899,-0.002868919078,-0.08021844647,-0.06589153875
1.127,0.01072939888,0.07264078101,0.0744285315,0.0009796776123,0.06680978933,0.06563104687,-0.002856406084,-0.08034141104,-0.06579273931
1.128,0.01073037713,0.07270755061,0.07449412967,0.0009768274446,0.06672938461,0.06556530345,-0.002844001727,-0.0804687276,-0.06569411334
1.129,0.01073135254,0.07277423974,0.07455966214,0.0009739895875,0.06664885046,0.0654996586,-0.002831659061,-0.08060031982,-0.06559558278
1.13,0.01073232512,0.07284084826,0.07462512902,0.0009711641057,0.0665681825,0.06543411222,-0.002819335585,-0.08073632431,-0.06549726733
1.131,0.01073329487,0.07290737606,0.0746905304,0.0009683508771,0.0664873763,0.06536866401,-0.002807178318,-0.08087687854,-0.06539915918
1.132,0.01073426182,0.07297382297,0.07475586638,0.0009655497386,0.06640642723,0.06530331386,-0.002795018015,-0.08102192571,-0.06530113429
1.133,0.01073522598,0.07304018886,0.07482113706,0.0009627608194,0.06632533092,0.06523806169,-0.002782947484,-0.08117156209,-0.06520330109
1.134,0.01073618735,0.07310647358,0.07488634253,0.0009599838208,0.06624408253,0.0651729072,-0.002770928235,-0.08132597503,-0.0651056405
1.135,0.01073714595,0.07317267697,0.0749514829,0.0009572189336,0.06616267739,0.06510785036,-0.002759000819,-0.08148503009,-0.06500812822
1.136,0.01073810179,0.07323879888,0.07501655827,0.0009544657928,0.06608111085,0.06504289089,-0.002747192881,-0.08164902955,-0.06491080069
1.137,0.01073905488,0.07330483914,0.07508156872,0.0009517245407,0.06599937773,0.06497802871,-0.002735304821,-0.08181782769,-0.06481358505
1.138,0.01074000524,0.07337079758,0.07514651436,0.0009489951391,0.06591747354,0.06491326367,-0.002723622001,-0.08199165305,-0.06471659493
1.139,0.01074095288,0.07343667403,0.07521139528,0.0009462772788,0.06583539275,0.06484859546,-0.002711967261,-0.08217050217,-0.06461971323
1.14,0.0107418978,0.0735024683,0.07527621158,0.0009435711918,0.06575313084,0.06478402418,-0.002700336482,-0.08235438416,-0.06452302581
1.141,0.01074284002,0.07356818023,0.07534096336,0.0009408765771,0.06567068221,0.06471954937,-0.002688798403,-0.08254363556,-0.06442649539
1.142,0.01074377956,0.07363380961,0.07540565071,0.0009381935664,0.06558804184,0.06465517114,-0.002677364407,-0.08273802173,-0.06433011415
1.143,0.01074471642,0.07369935625,0.07547027373,0.0009355218351,0.06550520441,0.06459088909,-0.002665950577,-0.08293772266,-0.06423389598
1.144,0.01074565061,0.07376481995,0.07553483252,0.0009328616472,0.06542216458,0.06452670329,-0.002654577404,-0.08314289361,-0.06413785475
1.145,0.01074658214,0.07383020051,0.07559932717,0.0009302126468,0.06533891678,0.06446261333,-0.00264334713,-0.08335354976,-0.0640419523
1.146,0.01074751104,0.07389549771,0.07566375778,0.0009275749413,0.06525545563,0.06439861933,-0.002632091702,-0.08356975702,-0.0639462025
1.147,0.0107484373,0.07396071134,0.07572812444,0.0009249484345,0.0651717754,0.06433472087,-0.002620954669,-0.08379157524,-0.06385069123
1.148,0.01074936094,0.07402584119,0.07579242725,0.0009223330094,0.06508787057,0.06427091791,-0.00260989147,-0.08401913887,-0.06375525455
1.149,0.01075028197,0.07409088701,0.07585666631,0.0009197286384,0.06500373518,0.06420721029,-0.002598836944,-0.08425254331,-0.0636599844
1.15,0.0107512004,0.07415584858,0.0759208417,0.0009171353145,0.06491936355,0.06414359788,-0.002587861891,-0.08449169923,-0.06356489727
1.151,0.01075211624,0.07422072565,0.07598495354,0.0009145528887,0.06483474978,0.06408008044,-0.002576981163,-0.08473688418,-0.06347001744
1.152,0.01075302951,0.07428551799,0.0760490019,0.0009119813354,0.06474988777,0.06401665782,-0.002566139467,-0.08498815627,-0.06337520439
1.153,0.01075394021,0.07435022534,0.07611298688,0.0009094205945,0.06466477145,0.06395332997,-0.0025553239,-0.08524541316,-0.06328061946
1.154,0.01075484835,0.07441484745,0.07617690859,0.0009068706586,0.06457939486,0.06389009654,-0.002544616969,-0.08550889163,-0.06318617504
1.155,0.01075575395,0.07447938405,0.07624076711,0.0009043313393,0.06449375157,0.06382695758,-0.002533974658,-0.08577872267,-0.06309185466
1.156,0.01075665702,0.07454383486,0.07630456253,0.000901802699,0.06440783532,0.06376391277,-0.002523356741,-0.08605476314,-0.06299777106
1.157,0.01075755756,0.07460819962,0.07636829496,0.0008992846032,0.06432163988,0.06370096199,-0.002512778939,-0.08633733485,-0.06290378288
1.158,0.01075845559,0.07467247805,0.07643196449,0.0008967771104,0.06423515848,0.06363810514,-0.002502321592,-0.08662638315,-0.06280996469
1.159,0.01075935112,0.07473666984,0.07649557121,0.0008942799455,0.06414838494,0.063575342,-0.002491891242,-0.08692193146,-0.06271635034
1.16,0.01076024415,0.07480077472,0.07655911521,0.0008917933111,0.06406131238,0.06351267239,-0.002481499706,-0.08722427901,-0.06262281232
1.161,0.01076113471,0.07486479237,0.07662259658,0.000889316921,0.06397393413,0.06345009632,-0.002471201195,-0.08753332954,-0.06252946858
1.162,0.01076202279,0.07492872248,0.07668601543,0.0008868508956,0.06388624346,0.06338761339,-0.002460925018,-0.08784912207,-0.06243638072
1.163,0.01076290841,0.07499256475,0.07674937184,0.0008843950527,0.06379823358,0.06332522353,-0.002450717472,-0.08817189253,-0.06234331367
1.164,0.01076379158,0.07505631884,0.07681266591,0.0008819494368,0.06370989735,0.06326292671,-0.002440584518,-0.08850165739,-0.06225042964
1.165,0.01076467232,0.07511998443,0.07687589772,0.0008795138656,0.06362122792,0.0632007226,-0.002430499812,-0.08883840105,-0.06215779454
1.166,0.01076555062,0.07518356118,0.07693906738,0.0008770884262,0.06353221814,0.06313861108,-0.002420423887,-0.08918238804,-0.06206523837
1.167,0.0107664265,0.07524704875,0.07700217498,0.0008746729918,0.06344286075,0.06307659207,-0.00241047308,-0.08953353076,-0.06197281924
1.168,0.01076729996,0.07531044678,0.0770652206,0.0008722674636,0.06335314865,0.06301466538,-0.002400562605,-0.08989194198,-0.06188062909
1.169,0.01076817103,0.07537375493,0.07712820434,0.0008698718569,0.06326307438,0.06295283077,-0.002390653322,-0.09025781685,-0.06178858293
1.17,0.01076903971,0.07543697281,0.07719112629,0.0008674861407,0.06317263054,0.06289108817,-0.002380818199,-0.09063109031,-0.06169662524
1.171,0.01076990601,0.07550010006,0.07725398655,0.0008651101951,0.06308180972,0.06282943744,-0.002371066668,-0.09101184216,-0.06160491301
1.172,0.01077076994,0.0755631363,0.0773167852,0.0008627439841,0.0629906043,0.0627678783,-0.002361387236,-0.09140030312,-0.06151333002
1.173,0.0107716315,0.07562608114,0.07737952233,0.000860387414,0.06289900656,0.06270641075,-0.002351678097,-0.09179640294,-0.06142184244
1.174,0.01077249071,0.07568893418,0.07744219805,0.0008580406017,0.06280700892,0.06264503454,-0.002342078354,-0.09220015723,-0.06133062894
1.175,0.01077334758,0.07575169502,0.07750481243,0.0008557032408,0.06271460362,0.06258374944,-0.002332554614,-0.09261185221,-0.06123947877
1.176,0.01077420212,0.07581436325,0.07756736558,0.0008533754858,0.06262178258,0.06252255554,-0.002322980567,-0.09303144453,-0.061148509
1.177,0.01077505434,0.07587693845,0.07762985757,0.0008510572427,0.06252853808,0.0624614524,-0.002313577823,-0.09345895672,-0.06105772832
1.178,0.01077590424,0.07593942018,0.07769228851,0.0008487483228,0.06243486199,0.06240044004,-0.00230416955,-0.09389449895,-0.06096704044
1.179,0.01077675184,0.07600180802,0.07775465848,0.0008464488922,0.06234074639,0.06233951824,-0.002294782203,-0.0943381909,-0.06087656507
1.18,0.01077759714,0.07606410153,0.07781696758,0.0008441587285,0.0622461829,0.06227868686,-0.002285515093,-0.09479002479,-0.06078621113
1.181,0.01077844016,0.07612630024,0.07787921589,0.000841877854,0.06215116359,0.06221794576,-0.002276249393,-0.09525011509,-0.06069604801
1.182,0.0107792809,0.0761884037,0.0779414035,0.0008396062183,0.0620556799,0.06215729472,-0.002267018604,-0.09571853379,-0.06060600893
1.183,0.01078011937,0.07625041144,0.07800353051,0.0008373437908,0.06195972374,0.06209673367,-0.002257890923,-0.0961952358,-0.06051611556
1.184,0.01078095559,0.07631232299,0.078065597,0.000835090423,0.0618632866,0.06203626241,-0.002248796852,-0.09668046225,-0.06042642168
1.185,0.01078178956,0.07637413785,0.07812760306,0.0008328461886,0.06176635997,0.0619758808,-0.002239695625,-0.09717412205,-0.06033687439
1.186,0.01078262129,0.07643585554,0.07818954879,0.0008306110082,0.06166893551,0.06191558864,-0.002230709758,-0.09767632623,-0.06024746153
1.187,0.01078345078,0.07649747555,0.07825143427,0.0008283847565,0.06157100443,0.06185538582,-0.002221750561,-0.09818719622,-0.06015817445
1.188,0.01078427806,0.07655899738,0.07831325959,0.0008261674921,0.06147255824,0.06179527223,-0.002212828228,-0.09870662707,-0.06006910941
1.189,0.01078510312,0.07662042049,0.07837502484,0.0008239590813,0.06137358829,0.06173524755,-0.00220396661,-0.0992348018,-0.05998016233
1.19,0.01078592598,0.07668174438,0.07843673012,0.0008217595466,0.06127408572,0.06167531185,-0.002195123423,-0.09977177504,-0.05989135923
1.191,0.01078674664,0.07674296848,0.0784983755,0.0008195688095,0.06117404183,0.06161546478,-0.002186374129,-0.1003174436,-0.05980274696
1.192,0.01078756512,0.07680409228,0.07855996107,0.0008173867855,0.06107344787,0.0615557063,-0.002177656601,-0.1008720347,-0.05971422749
1.193,0.01078838142,0.07686511519,0.07862148694,0.0008152134926,0.0609722948,0.06149603627,-0.00216893311,-0.1014354954,-0.05962596129
1.194,0.01078919555,0.07692603668,0.07868295318,0.0008130488949,0.06087057391,0.06143645436,-0.002160326822,-0.1020078492,-0.05953775147
1.195,0.01079000752,0.07698685615,0.07874435988,0.0008108928238,0.06076827611,0.06137696072,-0.002151736471,-0.1025891689,-0.05944971598
1.196,0.01079081734,0.07704757303,0.07880570713,0.0008087454064,0.06066539257,0.06131755487,-0.002143176045,-0.1031794606,-0.0593618904
1.197,0.01079162501,0.07710818674,0.07886699502,0.0008066064557,0.06056191417,0.0612582369,-0.002134690862,-0.1037788015,-0.05927410732
1.198,0.01079243055,0.07716869666,0.07892822363,0.0008044760131,0.06045783196,0.06119900659,-0.002126209799,-0.1043871508,-0.05918658706
1.199,0.01079323397,0.0772291022,0.07898939306,0.0008023540135,0.06035313686,0.06113986367,-0.002117827398,-0.1050045727,-0.05909920817
1.2,0.01079403527,0.07728940273,0.07905050339,0.000800240351,0.06024781981,0.06108080812,-0.002109454104,-0.1056310109,-0.05901191515
