VDS_V,ID_A_absVGS=0.4,ID_A_absVGS=0.6,ID_A_absVGS=0.8,ID_A_absVGS=1,ID_A_absVGS=1.2
-1.2,-0.000128870551,-0.001832294954,-0.006016718995,-0.01190835488,-0.01874409825
-1.195,-0.0001284275781,-0.001828519843,-0.006006854772,-0.0118916206,-0.01872079236
-1.19,-0.0001279857323,-0.001824748545,-0.005996996283,-0.01187489183,-0.01869748981
-1.185,-0.0001275450124,-0.001820981062,-0.005987143533,-0.01185816858,-0.01867419064
-1.18,-0.000127105417,-0.001817217397,-0.005977296529,-0.01184145086,-0.01865089484
-1.175,-0.0001266669448,-0.001813457549,-0.005967455277,-0.01182473869,-0.01862760244
-1.17,-0.0001262295944,-0.001809701522,-0.005957619785,-0.01180803207,-0.01860431345
-1.165,-0.0001257933646,-0.001805949317,-0.005947790058,-0.01179133102,-0.01858102788
-1.16,-0.000125358254,-0.001802200935,-0.005937966104,-0.01177463555,-0.01855774574
-1.155,-0.0001249242613,-0.001798456379,-0.005928147929,-0.01175794567,-0.01853446707
-1.15,-0.0001244913851,-0.00179471565,-0.005918335539,-0.01174126139,-0.01851119185
-1.145,-0.0001240596241,-0.001790978749,-0.005908528941,-0.01172458273,-0.01848792013
-1.14,-0.000123628977,-0.001787245678,-0.005898728141,-0.01170790969,-0.01846465189
-1.135,-0.0001231994424,-0.00178351644,-0.005888933147,-0.01169124228,-0.01844138717
-1.13,-0.000122771019,-0.001779791035,-0.005879143965,-0.01167458053,-0.01841812598
-1.125,-0.0001223437054,-0.001776069465,-0.005869360601,-0.01165792443,-0.01839486833
-1.12,-0.0001219175002,-0.001772351733,-0.005859583062,-0.011641274,-0.01837161423
-1.115,-0.0001214924022,-0.001768637839,-0.005849811355,-0.01162462926,-0.01834836371
-1.11,-0.00012106841,-0.001764927786,-0.005840045486,-0.01160799021,-0.01832511677
-1.105,-0.0001206455221,-0.001761221574,-0.005830285461,-0.01159135686,-0.01830187343
-1.1,-0.0001202237373,-0.001757519207,-0.005820531289,-0.01157472923,-0.01827863371
-1.095,-0.0001198030542,-0.001753820684,-0.005810782974,-0.01155810733,-0.01825539762
-1.09,-0.0001193834713,-0.001750126009,-0.005801040524,-0.01154149117,-0.01823216518
-1.085,-0.0001189649874,-0.001746435182,-0.005791303946,-0.01152488077,-0.01820893639
-1.08,-0.0001185476011,-0.001742748206,-0.005781573245,-0.01150827612,-0.01818571129
-1.075,-0.000118131311,-0.001739065082,-0.005771848429,-0.01149167725,-0.01816248987
-1.07,-0.0001177161157,-0.001735385811,-0.005762129505,-0.01147508417,-0.01813927216
-1.065,-0.0001173020138,-0.001731710396,-0.005752416478,-0.01145849689,-0.01811605817
-1.06,-0.000116889004,-0.001728038838,-0.005742709356,-0.01144191541,-0.01809284791
-1.055,-0.0001164770849,-0.001724371138,-0.005733008145,-0.01142533976,-0.01806964141
-1.05,-0.0001160662551,-0.001720707299,-0.005723312852,-0.01140876994,-0.01804643867
-1.045,-0.0001156565131,-0.001717047322,-0.005713623484,-0.01139220597,-0.01802323972
-1.04,-0.0001152478577,-0.001713391208,-0.005703940047,-0.01137564786,-0.01800004456
-1.035,-0.0001148402874,-0.001709738959,-0.005694262548,-0.01135909561,-0.01797685321
-1.03,-0.0001144338008,-0.001706090577,-0.005684590994,-0.01134254924,-0.01795366569
-1.025,-0.0001140283965,-0.001702446064,-0.005674925391,-0.01132600877,-0.01793048201
-1.02,-0.0001136240731,-0.001698805421,-0.005665265746,-0.0113094742,-0.01790730219
-1.015,-0.0001132208292,-0.001695168649,-0.005655612065,-0.01129294555,-0.01788412624
-1.01,-0.0001128186635,-0.001691535751,-0.005645964356,-0.01127642283,-0.01786095417
-1.005,-0.0001124175744,-0.001687906728,-0.005636322625,-0.01125990604,-0.01783778601
-1,-0.0001120175606,-0.001684281581,-0.005626686879,-0.01124339521,-0.01781462176
-0.995,-0.0001116186207,-0.001680660313,-0.005617057125,-0.01122689034,-0.01779146144
-0.99,-0.0001112207533,-0.001677042925,-0.005607433368,-0.01121039145,-0.01776830506
-0.985,-0.0001108239568,-0.001673429418,-0.005597815617,-0.01119389855,-0.01774515264
-0.98,-0.00011042823,-0.001669819794,-0.005588203877,-0.01117741164,-0.0177220042
-0.975,-0.0001100335714,-0.001666214055,-0.005578598156,-0.01116093074,-0.01769885974
-0.97,-0.0001096399795,-0.001662612203,-0.00556899846,-0.01114445587,-0.01767571928
-0.965,-0.000109247453,-0.001659014238,-0.005559404795,-0.01112798704,-0.01765258283
-0.96,-0.0001088559904,-0.001655420163,-0.00554981717,-0.01111152425,-0.0176294504
-0.955,-0.0001084655902,-0.001651829979,-0.005540235589,-0.01109506752,-0.01760632201
-0.95,-0.0001080762511,-0.001648243688,-0.005530660061,-0.01107861686,-0.01758319767
-0.945,-0.0001076879716,-0.001644661291,-0.005521090592,-0.01106217229,-0.01756007738
-0.94,-0.0001073007502,-0.00164108279,-0.005511527188,-0.01104573381,-0.01753696115
-0.935,-0.0001069145855,-0.001637508187,-0.005501969856,-0.01102930144,-0.017513849
-0.93,-0.0001065294761,-0.001633937483,-0.005492418604,-0.01101287519,-0.01749074092
-0.925,-0.0001061454205,-0.00163037068,-0.005482873437,-0.01099645507,-0.01746763693
-0.92,-0.0001057624173,-0.001626807779,-0.005473334363,-0.01098004109,-0.01744453702
-0.915,-0.000105380465,-0.001623248782,-0.005463801389,-0.01096363327,-0.01742144119
-0.91,-0.0001049995622,-0.001619693691,-0.005454274521,-0.01094723162,-0.01739834944
-0.905,-0.0001046197073,-0.001616142507,-0.005444753765,-0.01093083614,-0.01737526177
-0.9,-0.000104240899,-0.001612595232,-0.00543523913,-0.01091444686,-0.01735217814
-0.895,-0.0001038631358,-0.001609051866,-0.005425730621,-0.01089806378,-0.01732909856
-0.89,-0.0001034864162,-0.001605512413,-0.005416228246,-0.01088168692,-0.017306023
-0.885,-0.0001031107387,-0.001601976873,-0.00540673201,-0.01086531629,-0.01728295142
-0.88,-0.0001027361019,-0.001598445248,-0.005397241922,-0.0108489519,-0.01725988378
-0.875,-0.0001023625044,-0.00159491754,-0.005387757988,-0.01083259376,-0.01723682003
-0.87,-0.0001019899445,-0.00159139375,-0.005378280214,-0.01081624188,-0.01721376011
-0.865,-0.0001016184209,-0.001587873879,-0.005368808607,-0.01079989628,-0.01719070394
-0.86,-0.0001012479321,-0.00158435793,-0.005359343175,-0.01078355697,-0.01716765142
-0.855,-0.0001008784766,-0.001580845904,-0.005349883923,-0.01076722396,-0.01714460242
-0.85,-0.0001005100529,-0.001577337802,-0.00534043086,-0.01075089726,-0.01712155681
-0.845,-0.0001001426596,-0.001573833626,-0.005330983991,-0.01073457688,-0.0170985144
-0.84,-9.977629504e-05,-0.001570333378,-0.005321543324,-0.01071826284,-0.01707547499
-0.835,-9.941095786e-05,-0.001566837058,-0.005312108866,-0.01070195514,-0.01705243831
-0.83,-9.904664655e-05,-0.00156334467,-0.005302680622,-0.0106856538,-0.01702940407
-0.825,-9.868335959e-05,-0.001559856213,-0.005293258601,-0.01066935883,-0.01700637188
-0.82,-9.832109551e-05,-0.00155637169,-0.005283842808,-0.01065307024,-0.01698334132
-0.815,-9.795985279e-05,-0.001552891102,-0.005274433251,-0.01063678805,-0.01696031184
-0.81,-9.759962995e-05,-0.001549414451,-0.005265029937,-0.01062051225,-0.01693728282
-0.805,-9.724042546e-05,-0.001545941739,-0.005255632873,-0.01060424286,-0.0169142535
-0.8,-9.688223784e-05,-0.001542472966,-0.005246242064,-0.01058797989,-0.01689122298
-0.795,-9.652506556e-05,-0.001539008134,-0.005236857519,-0.01057172335,-0.01686819019
-0.79,-9.616890712e-05,-0.001535547246,-0.005227479244,-0.01055547324,-0.01684515385
-0.785,-9.581376101e-05,-0.001532090302,-0.005218107246,-0.01053922958,-0.01682211243
-0.78,-9.545962571e-05,-0.001528637304,-0.005208741532,-0.01052299237,-0.01679906413
-0.775,-9.510649971e-05,-0.001525188253,-0.005199382108,-0.01050676162,-0.01677600679
-0.77,-9.475438149e-05,-0.001521743151,-0.005190028982,-0.01049053732,-0.01675293784
-0.765,-9.440326952e-05,-0.001518302,-0.005180682161,-0.01047431948,-0.01672985426
-0.76,-9.405316228e-05,-0.001514864801,-0.00517134165,-0.0104581081,-0.01670675244
-0.755,-9.370405825e-05,-0.001511431555,-0.005162007458,-0.01044190317,-0.01668362809
-0.75,-9.335595589e-05,-0.001508002264,-0.005152679591,-0.0104257047,-0.01666047614
-0.745,-9.300885369e-05,-0.00150457693,-0.005143358056,-0.01040951266,-0.01663729062
-0.74,-9.26627501e-05,-0.001501155554,-0.005134042859,-0.01039332705,-0.01661406441
-0.735,-9.23176436e-05,-0.001497738137,-0.005124734008,-0.01037714785,-0.01659078916
-0.73,-9.197353264e-05,-0.001494324681,-0.005115431509,-0.01036097504,-0.01656745501
-0.725,-9.163041569e-05,-0.001490915188,-0.005106135369,-0.01034480857,-0.01654405035
-0.72,-9.128829121e-05,-0.001487509659,-0.005096845595,-0.01032864841,-0.01652056157
-0.715,-9.094715765e-05,-0.001484108095,-0.005087562194,-0.01031249451,-0.01649697273
-0.71,-9.060701347e-05,-0.001480710499,-0.005078285173,-0.01029634681,-0.01647326523
-0.705,-9.026785713e-05,-0.00147731687,-0.005069014537,-0.01028020522,-0.01644941741
-0.7,-8.992968707e-05,-0.001473927212,-0.005059750295,-0.01026406965,-0.01642540421
-0.695,-8.959250174e-05,-0.001470541525,-0.005050492451,-0.01024793998,-0.01640119673
-0.69,-8.925629959e-05,-0.001467159811,-0.005041241014,-0.01023181607,-0.01637676184
-0.685,-8.892107907e-05,-0.001463782071,-0.005031995989,-0.01021569774,-0.01635206179
-0.68,-8.858683862e-05,-0.001460408307,-0.005022757382,-0.01019958479,-0.01632705392
-0.675,-8.825357668e-05,-0.00145703852,-0.005013525201,-0.01018347697,-0.01630169037
-0.67,-8.792129168e-05,-0.001453672712,-0.00500429945,-0.01016737398,-0.01627591803
-0.665,-8.758998207e-05,-0.001450310885,-0.004995080137,-0.01015127544,-0.01624967857
-0.66,-8.725964628e-05,-0.001446953038,-0.004985867266,-0.01013518093,-0.01622290868
-0.655,-8.693028274e-05,-0.001443599175,-0.004976660843,-0.01011908992,-0.01619554066
-0.65,-8.660188988e-05,-0.001440249297,-0.004967460874,-0.01010300179,-0.01616750312
-0.645,-8.627446614e-05,-0.001436903404,-0.004958267362,-0.01008691579,-0.01613872205
-0.64,-8.594800993e-05,-0.001433561499,-0.004949080313,-0.01007083102,-0.01610912208
-0.635,-8.562251969e-05,-0.001430223582,-0.004939899731,-0.01005474642,-0.01607862791
-0.63,-8.529799383e-05,-0.001426889656,-0.004930725618,-0.01003866069,-0.0160471658
-0.625,-8.497443078e-05,-0.001423559721,-0.004921557977,-0.01002257233,-0.01601466507
-0.62,-8.465182896e-05,-0.00142023378,-0.00491239681,-0.01000647951,-0.01598105942
-0.615,-8.433018677e-05,-0.001416911833,-0.004903242118,-0.009990380068,-0.01594628806
-0.61,-8.400950265e-05,-0.001413593882,-0.004894093899,-0.009974271409,-0.01591029652
-0.605,-8.3689775e-05,-0.001410279929,-0.004884952152,-0.009958150463,-0.01587303712
-0.6,-8.337100223e-05,-0.001406969974,-0.004875816872,-0.009942013568,-0.01583446911
-0.595,-8.305318276e-05,-0.001403664019,-0.004866688054,-0.009925856377,-0.01579455848
-0.59,-8.273631498e-05,-0.001400362065,-0.004857565688,-0.009909673723,-0.01575327753
-0.585,-8.242039731e-05,-0.001397064115,-0.004848449763,-0.00989345948,-0.01571060433
-0.58,-8.210542815e-05,-0.001393770168,-0.004839340263,-0.009877206395,-0.01566652194
-0.575,-8.17914059e-05,-0.001390480228,-0.004830237168,-0.009860905889,-0.01562101768
-0.57,-8.147832896e-05,-0.001387194294,-0.004821140451,-0.009844547834,-0.01557408242
-0.565,-8.116619573e-05,-0.001383912368,-0.004812050082,-0.009828120308,-0.01552570982
-0.56,-8.08550046e-05,-0.001380634452,-0.004802966021,-0.009811609301,-0.01547589573
-0.555,-8.054475397e-05,-0.001377360546,-0.004793888217,-0.009794998408,-0.01542463763
-0.55,-8.023544224e-05,-0.001374090652,-0.004784816612,-0.009778268485,-0.01537193417
-0.545,-7.992706779e-05,-0.001370824772,-0.004775751132,-0.00976139728,-0.01531778476
-0.54,-7.9619629e-05,-0.001367562906,-0.004766691687,-0.009744359059,-0.01526218929
-0.535,-7.931312428e-05,-0.001364305055,-0.004757638169,-0.009727124219,-0.01520514789
-0.53,-7.9007552e-05,-0.00136105122,-0.004748590447,-0.009709658935,-0.01514666069
-0.525,-7.870291055e-05,-0.001357801403,-0.004739548362,-0.009691924834,-0.01508672775
-0.52,-7.839919831e-05,-0.001354555604,-0.004730511723,-0.009673878754,-0.01502534892
-0.515,-7.809641365e-05,-0.001351313825,-0.0047214803,-0.009655472611,-0.01496252378
-0.51,-7.779455495e-05,-0.001348076065,-0.004712453814,-0.00963665341,-0.0148982516
-0.505,-7.74936206e-05,-0.001344842325,-0.004703431932,-0.009617363436,-0.0148325313
-0.5,-7.719360896e-05,-0.001341612607,-0.004694414252,-0.009597540663,-0.01476536146
-0.495,-7.68945184e-05,-0.001338386908,-0.004685400294,-0.009577119375,-0.01469674029
-0.49,-7.659634729e-05,-0.001335165231,-0.004676389478,-0.009556031015,-0.01462666566
-0.485,-7.629909401e-05,-0.001331947574,-0.004667381113,-0.00953420521,-0.01455513511
-0.48,-7.60027569e-05,-0.001328733937,-0.004658374366,-0.009511570938,-0.01448214583
-0.475,-7.570733434e-05,-0.001325524318,-0.004649368242,-0.009488057743,-0.01440769473
-0.47,-7.541282468e-05,-0.001322318715,-0.004640361548,-0.009463596927,-0.01433177843
-0.465,-7.511922628e-05,-0.001319117127,-0.004631352856,-0.009438122627,-0.01425439325
-0.46,-7.482653749e-05,-0.001315919551,-0.004622340458,-0.009411572706,-0.01417553529
-0.455,-7.453475665e-05,-0.001312725982,-0.00461332231,-0.009383889408,-0.01409520041
-0.45,-7.424388212e-05,-0.001309536416,-0.004604295971,-0.00935501976,-0.01401338423
-0.445,-7.395391222e-05,-0.001306350846,-0.004595258525,-0.009324915723,-0.0139300822
-0.44,-7.36648453e-05,-0.001303169264,-0.004586206491,-0.009293534133,-0.01384528957
-0.435,-7.337667969e-05,-0.001299991661,-0.004577135721,-0.009260836458,-0.01375900142
-0.43,-7.308941369e-05,-0.001296818025,-0.004568041271,-0.00922678844,-0.01367121266
-0.425,-7.280304563e-05,-0.001293648341,-0.004558917264,-0.009191359662,-0.01358191809
-0.42,-7.251757381e-05,-0.001290482592,-0.004549756714,-0.009154523083,-0.01349111235
-0.415,-7.223299653e-05,-0.001287320756,-0.00454055134,-0.009116254573,-0.01339878996
-0.41,-7.194931205e-05,-0.001284162806,-0.004531291341,-0.009076532478,-0.01330494533
-0.405,-7.166651864e-05,-0.001281008711,-0.004521965143,-0.009035337224,-0.01320957278
-0.4,-7.138461456e-05,-0.001277858431,-0.004512559122,-0.008992650965,-0.01311266652
-0.395,-7.110359801e-05,-0.001274711921,-0.004503057285,-0.008948457283,-0.01301422067
-0.39,-7.08234672e-05,-0.001271569123,-0.004493440936,-0.00890274094,-0.01291422931
-0.385,-7.05442203e-05,-0.001268429969,-0.004483688315,-0.008855487659,-0.01281268639
-0.38,-7.026585542e-05,-0.001265294376,-0.004473774225,-0.008806683965,-0.01270958585
-0.375,-6.998837066e-05,-0.001262162246,-0.004463669662,-0.008756317036,-0.01260492153
-0.37,-6.971176405e-05,-0.001259033458,-0.004453341469,-0.008704374598,-0.01249868726
-0.365,-6.943603354e-05,-0.001255907869,-0.004442752033,-0.008650844838,-0.01239087678
-0.36,-6.916117702e-05,-0.001252785303,-0.004431859062,-0.008595716329,-0.01228148383
-0.355,-6.88871923e-05,-0.001249665553,-0.004420615467,-0.008538977981,-0.01217050208
-0.35,-6.861407704e-05,-0.001246548365,-0.004408969379,-0.008480618996,-0.01205792521
-0.345,-6.834182879e-05,-0.001243433436,-0.004396864337,-0.008420628834,-0.01194374684
-0.34,-6.807044494e-05,-0.001240320401,-0.004384239657,-0.008358997188,-0.01182796059
-0.335,-6.779992267e-05,-0.001237208822,-0.004371030982,-0.008295713964,-0.01171056007
-0.33,-6.753025891e-05,-0.00123409817,-0.004357171005,-0.008230769266,-0.01159153888
-0.325,-6.726145035e-05,-0.001230987809,-0.004342590322,-0.008164153384,-0.01147089063
-0.32,-6.699349328e-05,-0.001227876977,-0.004327218368,-0.008095856785,-0.01134860891
-0.315,-6.67263836e-05,-0.001224764757,-0.004310984378,-0.008025870106,-0.01122468734
-0.31,-6.646011671e-05,-0.001221650045,-0.0042938183,-0.007954184151,-0.01109911958
-0.305,-6.61946874e-05,-0.001218531517,-0.00427565162,-0.007880789886,-0.01097189927
-0.3,-6.593008972e-05,-0.001215407583,-0.00425641804,-0.007805678439,-0.01084302013
-0.295,-6.566631685e-05,-0.001212276335,-0.004236054005,-0.007728841099,-0.01071247589
-0.29,-6.540336089e-05,-0.001209135483,-0.004214499064,-0.007650269315,-0.01058026035
-0.285,-6.514121266e-05,-0.001205982284,-0.004191696072,-0.0075699547,-0.01044636736
-0.28,-6.487986143e-05,-0.001202813448,-0.004167591272,-0.007487889033,-0.01031079084
-0.275,-6.461929461e-05,-0.00119962504,-0.004142134264,-0.00740406426,-0.01017352479
-0.27,-6.435949732e-05,-0.001196412353,-0.004115277907,-0.0073184725,-0.01003456332
-0.265,-6.410045198e-05,-0.001193169765,-0.004086978158,-0.007231106051,-0.009893900615
-0.26,-6.384213771e-05,-0.001189890571,-0.004057193899,-0.007141957394,-0.009751530992
-0.255,-6.358452965e-05,-0.001186566788,-0.004025886733,-0.007051019202,-0.009607448897
-0.25,-6.332759816e-05,-0.001183188927,-0.003993020791,-0.006958284346,-0.00946164892
-0.245,-6.307130781e-05,-0.001179745741,-0.003958562543,-0.006863745906,-0.009314125813
-0.24,-6.281561618e-05,-0.001176223933,-0.003922480619,-0.006767397183,-0.009164874509
-0.235,-6.256047245e-05,-0.001172607833,-0.003884745645,-0.006669231703,-0.009013890136
-0.23,-6.23058156e-05,-0.001168879046,-0.003845330094,-0.006569243241,-0.008861168042
-0.225,-6.205157238e-05,-0.001165016078,-0.003804208155,-0.006467425826,-0.008706703814
-0.22,-6.179765469e-05,-0.001160993936,-0.00376135561,-0.00636377376,-0.008550493303
-0.215,-6.154395661e-05,-0.001156783739,-0.003716749736,-0.006258281636,-0.008392532645
-0.21,-6.129035064e-05,-0.001152352331,-0.003670369204,-0.006150944357,-0.008232818296
-0.205,-6.103668328e-05,-0.001147661948,-0.003622194004,-0.006041757152,-0.008071347052
-0.2,-6.078276965e-05,-0.001142669937,-0.003572205375,-0.005930715606,-0.007908116085
-0.195,-6.052838702e-05,-0.001137328588,-0.00352038574,-0.005817815675,-0.007743122973
-0.19,-6.0273267e-05,-0.001131585084,-0.003466718657,-0.00570305372,-0.007576365741
-0.185,-6.001708614e-05,-0.001125381604,-0.003411188774,-0.005586426529,-0.00740784289
-0.18,-5.975945457e-05,-0.001118655603,-0.003353781791,-0.005467931352,-0.007237553444
-0.175,-5.949990236e-05,-0.00111134026,-0.003294484431,-0.005347565929,-0.007065496991
-0.17,-5.923786305e-05,-0.00110336509,-0.003233284418,-0.005225328526,-0.006891673726
-0.165,-5.897265386e-05,-0.001094656699,-0.003170170453,-0.005101217973,-0.006716084501
-0.16,-5.870345188e-05,-0.001085139622,-0.003105132207,-0.004975233701,-0.006538730874
-0.155,-5.842926543e-05,-0.001074737231,-0.00303816031,-0.004847375781,-0.006359615161
-0.15,-5.814889965e-05,-0.001063372624,-0.002969246348,-0.004717644975,-0.006178740496
-0.145,-5.786091525e-05,-0.001050969484,-0.002898382865,-0.004586042771,-0.005996110884
-0.14,-5.756357908e-05,-0.001037452848,-0.00282556337,-0.004452571438,-0.005811731263
-0.135,-5.725480488e-05,-0.001022749778,-0.002750782343,-0.004317234071,-0.005625607567
-0.13,-5.693208263e-05,-0.001006789905,-0.002674035247,-0.004180034645,-0.005437746787
-0.125,-5.65923943e-05,-0.0009895058595,-0.002595318548,-0.004040978063,-0.005248157041
-0.12,-5.623211355e-05,-0.0009708335849,-0.002514629731,-0.003900070215,-0.005056847638
-0.115,-5.584688711e-05,-0.0009507125499,-0.00243196732,-0.003757318026,-0.004863829143
-0.11,-5.543149446e-05,-0.0009290858713,-0.002347330903,-0.003612729513,-0.004669113446
-0.105,-5.497968307e-05,-0.0009059003663,-0.002260721156,-0.00346631384,-0.004472713829
-0.1,-5.448397582e-05,-0.0008811065478,-0.002172139868,-0.003318081367,-0.004274645026
-0.095,-5.393544735e-05,-0.0008546585765,-0.002081589968,-0.003168043707,-0.004074923288
-0.09,-5.332346663e-05,-0.0008265141817,-0.001989075553,-0.003016213767,-0.003873566439
-0.085,-5.263540354e-05,-0.0007966345611,-0.001894601909,-0.002862605801,-0.003670593928
-0.08,-5.18562984e-05,-0.0007649842666,-0.001798175541,-0.002707235446,-0.003466026878
-0.075,-5.096849556e-05,-0.000731531083,-0.001699804194,-0.002550119761,-0.003259888123
-0.07,-4.995124464e-05,-0.0006962459037,-0.001599496871,-0.002391277255,-0.00305220224
-0.065,-4.878027669e-05,-0.0006591026061,-0.001497263851,-0.002230727911,-0.002842995569
-0.06,-4.742736719e-05,-0.0006200779308,-0.001393116702,-0.002068493199,-0.002632296224
-0.055,-4.585990328e-05,-0.0005791513637,-0.001287068287,-0.001904596084,-0.002420134089
-0.05,-4.404047816e-05,-0.0005363050231,-0.001179132767,-0.001739061018,-0.002206540801
-0.045,-4.19265414e-05,-0.000491523552,-0.001069325598,-0.001571913927,-0.001991549721
-0.04,-3.947013788e-05,-0.0004447940155,-0.0009576635181,-0.001403182181,-0.001775195885
-0.035,-3.661776985e-05,-0.0003961058022,-0.0008441645284,-0.001232894559,-0.001557515945
-0.03,-3.331041423e-05,-0.0003454505306,-0.0007288478691,-0.001061081192,-0.001338548087
-0.025,-2.948372095e-05,-0.0002928219584,-0.0006117339841,-0.0008877735063,-0.001118331942
-0.02,-2.506840593e-05,-0.0002382158951,-0.000492844479,-0.0007130041401,-0.0008969084733
-0.015,-1.999083759e-05,-0.0001816301165,-0.0003722020709,-0.000536806861,-0.0006743198539
-0.01,-1.417379801e-05,-0.0001230642818,-0.0002498305303,-0.0003592164658,-0.0004506093288
-0.005,-7.537383924e-06,-6.251985019e-05,-0.0001257546154,-0.0001802686718,-0.0002258210666
0,-0,-0,-0,-0,-0
0.001,2.746183628e-06,3.742087349e-05,8.373629397e-05,0.0001235480978,0.0001562886962
0.002,5.41045819e-06,7.453258841e-05,0.0001671955638,0.0002468741118,0.0003124005009
0.003,7.994923803e-06,0.0001113345899,0.0002503747781,0.0003699732327,0.0004683291568
0.004,1.050164864e-05,0.0001478263581,0.0003332709355,0.0004928406797,0.0006240684339
0.005,1.293266837e-05,0.0001840074086,0.0004158810669,0.0006154717038,0.0007796121346
0.006,1.528998558e-05,0.0002198772929,0.0004982022373,0.0007378615918,0.0009349540982
0.007,1.757556938e-05,0.0002554355991,0.0005802315479,0.0008600056697,0.001090088206
0.008,1.979135493e-05,0.000290681952,0.0006619661379,0.0009818993062,0.001245008388
0.009,2.193924307e-05,0.0003256160136,0.0007434031863,0.001103537916,0.001399708623
0.01,2.402110007e-05,0.0003602374837,0.0008245399136,0.001224916963,0.00155418295
0.011,2.603875732e-05,0.0003945460999,0.0009053735839,0.001346031965,0.001708425465
0.012,2.799401111e-05,0.0004285416383,0.0009859015059,0.001466878492,0.001862430332
0.013,2.988862253e-05,0.0004622239132,0.001066121035,0.001587452177,0.002016191784
0.014,3.172431731e-05,0.000495592778,0.001146029573,0.001707748711,0.002169704126
0.015,3.350278576e-05,0.000528648125,0.001225624574,0.001827763849,0.002322961741
0.016,3.522568278e-05,0.0005613898859,0.001304903539,0.001947493415,0.002475959094
0.017,3.689462786e-05,0.0005938180316,0.001383864023,0.002066933299,0.002628690732
0.018,3.851120518e-05,0.0006259325727,0.001462503633,0.002186079464,0.00278115129
0.019,4.007696368e-05,0.0006577335595,0.00154082003,0.002304927946,0.002933335495
0.02,4.159341722e-05,0.0006892210818,0.001618810929,0.002423474854,0.003085238166
0.021,4.306204482e-05,0.0007203952697,0.001696474101,0.002541716377,0.003236854216
0.022,4.448429078e-05,0.0007512562928,0.001773807373,0.00265964878,0.00338817866
0.023,4.586156505e-05,0.0007818043607,0.00185080863,0.002777268409,0.00353920661
0.024,4.719524343e-05,0.000812039723,0.001927475812,0.00289457169,0.003689933281
0.025,4.848666792e-05,0.0008419626692,0.002003806918,0.003011555133,0.003840353994
0.026,4.973714707e-05,0.0008715735285,0.002079800008,0.003128215331,0.003990464173
0.027,5.094795636e-05,0.0009008726699,0.002155453195,0.003244548959,0.00414025935
0.028,5.212033856e-05,0.0009298605022,0.002230764656,0.003360552779,0.004289735164
0.029,5.325550419e-05,0.0009585374738,0.002305732623,0.003476223638,0.004438887363
0.03,5.435463192e-05,0.0009869040725,0.00238035539,0.003591558469,0.004587711806
0.031,5.541886906e-05,0.001014960825,0.002454631307,0.00370655429,0.00473620446
0.032,5.644933204e-05,0.001042708299,0.002528558786,0.003821208205,0.004884361402
0.033,5.744710683e-05,0.001070147099,0.002602136295,0.003935517406,0.005032178822
0.034,5.841324956e-05,0.001097277869,0.002675362361,0.004049479169,0.005179653019
0.035,5.934878692e-05,0.001124101292,0.002748235571,0.004163090857,0.0053267804
0.036,6.025471678e-05,0.00115061809,0.002820754567,0.004276349919,0.005473557487
0.037,6.113200864e-05,0.001176829023,0.002892918049,0.004389253887,0.005619980906
0.038,6.198160426e-05,0.001202734887,0.002964724777,0.004501800379,0.005766047395
0.039,6.280441815e-05,0.00122833652,0.003036173562,0.004613987096,0.0059117538
0.04,6.360133812e-05,0.001253634794,0.003107263276,0.004725811824,0.006057097072
0.041,6.43732259e-05,0.00127863062,0.003177992843,0.004837272429,0.006202074271
0.042,6.512091762e-05,0.001303324945,0.003248361242,0.004948366859,0.00634668256
0.043,6.584522445e-05,0.001327718754,0.003318367507,0.005059093142,0.006490919205
0.044,6.65469331e-05,0.001351813067,0.003388010723,0.005169449387,0.006634781578
0.045,6.722680641e-05,0.001375608944,0.00345729003,0.005279433779,0.006778267148
0.046,6.788558391e-05,0.001399107476,0.003526204618,0.005389044583,0.006921373487
0.047,6.852398239e-05,0.001422309794,0.003594753729,0.005498280136,0.007064098263
0.048,6.914269642e-05,0.001445217061,0.003662936652,0.005607138853,0.007206439241
0.049,6.974239892e-05,0.001467830479,0.003730752728,0.005715619221,0.007348394281
0.05,7.032374173e-05,0.001490151283,0.003798201345,0.0058237198,0.007489961337
0.051,7.088735611e-05,0.001512180741,0.003865281939,0.005931439218,0.007631138453
0.052,7.143385331e-05,0.001533920158,0.003931993992,0.006038776176,0.007771923763
0.053,7.196382506e-05,0.001555370872,0.003998337031,0.00614572944,0.007912315489
0.054,7.247784413e-05,0.001576534256,0.004064310629,0.006252297845,0.008052311939
0.055,7.297646484e-05,0.001597411714,0.004129914401,0.006358480288,0.008191911504
0.056,7.346022354e-05,0.001618004687,0.004195148005,0.006464275733,0.00833111266
0.057,7.392963913e-05,0.001638314645,0.004260011142,0.006569683204,0.008469913961
0.058,7.438521356e-05,0.001658343093,0.004324503552,0.006674701785,0.008608314039
0.059,7.482743228e-05,0.001678091569,0.004388625018,0.006779330622,0.008746311604
0.06,7.525676475e-05,0.001697561641,0.004452375359,0.006883568917,0.008883905441
0.061,7.567366488e-05,0.001716754909,0.004515754433,0.006987415928,0.009021094405
0.062,7.607857149e-05,0.001735673008,0.004578762136,0.007090870969,0.009157877425
0.063,7.647190877e-05,0.001754317599,0.004641398399,0.007193933407,0.009294253498
0.064,7.685408669e-05,0.001772690378,0.004703663189,0.007296602661,0.009430221688
0.065,7.722550145e-05,0.001790793069,0.004765556508,0.007398878201,0.009565781124
0.066,7.758653591e-05,0.001808627429,0.004827078392,0.007500759547,0.009700930998
0.067,7.793755994e-05,0.001826195242,0.004888228907,0.007602246264,0.009835670565
0.068,7.82789309e-05,0.001843498325,0.004949008155,0.007703337968,0.009969999139
0.069,7.861099394e-05,0.001860538521,0.005009416265,0.007804034315,0.01010391609
0.07,7.893408247e-05,0.001877317704,0.005069453398,0.00790433501,0.01023742086
0.071,7.924851846e-05,0.001893837777,0.005129119747,0.008004239796,0.01037051292
0.072,7.955461284e-05,0.001910100671,0.005188415528,0.008103748461,0.0105031918
0.073,7.985266583e-05,0.001926108345,0.00524734099,0.008202860831,0.01063545711
0.074,8.014296728e-05,0.001941862785,0.005305896406,0.008301576772,0.01076730847
0.075,8.042579705e-05,0.001957366006,0.005364082078,0.008399896186,0.01089874558
0.076,8.070142526e-05,0.001972620049,0.005421898329,0.008497819013,0.01102976817
0.077,8.097011266e-05,0.001987626982,0.005479345512,0.008595345227,0.01116037601
0.078,8.123211092e-05,0.002002388898,0.005536424002,0.008692474838,0.01129056893
0.079,8.148766292e-05,0.00201690792,0.005593134196,0.008789207887,0.0114203468
0.08,8.173700306e-05,0.002031186191,0.005649476515,0.008885544448,0.01154970952
0.081,8.198035751e-05,0.002045225882,0.005705451404,0.008981484626,0.01167865703
0.082,8.221794452e-05,0.00205902919,0.005761059327,0.009077028555,0.01180718933
0.083,8.244997464e-05,0.002072598334,0.005816300769,0.0091721764,0.01193530643
0.084,8.267665102e-05,0.002085935556,0.005871176236,0.009266928351,0.01206300839
0.085,8.289816966e-05,0.002099043125,0.005925686254,0.009361284627,0.01219029529
0.086,8.311471958e-05,0.002111923329,0.005979831368,0.009455245472,0.01231716728
0.087,8.332648317e-05,0.002124578481,0.006033612141,0.009548811156,0.01244362449
0.088,8.353363631e-05,0.002137010913,0.006087029154,0.009641981972,0.01256966713
0.089,8.373634865e-05,0.002149222982,0.006140083005,0.009734758238,0.0126952954
0.09,8.393478382e-05,0.002161217062,0.006192774312,0.009827140294,0.01282050956
0.091,8.412909961e-05,0.00217299555,0.006245103705,0.0099191285,0.01294530987
0.092,8.431944819e-05,0.00218456086,0.006297071833,0.01001072324,0.01306969665
0.093,8.450597631e-05,0.002195915427,0.006348679361,0.01010192491,0.01319367021
0.094,8.468882544e-05,0.002207061703,0.006399926966,0.01019273395,0.01331723091
0.095,8.486813204e-05,0.002218002157,0.006450815342,0.01028315078,0.01344037912
0.096,8.504402766e-05,0.002228739278,0.006501345198,0.01037317587,0.01356311525
0.097,8.521663911e-05,0.002239275566,0.006551517254,0.01046280969,0.01368543971
0.098,8.53860887e-05,0.002249613542,0.006601332247,0.01055205274,0.01380735294
0.099,8.55524943e-05,0.002259755737,0.006650790923,0.01064090553,0.01392885541
0.1,8.571596956e-05,0.002269704699,0.006699894045,0.01072936857,0.01404994761
0.101,8.587662405e-05,0.002279462987,0.006748642386,0.01081744242,0.01417063002
0.102,8.603456338e-05,0.002289033173,0.00679703673,0.01090512761,0.01429090317
0.103,8.618988936e-05,0.002298417841,0.006845077875,0.01099242473,0.01441076761
0.104,8.634270011e-05,0.002307619583,0.006892766629,0.01107933435,0.01453022387
0.105,8.649309024e-05,0.002316641004,0.006940103812,0.01116585706,0.01464927253
0.106,8.66411509e-05,0.002325484716,0.006987090254,0.01125199348,0.01476791419
0.107,8.678696998e-05,0.002334153336,0.007033726796,0.0113377442,0.01488614942
0.108,8.693063217e-05,0.002342649492,0.00708001429,0.01142310988,0.01500397886
0.109,8.707221909e-05,0.002350975816,0.007125953595,0.01150809114,0.01512140312
0.11,8.721180943e-05,0.002359134942,0.007171545584,0.01159268863,0.01523842285
0.111,8.734947899e-05,0.002367129511,0.007216791136,0.01167690301,0.01535503871
0.112,8.748530085e-05,0.002374962166,0.007261691141,0.01176073496,0.01547125135
0.113,8.761934542e-05,0.002382635549,0.007306246499,0.01184418514,0.01558706145
0.114,8.775168056e-05,0.002390152304,0.007350458116,0.01192725425,0.01570246971
0.115,8.788237167e-05,0.002397515074,0.007394326909,0.01200994297,0.01581747681
0.116,8.801148175e-05,0.002404726501,0.007437853803,0.01209225202,0.01593208348
0.117,8.813907153e-05,0.002411789222,0.007481039731,0.0121741821,0.01604629041
0.118,8.826519952e-05,0.00241870587,0.007523885635,0.01225573393,0.01616009835
0.119,8.838992212e-05,0.002425479073,0.007566392464,0.01233690824,0.01627350803
0.12,8.851329364e-05,0.002432111454,0.007608561175,0.01241770574,0.01638652019
0.121,8.863536644e-05,0.002438605624,0.007650392732,0.01249812719,0.01649913558
0.122,8.875619097e-05,0.00244496419,0.007691888109,0.01257817333,0.01661135496
0.123,8.887581582e-05,0.002451189746,0.007733048286,0.01265784489,0.01672317909
0.124,8.899428782e-05,0.002457284874,0.007773874249,0.01273714265,0.01683460876
0.125,8.91116521e-05,0.002463252146,0.007814366993,0.01281606735,0.01694564474
0.126,8.922795214e-05,0.002469094118,0.007854527519,0.01289461977,0.01705628782
0.127,8.934322981e-05,0.002474813333,0.007894356837,0.01297280066,0.01716653879
0.128,8.945752548e-05,0.002480412317,0.007933855961,0.01305061081,0.01727639843
0.129,8.957087803e-05,0.002485893578,0.007973025914,0.01312805099,0.01738586757
0.13,8.968332493e-05,0.002491259609,0.008011867725,0.01320512198,0.017494947
0.131,8.979490227e-05,0.00249651288,0.00805038243,0.01328182457,0.01760363754
0.132,8.990564481e-05,0.002501655844,0.008088571071,0.01335815955,0.01771193999
0.133,9.001558607e-05,0.00250669093,0.008126434697,0.01343412771,0.01781985519
0.134,9.012475832e-05,0.002511620545,0.008163974363,0.01350972985,0.01792738396
0.135,9.023319266e-05,0.002516447075,0.008201191132,0.01358496676,0.01803452712
0.136,9.034091904e-05,0.002521172879,0.008238086072,0.01365983924,0.01814128551
0.137,9.044796633e-05,0.002525800293,0.008274660257,0.01373434811,0.01824765996
0.138,9.055436233e-05,0.002530331623,0.008310914769,0.01380849416,0.01835365131
0.139,9.066013384e-05,0.002534769153,0.008346850695,0.01388227821,0.0184592604
0.14,9.076530665e-05,0.002539115136,0.008382469129,0.01395570106,0.01856448806
0.141,9.086990564e-05,0.002543371797,0.00841777117,0.01402876353,0.01866933516
0.142,9.097395475e-05,0.002547541332,0.008452757926,0.01410146644,0.01877380252
0.143,9.107747705e-05,0.002551625908,0.008487430509,0.0141738106,0.01887789102
0.144,9.118049479e-05,0.00255562766,0.008521790039,0.01424579683,0.01898160148
0.145,9.128302936e-05,0.002559548691,0.008555837639,0.01431742595,0.01908493478
0.146,9.138510141e-05,0.002563391075,0.008589574442,0.01438869877,0.01918789175
0.147,9.14867308e-05,0.002567156851,0.008623001587,0.01445961613,0.01929047327
0.148,9.158793668e-05,0.002570848027,0.008656120216,0.01453017885,0.01939268018
0.149,9.168873751e-05,0.002574466577,0.008688931481,0.01460038775,0.01949451335
0.15,9.178915104e-05,0.002578014441,0.00872143654,0.01467024365,0.01959597363
0.151,9.188919439e-05,0.002581493526,0.008753636555,0.01473974739,0.01969706188
0.152,9.198888406e-05,0.002584905706,0.008785532697,0.01480889979,0.01979777896
0.153,9.208823594e-05,0.002588252817,0.008817126142,0.01487770168,0.01989812574
0.154,9.218726531e-05,0.002591536664,0.008848418074,0.01494615388,0.01999810308
0.155,9.228598694e-05,0.002594759016,0.008879409683,0.01501425723,0.02009771184
0.156,9.238441502e-05,0.002597921606,0.008910102164,0.01508201255,0.02019695287
0.157,9.248256323e-05,0.002601026134,0.008940496722,0.01514942068,0.02029582705
0.158,9.258044476e-05,0.002604074264,0.008970594567,0.01521648244,0.02039433524
0.159,9.26780723e-05,0.002607067626,0.009000396915,0.01528319867,0.02049247829
0.16,9.277545809e-05,0.002610007813,0.009029904991,0.01534957018,0.02059025707
0.161,9.28726139e-05,0.002612896387,0.009059120026,0.01541559783,0.02068767245
0.162,9.296955111e-05,0.002615734871,0.009088043258,0.01548128242,0.02078472527
0.163,9.306628063e-05,0.002618524757,0.009116675932,0.0155466248,0.02088141641
0.164,9.316281301e-05,0.002621267501,0.009145019302,0.0156116258,0.02097774673
0.165,9.32591584e-05,0.002623964527,0.009173074626,0.01567628623,0.02107371707
0.166,9.335532658e-05,0.002626617222,0.009200843174,0.01574060694,0.02116932831
0.167,9.345132696e-05,0.002629226942,0.009228326221,0.01580458875,0.0212645813
0.168,9.354716863e-05,0.002631795011,0.009255525048,0.01586823249,0.0213594769
0.169,9.364286033e-05,0.002634322716,0.009282440948,0.01593153899,0.02145401597
0.17,9.373841047e-05,0.002636811315,0.009309075219,0.01599450908,0.02154819935
0.171,9.383382719e-05,0.002639262035,0.009335429167,0.01605714358,0.02164202791
0.172,9.392911828e-05,0.002641676067,0.009361504107,0.01611944331,0.02173550249
0.173,9.40242913e-05,0.002644054575,0.009387301364,0.01618140912,0.02182862396
0.174,9.411935349e-05,0.00264639869,0.009412822268,0.01624304182,0.02192139316
0.175,9.421431185e-05,0.002648709514,0.009438068159,0.01630434223,0.02201381094
0.176,9.430917311e-05,0.002650988118,0.009463040387,0.01636531118,0.02210587815
0.177,9.440394376e-05,0.002653235546,0.009487740309,0.0164259495,0.02219759563
0.178,9.449863005e-05,0.00265545281,0.009512169291,0.01648625801,0.02228896424
0.179,9.459323801e-05,0.002657640896,0.009536328711,0.01654623752,0.02237998481
0.18,9.468777345e-05,0.002659800762,0.009560219951,0.01660588887,0.02247065819
0.181,9.478224195e-05,0.002661933338,0.009583844408,0.01666521286,0.02256098522
0.182,9.487664891e-05,0.002664039528,0.009607203484,0.01672421033,0.02265096675
0.183,9.497099951e-05,0.00266612021,0.009630298594,0.01678288209,0.02274060359
0.184,9.506529876e-05,0.002668176236,0.009653131161,0.01684122895,0.02282989661
0.185,9.515955148e-05,0.002670208433,0.009675702619,0.01689925174,0.02291884662
0.186,9.525376231e-05,0.002672217602,0.00969801441,0.01695695127,0.02300745446
0.187,9.534793573e-05,0.002674204524,0.00972006799,0.01701432835,0.02309572096
0.188,9.544207604e-05,0.002676169953,0.009741864823,0.01707138381,0.02318364696
0.189,9.553618742e-05,0.00267811462,0.009763406384,0.01712811844,0.02327123327
0.19,9.563027384e-05,0.002680039237,0.00978469416,0.01718453307,0.02335848073
0.191,9.572433919e-05,0.002681944491,0.009805729647,0.01724062851,0.02344539016
0.192,9.581838717e-05,0.002683831049,0.009826514354,0.01729640557,0.02353196237
0.193,9.591242137e-05,0.002685699558,0.009847049801,0.01735186505,0.0236181982
0.194,9.600644524e-05,0.002687550642,0.009867337519,0.01740700777,0.02370409845
0.195,9.610046211e-05,0.002689384909,0.009887379051,0.01746183452,0.02378966395
0.196,9.619447518e-05,0.002691202945,0.009907175953,0.01751634613,0.0238748955
0.197,9.628848755e-05,0.002693005319,0.009926729792,0.01757054339,0.02395979392
0.198,9.638250219e-05,0.00269479258,0.009946042146,0.0176244271,0.02404436003
0.199,9.647652198e-05,0.002696565263,0.009965114609,0.01767799808,0.02412859461
0.2,9.657054968e-05,0.002698323882,0.009983948784,0.01773125711,0.02421249849
0.201,9.666458795e-05,0.002700068935,0.01000254629,0.01778420502,0.02429607247
0.202,9.675863938e-05,0.002701800905,0.01002090875,0.01783684258,0.02437931734
0.203,9.685270644e-05,0.00270352026,0.01003903782,0.01788917061,0.02446223391
0.204,9.694679151e-05,0.002705227449,0.01005693515,0.0179411899,0.02454482298
0.205,9.704089689e-05,0.00270692291,0.01007460241,0.01799290124,0.02462708533
0.206,9.713502482e-05,0.002708607065,0.01009204129,0.01804430544,0.02470902177
0.207,9.722917742e-05,0.002710280322,0.01010925348,0.01809540328,0.02479063307
0.208,9.732335676e-05,0.002711943074,0.0101262407,0.01814619557,0.02487192004
0.209,9.741756482e-05,0.002713595704,0.01014300467,0.01819668309,0.02495288345
0.21,9.751180354e-05,0.00271523858,0.01015954712,0.01824686664,0.0250335241
0.211,9.760607474e-05,0.002716872058,0.01017586983,0.018296747,0.02511384276
0.212,9.770038022e-05,0.002718496481,0.01019197455,0.01834632497,0.0251938402
0.213,9.779472169e-05,0.002720112183,0.01020786307,0.01839560133,0.02527351722
0.214,9.788910082e-05,0.002721719484,0.0102235372,0.01844457688,0.02535287459
0.215,9.798351919e-05,0.002723318694,0.01023899873,0.0184932524,0.02543191307
0.216,9.807797835e-05,0.002724910113,0.0102542495,0.01854162867,0.02551063344
0.217,9.817247979e-05,0.002726494031,0.01026929136,0.01858970648,0.02558903646
0.218,9.826702494e-05,0.002728070726,0.01028412617,0.01863748661,0.02566712291
0.219,9.836161518e-05,0.002729640468,0.01029875579,0.01868496985,0.02574489354
0.22,9.845625184e-05,0.002731203519,0.01031318212,0.01873215698,0.02582234912
0.221,9.855093622e-05,0.002732760128,0.01032740706,0.01877904878,0.0258994904
0.222,9.864566955e-05,0.002734310539,0.01034143254,0.01882564603,0.02597631815
0.223,9.874045302e-05,0.002735854987,0.01035526048,0.0188719495,0.02605283312
0.224,9.88352878e-05,0.002737393697,0.01036889283,0.01891795998,0.02612903605
0.225,9.8930175e-05,0.002738926888,0.01038233157,0.01896367825,0.0262049277
0.226,9.90251157e-05,0.00274045477,0.01039557867,0.01900910508,0.02628050882
0.227,9.912011092e-05,0.002741977547,0.01040863613,0.01905424124,0.02635578015
0.228,9.921516168e-05,0.002743495414,0.01042150596,0.01909908751,0.02643074243
0.229,9.931026893e-05,0.002745008562,0.01043419018,0.01914364467,0.02650539641
0.23,9.940543362e-05,0.002746517172,0.01044669082,0.01918791349,0.02657974283
0.231,9.950065663e-05,0.002748021422,0.01045900996,0.01923189474,0.02665378241
0.232,9.959593885e-05,0.00274952148,0.01047114965,0.01927558919,0.02672751589
0.233,9.969128111e-05,0.002751017511,0.01048311197,0.01931899762,0.026800944
0.234,9.978668421e-05,0.002752509673,0.01049489902,0.01936212079,0.02687406748
0.235,9.988214895e-05,0.00275399812,0.0105065129,0.01940495947,0.02694688705
0.236,9.997767608e-05,0.002755482997,0.01051795575,0.01944751444,0.02701940343
0.237,0.0001000732663,0.002756964446,0.01052922968,0.01948978646,0.02709161734
0.238,0.0001001689204,0.002758442606,0.01054033685,0.0195317763,0.02716352951
0.239,0.0001002646389,0.002759917607,0.01055127941,0.01957348473,0.02723514065
0.24,0.0001003604227,0.002761389578,0.01056205954,0.01961491251,0.02730645147
0.241,0.0001004562722,0.002762858641,0.0105726794,0.01965606041,0.02737746269
0.242,0.0001005521881,0.002764324914,0.01058314119,0.01969692919,0.02744817502
0.243,0.000100648171,0.002765788511,0.0105934471,0.01973751963,0.02751858917
0.244,0.0001007442215,0.002767249544,0.01060359935,0.01977783248,0.02758870584
0.245,0.0001008403401,0.002768708117,0.01061360014,0.0198178685,0.02765852573
0.246,0.0001009365274,0.002770164333,0.0106234517,0.01985762848,0.02772804955
0.247,0.0001010327839,0.002771618292,0.01063315625,0.01989711316,0.02779727799
0.248,0.00010112911,0.002773070087,0.01064271603,0.0199363233,0.02786621175
0.249,0.0001012255063,0.002774519812,0.01065213329,0.01997525969,0.02793485153
0.25,0.0001013219733,0.002775967553,0.01066141026,0.02001392306,0.02800319801
0.251,0.0001014185113,0.002777413397,0.01067054918,0.0200523142,0.02807125189
0.252,0.0001015151209,0.002778857426,0.01067955232,0.02009043385,0.02813901385
0.253,0.0001016118024,0.002780299719,0.01068842192,0.02012828279,0.02820648457
0.254,0.0001017085563,0.002781740352,0.01069716022,0.02016586176,0.02827366474
0.255,0.0001018053829,0.002783179399,0.0107057695,0.02020317155,0.02834055504
0.256,0.0001019022827,0.002784616931,0.01071425198,0.0202402129,0.02840715615
0.257,0.000101999256,0.002786053016,0.01072260992,0.02027698658,0.02847346874
0.258,0.0001020963031,0.002787487721,0.01073084557,0.02031349335,0.02853949348
0.259,0.0001021934245,0.002788921108,0.01073896116,0.02034973398,0.02860523104
0.26,0.0001022906205,0.002790353239,0.01074695893,0.02038570922,0.0286706821
0.261,0.0001023878913,0.002791784174,0.0107548411,0.02042141983,0.02873584732
0.262,0.0001024852374,0.002793213968,0.0107626099,0.02045686659,0.02880072736
0.263,0.000102582659,0.002794642677,0.01077026753,0.02049205025,0.02886532289
0.264,0.0001026801564,0.002796070354,0.0107778162,0.02052697157,0.02892963456
0.265,0.0001027777299,0.002797497049,0.0107852581,0.02056163133,0.02899366303
0.266,0.0001028753798,0.002798922812,0.01079259541,0.02059603027,0.02905740895
0.267,0.0001029731063,0.00280034769,0.01079983028,0.02063016917,0.02912087299
0.268,0.0001030709098,0.002801771728,0.01080696488,0.0206640488,0.02918405578
0.269,0.0001031687905,0.002803194971,0.01081400134,0.02069766991,0.02924695798
0.27,0.0001032667486,0.002804617461,0.01082094178,0.02073103328,0.02930958023
0.271,0.0001033647844,0.002806039238,0.0108277883,0.02076413966,0.02937192317
0.272,0.0001034628981,0.002807460342,0.01083454299,0.02079698984,0.02943398745
0.273,0.0001035610899,0.002808880811,0.01084120792,0.02082958457,0.02949577371
0.274,0.0001036593601,0.002810300681,0.01084778513,0.02086192464,0.02955728257
0.275,0.0001037577089,0.002811719987,0.01085427664,0.02089401079,0.02961851468
0.276,0.0001038561365,0.002813138764,0.01086068447,0.02092584382,0.02967947067
0.277,0.000103954643,0.002814557044,0.01086701058,0.0209574245,0.02974015117
0.278,0.0001040532288,0.002815974858,0.01087325695,0.02098875359,0.0298005568
0.279,0.0001041518939,0.002817392238,0.01087942551,0.02101983187,0.02986068819
0.28,0.0001042506386,0.002818809211,0.01088551815,0.02105066012,0.02992054597
0.281,0.0001043494631,0.002820225806,0.01089153678,0.02108123912,0.02998013075
0.282,0.0001044483675,0.00282164205,0.01089748324,0.02111156965,0.03003944315
0.283,0.0001045473521,0.00282305797,0.01090335937,0.0211416525,0.03009848379
0.284,0.0001046464169,0.002824473591,0.01090916697,0.02117148843,0.03015725328
0.285,0.0001047455621,0.002825888936,0.01091490781,0.02120107825,0.03021575224
0.286,0.000104844788,0.002827304029,0.01092058365,0.02123042274,0.03027398127
0.287,0.0001049440946,0.002828718894,0.0109261962,0.02125952269,0.03033194099
0.288,0.0001050434822,0.00283013355,0.01093174716,0.02128837889,0.030389632
0.289,0.0001051429508,0.00283154802,0.01093723819,0.02131699214,0.03044705489
0.29,0.0001052425007,0.002832962324,0.01094267091,0.02134536324,0.03050421028
0.291,0.0001053421319,0.00283437648,0.01094804693,0.02137349297,0.03056109875
0.292,0.0001054418446,0.002835790508,0.01095336782,0.02140138216,0.03061772091
0.293,0.0001055416389,0.002837204426,0.01095863512,0.0214290316,0.03067407736
0.294,0.0001056415151,0.00283861825,0.01096385034,0.02145644211,0.03073016867
0.295,0.0001057414731,0.002840031998,0.01096901497,0.02148361449,0.03078599545
0.296,0.0001058415131,0.002841445686,0.01097413045,0.02151054957,0.03084155827
0.297,0.0001059416353,0.002842859329,0.01097919821,0.02153724815,0.03089685773
0.298,0.0001060418398,0.002844272943,0.01098421963,0.02156371108,0.03095189441
0.299,0.0001061421267,0.002845686541,0.01098919607,0.02158993917,0.03100666889
0.3,0.0001062424961,0.002847100138,0.01099412887,0.02161593325,0.03106118175
0.301,0.0001063429481,0.002848513746,0.01099901931,0.02164169416,0.03111543356
0.302,0.0001064434829,0.002849927379,0.01100386868,0.02166722275,0.0311694249
0.303,0.0001065441005,0.00285134105,0.0110086782,0.02169251985,0.03122315634
0.304,0.0001066448011,0.002852754769,0.0110134491,0.02171758633,0.03127662845
0.305,0.0001067455848,0.00285416855,0.01101818254,0.02174242302,0.0313298418
0.306,0.0001068464517,0.002855582402,0.01102287969,0.02176703081,0.03138279695
0.307,0.0001069474018,0.002856996336,0.01102754166,0.02179141054,0.03143549447
0.308,0.0001070484353,0.002858410363,0.01103216956,0.0218155631,0.03148793492
0.309,0.0001071495523,0.002859824492,0.01103676444,0.02183948937,0.03154011886
0.31,0.0001072507529,0.002861238734,0.01104132735,0.02186319023,0.03159204684
0.311,0.0001073520372,0.002862653097,0.0110458593,0.02188666657,0.03164371941
0.312,0.0001074534052,0.00286406759,0.01105036128,0.02190991929,0.03169513714
0.313,0.0001075548571,0.002865482222,0.01105483424,0.0219329493,0.03174630057
0.314,0.0001076563929,0.002866897001,0.01105927912,0.02195575752,0.03179721025
0.315,0.0001077580129,0.002868311935,0.01106369682,0.02197834487,0.03184786672
0.316,0.0001078597169,0.002869727032,0.01106808824,0.02200071227,0.03189827053
0.317,0.0001079615052,0.002871142298,0.01107245422,0.02202286067,0.03194842222
0.318,0.0001080633778,0.002872557741,0.0110767956,0.02204479102,0.03199832233
0.319,0.0001081653347,0.002873973368,0.0110811132,0.02206650427,0.03204797139
0.32,0.0001082673762,0.002875389186,0.01108540779,0.02208800139,0.03209736994
0.321,0.0001083695023,0.002876805199,0.01108968014,0.02210928336,0.03214651852
0.322,0.0001084717129,0.002878221416,0.011093931,0.02213035117,0.03219541765
0.323,0.0001085740084,0.002879637842,0.01109816108,0.02215120581,0.03224406785
0.324,0.0001086763886,0.002881054481,0.01110237109,0.0221718483,0.03229246967
0.325,0.0001087788537,0.002882471341,0.01110656169,0.02219227966,0.03234062361
0.326,0.0001088814038,0.002883888425,0.01111073356,0.02221250092,0.03238853021
0.327,0.000108984039,0.002885305739,0.01111488732,0.02223251312,0.03243618997
0.328,0.0001090867593,0.002886723288,0.01111902359,0.02225231733,0.03248360342
0.329,0.0001091895647,0.002888141077,0.01112314299,0.02227191461,0.03253077108
0.33,0.0001092924555,0.00288955911,0.01112724607,0.02229130606,0.03257769344
0.331,0.0001093954316,0.002890977391,0.01113133341,0.02231049277,0.03262437104
0.332,0.0001094984931,0.002892395925,0.01113540556,0.02232947586,0.03267080436
0.333,0.0001096016402,0.002893814716,0.01113946304,0.02234825645,0.03271699392
0.334,0.0001097048728,0.002895233767,0.01114350636,0.0223668357,0.03276294023
0.335,0.000109808191,0.002896653082,0.01114753602,0.02238521475,0.03280864377
0.336,0.000109911595,0.002898072666,0.0111515525,0.0224033948,0.03285410506
0.337,0.0001100150848,0.00289949252,0.01115555625,0.02242137703,0.03289932459
0.338,0.0001101186604,0.00290091265,0.01115954774,0.02243916265,0.03294430284
0.339,0.0001102223219,0.002902333057,0.0111635274,0.02245675289,0.03298904032
0.34,0.0001103260695,0.002903753745,0.01116749564,0.02247414901,0.03303353752
0.341,0.0001104299031,0.002905174717,0.01117145288,0.02249135226,0.03307779492
0.342,0.0001105338228,0.002906595976,0.01117539951,0.02250836393,0.033121813
0.343,0.0001106378287,0.002908017525,0.0111793359,0.02252518532,0.03316559226
0.344,0.000110741921,0.002909439365,0.01118326243,0.02254181775,0.03320913317
0.345,0.0001108460995,0.002910861501,0.01118717945,0.02255826258,0.0332524362
0.346,0.0001109503644,0.002912283934,0.01119108731,0.02257452116,0.03329550184
0.347,0.0001110547159,0.002913706667,0.01119498635,0.02259059488,0.03333833056
0.348,0.0001111591538,0.002915129701,0.01119887687,0.02260648514,0.03338092283
0.349,0.0001112636783,0.00291655304,0.01120275919,0.02262219337,0.03342327912
0.35,0.0001113682896,0.002917976686,0.01120663362,0.02263772103,0.0334653999
0.351,0.0001114729875,0.002919400639,0.01121050044,0.02265306958,0.03350728562
0.352,0.0001115777722,0.002920824903,0.01121435994,0.02266824051,0.03354893676
0.353,0.0001116826438,0.002922249479,0.01121821238,0.02268323535,0.03359035378
0.354,0.0001117876023,0.002923674369,0.01122205802,0.02269805563,0.03363153712
0.355,0.0001118926478,0.002925099575,0.01122589713,0.02271270291,0.03367248725
0.356,0.0001119977803,0.002926525098,0.01122972994,0.02272717877,0.03371320462
0.357,0.000112103,0.002927950941,0.0112335567,0.02274148483,0.03375368967
0.358,0.0001122083068,0.002929377104,0.01123737762,0.02275562271,0.03379394287
0.359,0.0001123137008,0.002930803589,0.01124119293,0.02276959406,0.03383396465
0.36,0.0001124191822,0.002932230398,0.01124500284,0.02278340057,0.03387375545
0.361,0.0001125247509,0.002933657532,0.01124880756,0.02279704392,0.03391331573
0.362,0.000112630407,0.002935084993,0.01125260728,0.02281052584,0.03395264591
0.363,0.0001127361506,0.002936512781,0.01125640219,0.02282384807,0.03399174643
0.364,0.0001128419817,0.002937940898,0.01126019249,0.02283701238,0.03403061773
0.365,0.0001129479005,0.002939369345,0.01126397835,0.02285002054,0.03406926024
0.366,0.0001130539069,0.002940798123,0.01126775993,0.02286287438,0.03410767439
0.367,0.000113160001,0.002942227234,0.01127153742,0.02287557571,0.03414586061
0.368,0.0001132661829,0.002943656678,0.01127531096,0.02288812638,0.03418381932
0.369,0.0001133724527,0.002945086456,0.01127908071,0.02290052826,0.03422155094
0.37,0.0001134788104,0.002946516571,0.01128284682,0.02291278324,0.03425905589
0.371,0.000113585256,0.002947947021,0.01128660944,0.02292489323,0.0342963346
0.372,0.0001136917897,0.002949377809,0.0112903687,0.02293686013,0.03433338747
0.373,0.0001137984114,0.002950808935,0.01129412474,0.02294868591,0.03437021492
0.374,0.0001139051213,0.0029522404,0.01129787768,0.0229603725,0.03440681737
0.375,0.0001140119194,0.002953672205,0.01130162766,0.02297192189,0.03444319522
0.376,0.0001141188057,0.002955104351,0.01130537479,0.02298333605,0.03447934887
0.377,0.0001142257804,0.002956536838,0.01130911919,0.02299461699,0.03451527873
0.378,0.0001143328434,0.002957969667,0.01131286097,0.02300576671,0.03455098521
0.379,0.0001144399949,0.002959402839,0.01131660024,0.02301678723,0.0345864687
0.38,0.0001145472349,0.002960836354,0.0113203371,0.0230276806,0.0346217296
0.381,0.0001146545634,0.002962270214,0.01132407165,0.02303844884,0.03465676831
0.382,0.0001147619806,0.002963704418,0.011327804,0.02304909401,0.03469158522
0.383,0.0001148694864,0.002965138968,0.01133153423,0.02305961816,0.03472618072
0.384,0.000114977081,0.002966573864,0.01133526243,0.02307002335,0.0347605552
0.385,0.0001150847643,0.002968009106,0.01133898869,0.02308031165,0.03479470905
0.386,0.0001151925365,0.002969444695,0.0113427131,0.02309048512,0.03482864265
0.387,0.0001153003976,0.002970880632,0.01134643574,0.02310054582,0.03486235639
0.388,0.0001154083477,0.002972316916,0.01135015668,0.02311049584,0.03489585065
0.389,0.0001155163868,0.002973753549,0.011353876,0.02312033722,0.0349291258
0.39,0.0001156245149,0.002975190532,0.01135759377,0.02313007204,0.03496218223
0.391,0.0001157327322,0.002976627863,0.01136131007,0.02313970236,0.03499502031
0.392,0.0001158410387,0.002978065544,0.01136502495,0.02314923023,0.03502764042
0.393,0.0001159494345,0.002979503576,0.01136873849,0.0231586577,0.03506004293
0.394,0.0001160579196,0.002980941958,0.01137245074,0.02316798681,0.0350922282
0.395,0.000116166494,0.002982380691,0.01137616178,0.02317721958,0.03512419662
0.396,0.0001162751579,0.002983819775,0.01137987165,0.02318635805,0.03515594854
0.397,0.0001163839112,0.002985259211,0.01138358041,0.02319540421,0.03518748434
0.398,0.0001164927541,0.002986698999,0.01138728812,0.02320436007,0.03521880438
0.399,0.0001166016866,0.002988139139,0.01139099483,0.0232132276,0.03524990902
0.4,0.0001167107087,0.002989579632,0.01139470058,0.02322200877,0.03528079863
0.401,0.0001168198206,0.002991020477,0.01139840544,0.02323070554,0.03531147358
0.402,0.0001169290222,0.002992461676,0.01140210944,0.02323931982,0.03534193422
0.403,0.0001170383136,0.002993903228,0.01140581263,0.02324785354,0.03537218091
0.404,0.000117147695,0.002995345134,0.01140951505,0.02325630858,0.03540221401
0.405,0.0001172571662,0.002996787393,0.01141321675,0.02326468683,0.0354320339
0.406,0.0001173667275,0.002998230007,0.01141691777,0.02327299013,0.03546164091
0.407,0.0001174763788,0.002999672975,0.01142061814,0.02328122031,0.03549103542
0.408,0.0001175861203,0.003001116298,0.0114243179,0.02328937917,0.03552021779
0.409,0.0001176959519,0.003002559975,0.01142801709,0.02329746851,0.03554918837
0.41,0.0001178058737,0.003004004007,0.01143171574,0.02330549007,0.03557794753
0.411,0.0001179158859,0.003005448395,0.01143541389,0.02331344558,0.03560649562
0.412,0.0001180259883,0.003006893138,0.01143911158,0.02332133676,0.03563483301
0.413,0.0001181361812,0.003008338236,0.01144280882,0.02332916529,0.03566296006
0.414,0.0001182464645,0.00300978369,0.01144650565,0.02333693281,0.03569087713
0.415,0.0001183568383,0.0030112295,0.0114502021,0.02334464095,0.0357185846
0.416,0.0001184673027,0.003012675666,0.0114538982,0.0233522913,0.03574608282
0.417,0.0001185778578,0.003014122188,0.01145759398,0.02335988545,0.03577337217
0.418,0.0001186885035,0.003015569066,0.01146128946,0.02336742492,0.03580045302
0.419,0.0001187992399,0.003017016301,0.01146498466,0.02337491123,0.03582732573
0.42,0.0001189100671,0.003018463892,0.01146867962,0.02338234586,0.0358539907
0.421,0.0001190209852,0.00301991184,0.01147237434,0.02338973026,0.0358804483
0.422,0.0001191319942,0.003021360145,0.01147606887,0.02339706587,0.03590669891
0.423,0.0001192430942,0.003022808806,0.01147976321,0.02340435407,0.03593274292
0.424,0.0001193542852,0.003024257825,0.01148345739,0.02341159624,0.03595858072
0.425,0.0001194655672,0.0030257072,0.01148715143,0.0234187937,0.03598421271
0.426,0.0001195769404,0.003027156933,0.01149084534,0.02342594777,0.03600963929
0.427,0.0001196884048,0.003028607023,0.01149453916,0.02343305972,0.03603486086
0.428,0.0001197999605,0.00303005747,0.01149823288,0.0234401308,0.03605987785
0.429,0.0001199116074,0.003031508274,0.01150192654,0.02344716224,0.03608469065
0.43,0.0001200233458,0.003032959436,0.01150562015,0.02345415523,0.03610929971
0.431,0.0001201351755,0.003034410956,0.01150931372,0.02346111093,0.03613370546
0.432,0.0001202470967,0.003035862833,0.01151300728,0.02346803047,0.03615790833
0.433,0.0001203591094,0.003037315068,0.01151670082,0.02347491496,0.03618190877
0.434,0.0001204712138,0.003038767661,0.01152039438,0.02348176549,0.03620570724
0.435,0.0001205834097,0.003040220611,0.01152408796,0.0234885831,0.03622930421
0.436,0.0001206956974,0.00304167392,0.01152778158,0.02349536883,0.03625270015
0.437,0.0001208080769,0.003043127586,0.01153147525,0.02350212366,0.03627589555
0.438,0.0001209205481,0.00304458161,0.01153516898,0.02350884857,0.03629889091
0.439,0.0001210331112,0.003046035992,0.01153886278,0.02351554452,0.03632168673
0.44,0.0001211457663,0.003047490732,0.01154255667,0.02352221241,0.03634428354
0.441,0.0001212585133,0.003048945831,0.01154625065,0.02352885316,0.03636668187
0.442,0.0001213713524,0.003050401287,0.01154994474,0.02353546762,0.03638888228
0.443,0.0001214842836,0.003051857102,0.01155363895,0.02354205665,0.03641088532
0.444,0.000121597307,0.003053313274,0.01155733329,0.02354862107,0.03643269156
0.445,0.0001217104225,0.003054769805,0.01156102776,0.02355516168,0.03645430162
0.446,0.0001218236303,0.003056226695,0.01156472238,0.02356167926,0.03647571608
0.447,0.0001219369305,0.003057683942,0.01156841716,0.02356817456,0.03649693558
0.448,0.000122050323,0.003059141548,0.0115721121,0.02357464832,0.03651796077
0.449,0.000122163808,0.003060599512,0.01157580721,0.02358110126,0.0365387923
0.45,0.0001222773854,0.003062057834,0.0115795025,0.02358753405,0.03655943086
0.451,0.0001223910554,0.003063516515,0.01158319797,0.02359394738,0.03657987716
0.452,0.0001225048181,0.003064975554,0.01158689365,0.02360034189,0.0366001319
0.453,0.0001226186734,0.003066434951,0.01159058952,0.02360671821,0.03662019585
0.454,0.0001227326214,0.003067894707,0.0115942856,0.02361307696,0.03664006976
0.455,0.0001228466622,0.003069354821,0.0115979819,0.02361941873,0.03665975443
0.456,0.0001229607958,0.003070815293,0.01160167842,0.0236257441,0.03667925067
0.457,0.0001230750223,0.003072276124,0.01160537517,0.02363205362,0.03669855932
0.458,0.0001231893418,0.003073737314,0.01160907215,0.02363834783,0.03671768124
0.459,0.0001233037542,0.003075198861,0.01161276937,0.02364462725,0.03673661732
0.46,0.0001234182598,0.003076660767,0.01161646683,0.0236508924,0.03675536849
0.461,0.0001235328584,0.003078123032,0.01162016455,0.02365714376,0.03677393568
0.462,0.0001236475502,0.003079585655,0.01162386252,0.02366338181,0.03679231987
0.463,0.0001237623353,0.003081048636,0.01162756075,0.02366960701,0.03681052205
0.464,0.0001238772136,0.003082511976,0.01163125924,0.02367581981,0.03682854327
0.465,0.0001239921853,0.003083975674,0.011634958,0.02368202063,0.03684638458
0.466,0.0001241072504,0.00308543973,0.01163865704,0.0236882099,0.03686404707
0.467,0.000124222409,0.003086904145,0.01164235635,0.02369438801,0.03688153186
0.468,0.000124337661,0.003088368919,0.01164605595,0.02370055536,0.03689884012
0.469,0.0001244530067,0.00308983405,0.01164975583,0.02370671233,0.03691597301
0.47,0.0001245684459,0.00309129954,0.011653456,0.02371285928,0.03693293177
0.471,0.0001246839789,0.003092765389,0.01165715646,0.02371899657,0.03694971764
0.472,0.0001247996056,0.003094231595,0.01166085722,0.02372512454,0.03696633191
0.473,0.0001249153261,0.00309569816,0.01166455828,0.02373124351,0.03698277589
0.474,0.0001250311404,0.003097165084,0.01166825964,0.02373735381,0.03699905093
0.475,0.0001251470487,0.003098632365,0.0116719613,0.02374345576,0.03701515842
0.476,0.0001252630509,0.003100100005,0.01167566328,0.02374954963,0.03703109976
0.477,0.0001253791472,0.003101568003,0.01167936557,0.02375563574,0.03704687642
0.478,0.0001254953375,0.00310303636,0.01168306817,0.02376171434,0.03706248988
0.479,0.000125611622,0.003104505074,0.01168677109,0.02376778573,0.03707794164
0.48,0.0001257280007,0.003105974147,0.01169047433,0.02377385014,0.03709323327
0.481,0.0001258444736,0.003107443578,0.01169417789,0.02377990785,0.03710836633
0.482,0.0001259610408,0.003108913367,0.01169788177,0.02378595908,0.03712334245
0.483,0.0001260777025,0.003110383515,0.01170158598,0.02379200409,0.03713816327
0.484,0.0001261944585,0.00311185402,0.01170529052,0.02379804308,0.03715283046
0.485,0.000126311309,0.003113324884,0.0117089954,0.02380407629,0.03716734573
0.486,0.000126428254,0.003114796106,0.0117127006,0.02381010392,0.03718171081
0.487,0.0001265452937,0.003116267686,0.01171640614,0.02381612617,0.03719592748
0.488,0.000126662428,0.003117739624,0.01172011202,0.02382214326,0.03720999751
0.489,0.000126779657,0.00311921192,0.01172381823,0.02382815536,0.03722392274
0.49,0.0001268969807,0.003120684574,0.01172752479,0.02383416267,0.03723770501
0.491,0.0001270143993,0.003122157586,0.01173123168,0.02384016535,0.03725134618
0.492,0.0001271319128,0.003123630956,0.01173493892,0.02384616358,0.03726484815
0.493,0.0001272495212,0.003125104684,0.01173864651,0.02385215753,0.03727821283
0.494,0.0001273672245,0.00312657877,0.01174235444,0.02385814736,0.03729144218
0.495,0.000127485023,0.003128053213,0.01174606272,0.02386413322,0.03730453813
0.496,0.0001276029165,0.003129528015,0.01174977135,0.02387011526,0.03731750267
0.497,0.0001277209052,0.003131003175,0.01175348033,0.02387609363,0.03733033779
0.498,0.0001278389892,0.003132478692,0.01175718966,0.02388206846,0.0373430455
0.499,0.0001279571684,0.003133954567,0.01176089935,0.02388803988,0.03735562782
0.5,0.0001280754429,0.0031354308,0.01176460939,0.02389400804,0.0373680868
0.501,0.0001281938128,0.003136907391,0.01176831979,0.02389997304,0.03738042446
0.502,0.0001283122782,0.003138384339,0.01177203054,0.02390593502,0.03739264288
0.503,0.0001284308391,0.003139861645,0.01177574165,0.02391189409,0.03740474411
0.504,0.0001285494955,0.003141339309,0.01177945312,0.02391785036,0.03741673022
0.505,0.0001286682475,0.00314281733,0.01178316494,0.02392380394,0.03742860329
0.506,0.0001287870953,0.003144295709,0.01178687713,0.02392975494,0.03744036539
0.507,0.0001289060387,0.003145774446,0.01179058968,0.02393570345,0.0374520186
0.508,0.000129025078,0.00314725354,0.01179430259,0.02394164957,0.03746356501
0.509,0.0001291442131,0.003148732991,0.01179801586,0.0239475934,0.03747500667
0.51,0.0001292634441,0.0031502128,0.0118017295,0.02395353502,0.03748634568
0.511,0.000129382771,0.003151692967,0.0118054435,0.02395947453,0.03749758408
0.512,0.000129502194,0.003153173491,0.01180915787,0.02396541201,0.03750872395
0.513,0.0001296217131,0.003154654372,0.0118128726,0.02397134754,0.03751976733
0.514,0.0001297413282,0.003156135611,0.0118165877,0.0239772812,0.03753071626
0.515,0.0001298610396,0.003157617207,0.01182030317,0.02398321306,0.03754157278
0.516,0.0001299808472,0.003159099161,0.01182401901,0.0239891432,0.03755233889
0.517,0.0001301007511,0.003160581472,0.01182773521,0.02399507168,0.0375630166
0.518,0.0001302207514,0.00316206414,0.01183145178,0.02400099858,0.03757360791
0.519,0.0001303408481,0.003163547165,0.01183516872,0.02400692397,0.03758411477
0.52,0.0001304610413,0.003165030548,0.01183888603,0.02401284789,0.03759453914
0.521,0.000130581331,0.003166514287,0.01184260371,0.02401877042,0.03760488295
0.522,0.0001307017172,0.003167998384,0.01184632176,0.02402469161,0.03761514812
0.523,0.0001308222002,0.003169482838,0.01185004018,0.02403061153,0.03762533653
0.524,0.0001309427798,0.003170967649,0.01185375898,0.02403653022,0.03763545006
0.525,0.0001310634562,0.003172452817,0.01185747814,0.02404244773,0.03764549054
0.526,0.0001311842294,0.003173938342,0.01186119768,0.02404836413,0.03765545981
0.527,0.0001313050995,0.003175424224,0.01186491759,0.02405427945,0.03766535965
0.528,0.0001314260665,0.003176910463,0.01186863788,0.02406019374,0.03767519184
0.529,0.0001315471305,0.003178397059,0.01187235853,0.02406610706,0.03768495812
0.53,0.0001316682915,0.003179884011,0.01187607957,0.02407201944,0.03769466021
0.531,0.0001317895496,0.003181371321,0.01187980097,0.02407793093,0.03770429979
0.532,0.0001319109049,0.003182858987,0.01188352275,0.02408384156,0.03771387853
0.533,0.0001320323575,0.003184347011,0.0118872449,0.02408975138,0.03772339806
0.534,0.0001321539072,0.003185835391,0.01189096743,0.02409566043,0.03773285999
0.535,0.0001322755544,0.003187324127,0.01189469034,0.02410156873,0.03774226588
0.536,0.0001323972989,0.003188813221,0.01189841362,0.02410747634,0.03775161729
0.537,0.0001325191408,0.003190302671,0.01190213727,0.02411338327,0.03776091572
0.538,0.0001326410803,0.003191792478,0.0119058613,0.02411928957,0.03777016267
0.539,0.0001327631173,0.003193282641,0.01190958571,0.02412519526,0.03777935959
0.54,0.0001328852519,0.003194773161,0.01191331049,0.02413110038,0.0377885079
0.541,0.0001330074842,0.003196264037,0.01191703565,0.02413700495,0.037797609
0.542,0.0001331298143,0.00319775527,0.01192076118,0.02414290901,0.03780666426
0.543,0.0001332522421,0.003199246859,0.01192448709,0.02414881257,0.037815675
0.544,0.0001333747678,0.003200738805,0.01192821338,0.02415471568,0.03782464254
0.545,0.0001334973913,0.003202231107,0.01193194005,0.02416061834,0.03783356815
0.546,0.0001336201129,0.003203723766,0.01193566709,0.0241665206,0.03784245307
0.547,0.0001337429324,0.00320521678,0.01193939451,0.02417242246,0.03785129853
0.548,0.00013386585,0.003206710152,0.01194312231,0.02417832396,0.0378601057
0.549,0.0001339888658,0.003208203879,0.01194685048,0.02418422511,0.03786887575
0.55,0.0001341119797,0.003209697963,0.01195057903,0.02419012594,0.03787760981
0.551,0.0001342351919,0.003211192402,0.01195430796,0.02419602646,0.03788630897
0.552,0.0001343585024,0.003212687198,0.01195803727,0.02420192671,0.03789497431
0.553,0.0001344819113,0.00321418235,0.01196176695,0.02420782668,0.03790360688
0.554,0.0001346054186,0.003215677859,0.01196549701,0.02421372642,0.03791220769
0.555,0.0001347290243,0.003217173723,0.01196922745,0.02421962592,0.03792077773
0.556,0.0001348527286,0.003218669943,0.01197295827,0.02422552521,0.03792931798
0.557,0.0001349765315,0.00322016652,0.01197668946,0.0242314243,0.03793782936
0.558,0.000135100433,0.003221663452,0.01198042103,0.02423732322,0.0379463128
0.559,0.0001352244332,0.00322316074,0.01198415299,0.02424322197,0.03795476917
0.56,0.0001353485322,0.003224658384,0.01198788531,0.02424912057,0.03796319935
0.561,0.00013547273,0.003226156384,0.01199161802,0.02425501904,0.03797160417
0.562,0.0001355970267,0.00322765474,0.01199535111,0.02426091738,0.03797998445
0.563,0.0001357214224,0.003229153451,0.01199908457,0.02426681562,0.03798834098
0.564,0.000135845917,0.003230652518,0.01200281841,0.02427271375,0.03799667453
0.565,0.0001359705106,0.003232151941,0.01200655263,0.02427861181,0.03800498585
0.566,0.0001360952034,0.00323365172,0.01201028723,0.02428450979,0.03801327565
0.567,0.0001362199954,0.003235151854,0.0120140222,0.02429040771,0.03802154465
0.568,0.0001363448865,0.003236652344,0.01201775755,0.02429630558,0.03802979353
0.569,0.000136469877,0.00323815319,0.01202149329,0.02430220341,0.03803802296
0.57,0.0001365949668,0.003239654391,0.0120252294,0.02430810121,0.03804623356
0.571,0.0001367201559,0.003241155948,0.01202896588,0.02431399899,0.03805442597
0.572,0.0001368454446,0.00324265786,0.01203270275,0.02431989677,0.03806260079
0.573,0.0001369708327,0.003244160127,0.01203643999,0.02432579453,0.0380707586
0.574,0.0001370963204,0.00324566275,0.01204017761,0.02433169231,0.03807889998
0.575,0.0001372219077,0.003247165729,0.01204391561,0.0243375901,0.03808702548
0.576,0.0001373475947,0.003248669062,0.01204765399,0.02434348792,0.03809513562
0.577,0.0001374733815,0.003250172751,0.01205139275,0.02434938577,0.03810323092
0.578,0.000137599268,0.003251676795,0.01205513188,0.02435528365,0.03811131188
0.579,0.0001377252544,0.003253181195,0.01205887139,0.02436118159,0.03811937899
0.58,0.0001378513408,0.003254685949,0.01206261128,0.02436707957,0.03812743272
0.581,0.000137977527,0.003256191059,0.01206635155,0.02437297762,0.03813547351
0.582,0.0001381038134,0.003257696524,0.01207009219,0.02437887573,0.03814350182
0.583,0.0001382301998,0.003259202344,0.01207383321,0.02438477392,0.03815151805
0.584,0.0001383566863,0.003260708519,0.01207757461,0.02439067219,0.03815952264
0.585,0.000138483273,0.00326221505,0.01208131639,0.02439657054,0.03816751596
0.586,0.00013860996,0.003263721935,0.01208505855,0.02440246897,0.03817549842
0.587,0.0001387367473,0.003265229175,0.01208880108,0.02440836751,0.03818347037
0.588,0.000138863635,0.00326673677,0.01209254399,0.02441426615,0.03819143219
0.589,0.0001389906231,0.00326824472,0.01209628728,0.02442016489,0.03819938421
0.59,0.0001391177117,0.003269753025,0.01210003094,0.02442606374,0.03820732679
0.591,0.0001392449009,0.003271261684,0.01210377498,0.02443196271,0.03821526024
0.592,0.0001393721906,0.003272770699,0.0121075194,0.02443786179,0.03822318487
0.593,0.0001394995811,0.003274280068,0.0121112642,0.024443761,0.038231101
0.594,0.0001396270722,0.003275789792,0.01211500937,0.02444966034,0.03823900892
0.595,0.0001397546641,0.00327729987,0.01211875492,0.02445555981,0.03824690891
0.596,0.0001398823568,0.003278810303,0.01212250085,0.02446145942,0.03825480124
0.597,0.0001400101505,0.003280321091,0.01212624715,0.02446735916,0.0382626862
0.598,0.000140138045,0.003281832233,0.01212999383,0.02447325905,0.03827056402
0.599,0.0001402660406,0.00328334373,0.01213374089,0.02447915909,0.03827843496
0.6,0.0001403941373,0.003284855582,0.01213748832,0.02448505927,0.03828629926
0.601,0.0001405223351,0.003286367787,0.01214123613,0.02449095961,0.03829415715
0.602,0.000140650634,0.003287880348,0.01214498432,0.0244968601,0.03830200886
0.603,0.0001407790342,0.003289393262,0.01214873288,0.02450276076,0.03830985459
0.604,0.0001409075357,0.003290906531,0.01215248182,0.02450866157,0.03831769457
0.605,0.0001410361385,0.003292420155,0.01215623114,0.02451456255,0.03832552899
0.606,0.0001411648428,0.003293934132,0.01215998083,0.02452046369,0.03833335805
0.607,0.0001412936485,0.003295448464,0.0121637309,0.02452636501,0.03834118193
0.608,0.0001414225557,0.00329696315,0.01216748134,0.02453226649,0.03834900082
0.609,0.0001415515645,0.003298478191,0.01217123216,0.02453816815,0.0383568149
0.61,0.000141680675,0.003299993585,0.01217498336,0.02454406999,0.03836462433
0.611,0.0001418098872,0.003301509334,0.01217873493,0.02454997201,0.03837242927
0.612,0.0001419392011,0.003303025436,0.01218248688,0.0245558742,0.03838022989
0.613,0.0001420686168,0.003304541893,0.0121862392,0.02456177658,0.03838802633
0.614,0.0001421981344,0.003306058704,0.0121899919,0.02456767915,0.03839581875
0.615,0.000142327754,0.003307575868,0.01219374498,0.0245735819,0.03840360729
0.616,0.0001424574755,0.003309093387,0.01219749843,0.02457948483,0.03841139208
0.617,0.0001425872991,0.00331061126,0.01220125225,0.02458538796,0.03841917326
0.618,0.0001427172247,0.003312129486,0.01220500645,0.02459129128,0.03842695095
0.619,0.0001428472526,0.003313648066,0.01220876103,0.02459719479,0.03843472528
0.62,0.0001429773826,0.003315167,0.01221251598,0.0246030985,0.03844249637
0.621,0.000143107615,0.003316686288,0.0122162713,0.0246090024,0.03845026433
0.622,0.0001432379496,0.003318205929,0.012220027,0.02461490651,0.03845802928
0.623,0.0001433683867,0.003319725925,0.01222378307,0.0246208108,0.03846579132
0.624,0.0001434989262,0.003321246273,0.01222753952,0.0246267153,0.03847355055
0.625,0.0001436295682,0.003322766976,0.01223129635,0.02463262,0.03848130707
0.626,0.0001437603128,0.003324288032,0.01223505354,0.02463852491,0.03848906098
0.627,0.00014389116,0.003325809441,0.01223881112,0.02464443002,0.03849681238
0.628,0.0001440221099,0.003327331204,0.01224256906,0.02465033533,0.03850456135
0.629,0.0001441531625,0.003328853321,0.01224632738,0.02465624084,0.03851230798
0.63,0.0001442843179,0.003330375791,0.01225008608,0.02466214657,0.03852005236
0.631,0.0001444155762,0.003331898614,0.01225384515,0.0246680525,0.03852779455
0.632,0.0001445469374,0.003333421791,0.01225760459,0.02467395864,0.03853553465
0.633,0.0001446784015,0.003334945321,0.01226136441,0.02467986499,0.03854327273
0.634,0.0001448099687,0.003336469205,0.0122651246,0.02468577155,0.03855100885
0.635,0.000144941639,0.003337993441,0.01226888516,0.02469167832,0.03855874309
0.636,0.0001450734124,0.003339518031,0.0122726461,0.02469758531,0.03856647552
0.637,0.000145205289,0.003341042974,0.01227640741,0.0247034925,0.0385742062
0.638,0.0001453372689,0.00334256827,0.01228016909,0.02470939991,0.03858193519
0.639,0.0001454693521,0.00334409392,0.01228393115,0.02471530754,0.03858966256
0.64,0.0001456015387,0.003345619922,0.01228769358,0.02472121537,0.03859738836
0.641,0.0001457338287,0.003347146277,0.01229145639,0.02472712343,0.03860511264
0.642,0.0001458662222,0.003348672986,0.01229521956,0.0247330317,0.03861283547
0.643,0.0001459987192,0.003350200047,0.01229898311,0.02473894019,0.0386205569
0.644,0.0001461313199,0.003351727462,0.01230274703,0.02474484889,0.03862827697
0.645,0.0001462640242,0.003353255229,0.01230651133,0.02475075781,0.03863599573
0.646,0.0001463968322,0.003354783349,0.012310276,0.02475666695,0.03864371324
0.647,0.000146529744,0.003356311822,0.01231404103,0.02476257631,0.03865142953
0.648,0.0001466627597,0.003357840648,0.01231780645,0.02476848589,0.03865914466
0.649,0.0001467958793,0.003359369826,0.01232157223,0.02477439568,0.03866685865
0.65,0.0001469291028,0.003360899358,0.01232533839,0.0247803057,0.03867457156
0.651,0.0001470624303,0.003362429241,0.01232910492,0.02478621594,0.03868228342
0.652,0.0001471958619,0.003363959478,0.01233287182,0.0247921264,0.03868999427
0.653,0.0001473293976,0.003365490067,0.01233663909,0.02479803707,0.03869770415
0.654,0.0001474630375,0.003367021009,0.01234040673,0.02480394797,0.03870541309
0.655,0.0001475967817,0.003368552303,0.01234417475,0.0248098591,0.03871312112
0.656,0.0001477306302,0.00337008395,0.01234794314,0.02481577044,0.03872082829
0.657,0.000147864583,0.003371615949,0.01235171189,0.02482168201,0.03872853461
0.658,0.0001479986402,0.003373148301,0.01235548102,0.0248275938,0.03873624013
0.659,0.0001481328019,0.003374681005,0.01235925053,0.02483350581,0.03874394486
0.66,0.0001482670682,0.003376214062,0.0123630204,0.02483941804,0.03875164884
0.661,0.000148401439,0.00337774747,0.01236679064,0.0248453305,0.0387593521
0.662,0.0001485359145,0.003379281231,0.01237056126,0.02485124318,0.03876705466
0.663,0.0001486704947,0.003380815345,0.01237433224,0.02485715609,0.03877475654
0.664,0.0001488051797,0.00338234981,0.0123781036,0.02486306922,0.03878245778
0.665,0.0001489399695,0.003383884628,0.01238187532,0.02486898257,0.03879015839
0.666,0.0001490748642,0.003385419798,0.01238564742,0.02487489615,0.0387978584
0.667,0.0001492098638,0.00338695532,0.01238941989,0.02488080995,0.03880555783
0.668,0.0001493449684,0.003388491194,0.01239319273,0.02488672398,0.0388132567
0.669,0.0001494801781,0.00339002742,0.01239696594,0.02489263823,0.03882095503
0.67,0.0001496154928,0.003391563998,0.01240073952,0.02489855271,0.03882865285
0.671,0.0001497509128,0.003393100928,0.01240451346,0.02490446741,0.03883635016
0.672,0.000149886438,0.00339463821,0.01240828778,0.02491038234,0.03884404699
0.673,0.0001500220685,0.003396175844,0.01241206247,0.02491629749,0.03885174336
0.674,0.0001501578043,0.00339771383,0.01241583753,0.02492221287,0.03885943927
0.675,0.0001502936455,0.003399252167,0.01241961296,0.02492812847,0.03886713476
0.676,0.0001504295922,0.003400790857,0.01242338875,0.0249340443,0.03887482984
0.677,0.0001505656444,0.003402329898,0.01242716492,0.02493996036,0.03888252451
0.678,0.0001507018022,0.00340386929,0.01243094146,0.02494587664,0.0388902188
0.679,0.0001508380657,0.003405409035,0.01243471836,0.02495179314,0.03889791271
0.68,0.0001509744348,0.003406949131,0.01243849564,0.02495770987,0.03890560627
0.681,0.0001511109097,0.003408489579,0.01244227328,0.02496362683,0.03891329949
0.682,0.0001512474904,0.003410030378,0.01244605129,0.02496954401,0.03892099237
0.683,0.0001513841769,0.003411571529,0.01244982968,0.02497546142,0.03892868494
0.684,0.0001515209694,0.003413113031,0.01245360843,0.02498137906,0.03893637719
0.685,0.0001516578679,0.003414654885,0.01245738755,0.02498729692,0.03894406915
0.686,0.0001517948724,0.00341619709,0.01246116703,0.024993215,0.03895176083
0.687,0.000151931983,0.003417739646,0.01246494689,0.02499913331,0.03895945223
0.688,0.0001520691998,0.003419282554,0.01246872711,0.02500505185,0.03896714336
0.689,0.0001522065228,0.003420825813,0.0124725077,0.02501097062,0.03897483425
0.69,0.0001523439521,0.003422369424,0.01247628867,0.02501688961,0.03898252488
0.691,0.0001524814877,0.003423913386,0.01248006999,0.02502280882,0.03899021528
0.692,0.0001526191297,0.003425457698,0.01248385169,0.02502872827,0.03899790545
0.693,0.0001527568782,0.003427002363,0.01248763376,0.02503464793,0.03900559541
0.694,0.0001528947331,0.003428547378,0.01249141619,0.02504056783,0.03901328515
0.695,0.0001530326947,0.003430092744,0.01249519899,0.02504648795,0.03902097469
0.696,0.0001531707628,0.003431638461,0.01249898215,0.02505240829,0.03902866403
0.697,0.0001533089377,0.00343318453,0.01250276569,0.02505832886,0.03903635319
0.698,0.0001534472193,0.003434730949,0.01250654959,0.02506424966,0.03904404216
0.699,0.0001535856076,0.003436277719,0.01251033386,0.02507017068,0.03905173096
0.7,0.0001537241029,0.00343782484,0.0125141185,0.02507609193,0.0390594196
0.701,0.000153862705,0.003439372312,0.0125179035,0.0250820134,0.03906710807
0.702,0.0001540014142,0.003440920135,0.01252168887,0.0250879351,0.03907479638
0.703,0.0001541402303,0.003442468309,0.01252547461,0.02509385703,0.03908248455
0.704,0.0001542791536,0.003444016833,0.01252926071,0.02509977918,0.03909017257
0.705,0.000154418184,0.003445565709,0.01253304718,0.02510570155,0.03909786046
0.706,0.0001545573216,0.003447114935,0.01253683402,0.02511162415,0.03910554821
0.707,0.0001546965665,0.003448664511,0.01254062122,0.02511754698,0.03911323583
0.708,0.0001548359187,0.003450214438,0.01254440879,0.02512347003,0.03912092333
0.709,0.0001549753783,0.003451764716,0.01254819673,0.02512939331,0.03912861071
0.71,0.0001551149453,0.003453315344,0.01255198503,0.02513531681,0.03913629797
0.711,0.0001552546198,0.003454866323,0.0125557737,0.02514124054,0.03914398513
0.712,0.0001553944019,0.003456417652,0.01255956273,0.02514716449,0.03915167218
0.713,0.0001555342916,0.003457969332,0.01256335213,0.02515308866,0.03915935913
0.714,0.0001556742889,0.003459521362,0.0125671419,0.02515901307,0.03916704598
0.715,0.000155814394,0.003461073742,0.01257093203,0.02516493769,0.03917473274
0.716,0.0001559546069,0.003462626473,0.01257472252,0.02517086254,0.03918241941
0.717,0.0001560949276,0.003464179554,0.01257851339,0.02517678762,0.03919010599
0.718,0.0001562353563,0.003465732985,0.01258230461,0.02518271292,0.03919779248
0.719,0.0001563758929,0.003467286767,0.0125860962,0.02518863844,0.0392054789
0.72,0.0001565165375,0.003468840898,0.01258988816,0.02519456419,0.03921316524
0.721,0.0001566572902,0.00347039538,0.01259368048,0.02520049016,0.0392208515
0.722,0.000156798151,0.003471950212,0.01259747317,0.02520641636,0.03922853769
0.723,0.0001569391201,0.003473505394,0.01260126622,0.02521234278,0.03923622382
0.724,0.0001570801974,0.003475060926,0.01260505964,0.02521826942,0.03924390987
0.725,0.000157221383,0.003476616808,0.01260885342,0.02522419629,0.03925159587
0.726,0.000157362677,0.00347817304,0.01261264757,0.02523012338,0.0392592818
0.727,0.0001575040794,0.003479729621,0.01261644208,0.02523605069,0.03926696767
0.728,0.0001576455903,0.003481286553,0.01262023695,0.02524197823,0.03927465349
0.729,0.0001577872097,0.003482843835,0.01262403219,0.02524790599,0.03928233925
0.73,0.0001579289378,0.003484401466,0.01262782779,0.02525383398,0.03929002497
0.731,0.0001580707745,0.003485959447,0.01263162376,0.02525976219,0.03929771063
0.732,0.0001582127199,0.003487517778,0.01263542009,0.02526569062,0.03930539624
0.733,0.0001583547741,0.003489076459,0.01263921678,0.02527161927,0.03931308181
0.734,0.0001584969372,0.003490635489,0.01264301384,0.02527754815,0.03932076733
0.735,0.0001586392091,0.003492194869,0.01264681126,0.02528347725,0.03932845281
0.736,0.00015878159,0.003493754598,0.01265060905,0.02528940657,0.03933613825
0.737,0.0001589240799,0.003495314677,0.0126544072,0.02529533612,0.03934382365
0.738,0.0001590666789,0.003496875105,0.01265820571,0.02530126588,0.03935150901
0.739,0.000159209387,0.003498435883,0.01266200458,0.02530719587,0.03935919433
0.74,0.0001593522043,0.003499997011,0.01266580382,0.02531312609,0.03936687962
0.741,0.0001594951308,0.003501558488,0.01266960342,0.02531905652,0.03937456488
0.742,0.0001596381667,0.003503120314,0.01267340339,0.02532498718,0.0393822501
0.743,0.0001597813119,0.003504682489,0.01267720371,0.02533091806,0.03938993529
0.744,0.0001599245665,0.003506245014,0.0126810044,0.02533684916,0.03939762045
0.745,0.0001600679306,0.003507807888,0.01268480545,0.02534278048,0.03940530559
0.746,0.0001602114043,0.003509371111,0.01268860687,0.02534871202,0.03941299069
0.747,0.0001603549875,0.003510934684,0.01269240864,0.02535464378,0.03942067577
0.748,0.0001604986804,0.003512498605,0.01269621078,0.02536057577,0.03942836083
0.749,0.000160642483,0.003514062876,0.01270001328,0.02536650798,0.03943604586
0.75,0.0001607863954,0.003515627495,0.01270381614,0.02537244041,0.03944373087
0.751,0.0001609304176,0.003517192464,0.01270761937,0.02537837306,0.03945141585
0.752,0.0001610745497,0.003518757782,0.01271142295,0.02538430593,0.03945910081
0.753,0.0001612187917,0.003520323449,0.0127152269,0.02539023902,0.03946678575
0.754,0.0001613631438,0.003521889464,0.01271903121,0.02539617233,0.03947447068
0.755,0.0001615076059,0.003523455829,0.01272283588,0.02540210586,0.03948215558
0.756,0.0001616521781,0.003525022542,0.01272664092,0.02540803961,0.03948984046
0.757,0.0001617968605,0.003526589604,0.01273044631,0.02541397358,0.03949752533
0.758,0.0001619416531,0.003528157015,0.01273425207,0.02541990778,0.03950521018
0.759,0.0001620865561,0.003529724775,0.01273805818,0.02542584219,0.03951289501
0.76,0.0001622315694,0.003531292883,0.01274186466,0.02543177682,0.03952057982
0.761,0.0001623766931,0.00353286134,0.0127456715,0.02543771168,0.03952826463
0.762,0.0001625219272,0.003534430146,0.0127494787,0.02544364675,0.03953594941
0.763,0.0001626672719,0.0035359993,0.01275328626,0.02544958204,0.03954363418
0.764,0.0001628127272,0.003537568803,0.01275709418,0.02545551755,0.03955131894
0.765,0.0001629582931,0.003539138654,0.01276090246,0.02546145328,0.03955900369
0.766,0.0001631039698,0.003540708853,0.0127647111,0.02546738923,0.03956668842
0.767,0.0001632497572,0.003542279402,0.0127685201,0.0254733254,0.03957437314
0.768,0.0001633956554,0.003543850298,0.01277232946,0.02547926179,0.03958205785
0.769,0.0001635416645,0.003545421543,0.01277613919,0.02548519839,0.03958974255
0.77,0.0001636877845,0.003546993136,0.01277994927,0.02549113522,0.03959742724
0.771,0.0001638340156,0.003548565078,0.01278375971,0.02549707226,0.03960511191
0.772,0.0001639803576,0.003550137368,0.01278757051,0.02550300953,0.03961279658
0.773,0.0001641268108,0.003551710006,0.01279138167,0.02550894701,0.03962048123
0.774,0.0001642733752,0.003553282992,0.01279519319,0.0255148847,0.03962816588
0.775,0.0001644200508,0.003554856326,0.01279900507,0.02552082262,0.03963585052
0.776,0.0001645668377,0.003556430008,0.01280281731,0.02552676076,0.03964353515
0.777,0.0001647137359,0.003558004039,0.01280662991,0.02553269911,0.03965121977
0.778,0.0001648607455,0.003559578417,0.01281044287,0.02553863768,0.03965890438
0.779,0.0001650078666,0.003561153144,0.01281425619,0.02554457647,0.03966658898
0.78,0.0001651550992,0.003562728218,0.01281806987,0.02555051547,0.03967427358
0.781,0.0001653024434,0.00356430364,0.0128218839,0.0255564547,0.03968195817
0.782,0.0001654498993,0.00356587941,0.0128256983,0.02556239414,0.03968964275
0.783,0.0001655974668,0.003567455528,0.01282951305,0.02556833379,0.03969732732
0.784,0.0001657451461,0.003569031994,0.01283332816,0.02557427367,0.03970501188
0.785,0.0001658929372,0.003570608808,0.01283714363,0.02558021376,0.03971269644
0.786,0.0001660408401,0.003572185969,0.01284095946,0.02558615407,0.039720381
0.787,0.000166188855,0.003573763478,0.01284477565,0.02559209459,0.03972806554
0.788,0.0001663369819,0.003575341335,0.01284859219,0.02559803533,0.03973575008
0.789,0.0001664852208,0.003576919539,0.01285240909,0.02560397629,0.03974343461
0.79,0.0001666335719,0.003578498091,0.01285622635,0.02560991746,0.03975111914
0.791,0.0001667820351,0.00358007699,0.01286004397,0.02561585885,0.03975880366
0.792,0.0001669306105,0.003581656237,0.01286386195,0.02562180046,0.03976648818
0.793,0.0001670792982,0.003583235831,0.01286768028,0.02562774228,0.03977417269
0.794,0.0001672280982,0.003584815773,0.01287149898,0.02563368432,0.03978185719
0.795,0.0001673770106,0.003586396062,0.01287531803,0.02563962657,0.03978954169
0.796,0.0001675260355,0.003587976699,0.01287913743,0.02564556904,0.03979722618
0.797,0.0001676751729,0.003589557682,0.0128829572,0.02565151172,0.03980491067
0.798,0.0001678244229,0.003591139013,0.01288677732,0.02565745462,0.03981259515
0.799,0.0001679737855,0.003592720692,0.0128905978,0.02566339774,0.03982027963
0.8,0.0001681232608,0.003594302717,0.01289441863,0.02566934106,0.0398279641
0.801,0.0001682728488,0.00359588509,0.01289823982,0.02567528461,0.03983564856
0.802,0.0001684225497,0.003597467809,0.01290206137,0.02568122837,0.03984333302
0.803,0.0001685723634,0.003599050876,0.01290588328,0.02568717234,0.03985101748
0.804,0.00016872229,0.00360063429,0.01290970554,0.02569311653,0.03985870193
0.805,0.0001688723296,0.003602218051,0.01291352816,0.02569906093,0.03986638637
0.806,0.0001690224822,0.003603802159,0.01291735113,0.02570500555,0.03987407081
0.807,0.000169172748,0.003605386614,0.01292117447,0.02571095038,0.03988175524
0.808,0.0001693231269,0.003606971416,0.01292499815,0.02571689542,0.03988943967
0.809,0.000169473619,0.003608556564,0.0129288222,0.02572284068,0.0398971241
0.81,0.0001696242244,0.003610142059,0.0129326466,0.02572878615,0.03990480852
0.811,0.0001697749431,0.003611727902,0.01293647135,0.02573473184,0.03991249293
0.812,0.0001699257752,0.003613314091,0.01294029646,0.02574067773,0.03992017734
0.813,0.0001700767207,0.003614900626,0.01294412193,0.02574662385,0.03992786174
0.814,0.0001702277798,0.003616487508,0.01294794775,0.02575257017,0.03993554614
0.815,0.0001703789524,0.003618074737,0.01295177393,0.02575851671,0.03994323053
0.816,0.0001705302387,0.003619662313,0.01295560046,0.02576446346,0.03995091492
0.817,0.0001706816386,0.003621250235,0.01295942735,0.02577041043,0.03995859931
0.818,0.0001708331522,0.003622838504,0.01296325459,0.0257763576,0.03996628368
0.819,0.0001709847797,0.003624427119,0.01296708219,0.02578230499,0.03997396805
0.82,0.000171136521,0.00362601608,0.01297091015,0.0257882526,0.03998165242
0.821,0.0001712883763,0.003627605388,0.01297473846,0.02579420041,0.03998933678
0.822,0.0001714403455,0.003629195042,0.01297856712,0.02580014844,0.03999702114
0.823,0.0001715924287,0.003630785043,0.01298239614,0.02580609668,0.04000470549
0.824,0.000171744626,0.00363237539,0.01298622551,0.02581204513,0.04001238983
0.825,0.0001718969375,0.003633966083,0.01299005524,0.02581799379,0.04002007417
0.826,0.0001720493632,0.003635557122,0.01299388532,0.02582394266,0.04002775851
0.827,0.0001722019031,0.003637148508,0.01299771575,0.02582989175,0.04003544284
0.828,0.0001723545574,0.00363874024,0.01300154654,0.02583584105,0.04004312716
0.829,0.0001725073261,0.003640332318,0.01300537769,0.02584179056,0.04005081147
0.83,0.0001726602092,0.003641924741,0.01300920918,0.02584774028,0.04005849578
0.831,0.0001728132068,0.003643517511,0.01301304104,0.02585369021,0.04006618009
0.832,0.0001729663189,0.003645110627,0.01301687324,0.02585964035,0.04007386439
0.833,0.0001731195457,0.003646704089,0.0130207058,0.0258655907,0.04008154868
0.834,0.0001732728871,0.003648297897,0.01302453871,0.02587154127,0.04008923297
0.835,0.0001734263433,0.00364989205,0.01302837198,0.02587749204,0.04009691725
0.836,0.0001735799143,0.00365148655,0.0130322056,0.02588344302,0.04010460152
0.837,0.0001737336001,0.003653081395,0.01303603957,0.02588939422,0.04011228579
0.838,0.0001738874008,0.003654676586,0.0130398739,0.02589534562,0.04011997005
0.839,0.0001740413165,0.003656272123,0.01304370858,0.02590129724,0.0401276543
0.84,0.0001741953472,0.003657868005,0.01304754361,0.02590724906,0.04013533855
0.841,0.000174349493,0.003659464234,0.01305137899,0.0259132011,0.04014302279
0.842,0.0001745037539,0.003661060807,0.01305521473,0.02591915334,0.04015070702
0.843,0.0001746581301,0.003662657727,0.01305905082,0.0259251058,0.04015839125
0.844,0.0001748126215,0.003664254991,0.01306288726,0.02593105846,0.04016607547
0.845,0.0001749672282,0.003665852602,0.01306672406,0.02593701134,0.04017375969
0.846,0.0001751219503,0.003667450557,0.01307056121,0.02594296442,0.04018144389
0.847,0.0001752767878,0.003669048859,0.01307439871,0.02594891771,0.04018912809
0.848,0.0001754317408,0.003670647505,0.01307823656,0.02595487121,0.04019681228
0.849,0.0001755868094,0.003672246497,0.01308207476,0.02596082492,0.04020449647
0.85,0.0001757419935,0.003673845834,0.01308591332,0.02596677884,0.04021218064
0.851,0.0001758972934,0.003675445517,0.01308975223,0.02597273296,0.04021986481
0.852,0.0001760527089,0.003677045544,0.01309359148,0.0259786873,0.04022754897
0.853,0.0001762082403,0.003678645917,0.0130974311,0.02598464184,0.04023523313
0.854,0.0001763638875,0.003680246635,0.01310127106,0.02599059659,0.04024291727
0.855,0.0001765196505,0.003681847698,0.01310511137,0.02599655155,0.04025060141
0.856,0.0001766755296,0.003683449107,0.01310895204,0.02600250672,0.04025828554
0.857,0.0001768315247,0.00368505086,0.01311279306,0.02600846209,0.04026596966
0.858,0.0001769876358,0.003686652958,0.01311663442,0.02601441767,0.04027365377
0.859,0.0001771438631,0.003688255401,0.01312047614,0.02602037347,0.04028133788
0.86,0.0001773002065,0.00368985819,0.01312431821,0.02602632946,0.04028902197
0.861,0.0001774566663,0.003691461323,0.01312816063,0.02603228567,0.04029670606
0.862,0.0001776132423,0.003693064801,0.01313200341,0.02603824208,0.04030439014
0.863,0.0001777699347,0.003694668623,0.01313584653,0.0260441987,0.04031207421
0.864,0.0001779267435,0.003696272791,0.01313969,0.02605015553,0.04031975827
0.865,0.0001780836688,0.003697877303,0.01314353382,0.02605611256,0.04032744232
0.866,0.0001782407107,0.00369948216,0.013147378,0.0260620698,0.04033512637
0.867,0.0001783978691,0.003701087361,0.01315122252,0.02606802724,0.0403428104
0.868,0.0001785551442,0.003702692908,0.0131550674,0.0260739849,0.04035049442
0.869,0.0001787125361,0.003704298798,0.01315891262,0.02607994276,0.04035817844
0.87,0.0001788700447,0.003705905034,0.01316275819,0.02608590082,0.04036586245
0.871,0.0001790276701,0.003707511613,0.01316660412,0.02609185909,0.04037354644
0.872,0.0001791854124,0.003709118538,0.01317045039,0.02609781757,0.04038123043
0.873,0.0001793432717,0.003710725806,0.01317429701,0.02610377625,0.0403889144
0.874,0.000179501248,0.003712333419,0.01317814399,0.02610973514,0.04039659837
0.875,0.0001796593414,0.003713941377,0.01318199131,0.02611569424,0.04040428233
0.876,0.0001798175519,0.003715549679,0.01318583898,0.02612165354,0.04041196627
0.877,0.0001799758796,0.003717158325,0.013189687,0.02612761304,0.04041965021
0.878,0.0001801343245,0.003718767315,0.01319353537,0.02613357275,0.04042733413
0.879,0.0001802928867,0.003720376649,0.01319738409,0.02613953267,0.04043501805
0.88,0.0001804515663,0.003721986328,0.01320123316,0.02614549279,0.04044270195
0.881,0.0001806103633,0.003723596351,0.01320508258,0.02615145311,0.04045038584
0.882,0.0001807692778,0.003725206718,0.01320893234,0.02615741364,0.04045806973
0.883,0.0001809283098,0.003726817428,0.01321278246,0.02616337438,0.0404657536
0.884,0.0001810874594,0.003728428483,0.01321663292,0.02616933532,0.04047343746
0.885,0.0001812467266,0.003730039882,0.01322048373,0.02617529646,0.04048112131
0.886,0.0001814061116,0.003731651625,0.01322433489,0.02618125781,0.04048880515
0.887,0.0001815656143,0.003733263711,0.0132281864,0.02618721936,0.04049648897
0.888,0.0001817252349,0.003734876142,0.01323203826,0.02619318111,0.04050417279
0.889,0.0001818849734,0.003736488916,0.01323589046,0.02619914307,0.04051185659
0.89,0.0001820448298,0.003738102034,0.01323974302,0.02620510523,0.04051954038
0.891,0.0001822048042,0.003739715496,0.01324359592,0.0262110676,0.04052722416
0.892,0.0001823648966,0.003741329302,0.01324744916,0.02621703017,0.04053490793
0.893,0.0001825251072,0.003742943451,0.01325130276,0.02622299294,0.04054259168
0.894,0.0001826854359,0.003744557944,0.0132551567,0.02622895592,0.04055027543
0.895,0.0001828458829,0.00374617278,0.01325901099,0.0262349191,0.04055795916
0.896,0.0001830064482,0.00374778796,0.01326286563,0.02624088248,0.04056564288
0.897,0.0001831671319,0.003749403483,0.01326672062,0.02624684607,0.04057332658
0.898,0.0001833279339,0.00375101935,0.01327057595,0.02625280985,0.04058101028
0.899,0.0001834888544,0.00375263556,0.01327443163,0.02625877384,0.04058869396
0.9,0.0001836498935,0.003754252114,0.01327828766,0.02626473804,0.04059637762
0.901,0.0001838110511,0.003755869011,0.01328214403,0.02627070243,0.04060406128
0.902,0.0001839723274,0.003757486252,0.01328600075,0.02627666703,0.04061174492
0.903,0.0001841337224,0.003759103835,0.01328985782,0.02628263183,0.04061942855
0.904,0.0001842952361,0.003760721762,0.01329371523,0.02628859683,0.04062711216
0.905,0.0001844568687,0.003762340032,0.01329757299,0.02629456203,0.04063479577
0.906,0.0001846186201,0.003763958645,0.0133014311,0.02630052744,0.04064247935
0.907,0.0001847804905,0.003765577602,0.01330528955,0.02630649305,0.04065016293
0.908,0.0001849424798,0.003767196901,0.01330914835,0.02631245885,0.04065784649
0.909,0.0001851045883,0.003768816544,0.0133130075,0.02631842486,0.04066553003
0.91,0.0001852668158,0.003770436529,0.01331686699,0.02632439107,0.04067321357
0.911,0.0001854291625,0.003772056858,0.01332072682,0.02633035749,0.04068089708
0.912,0.0001855916284,0.003773677529,0.01332458701,0.0263363241,0.04068858059
0.913,0.0001857542136,0.003775298543,0.01332844753,0.02634229091,0.04069626408
0.914,0.0001859169182,0.0037769199,0.01333230841,0.02634825793,0.04070394755
0.915,0.0001860797421,0.0037785416,0.01333616963,0.02635422514,0.04071163101
0.916,0.0001862426856,0.003780163643,0.01334003119,0.02636019256,0.04071931446
0.917,0.0001864057485,0.003781786028,0.0133438931,0.02636616017,0.04072699789
0.918,0.000186568931,0.003783408756,0.01334775536,0.02637212799,0.04073468131
0.919,0.0001867322332,0.003785031827,0.01335161796,0.026378096,0.04074236471
0.92,0.000186895655,0.003786655241,0.0133554809,0.02638406422,0.04075004809
0.921,0.0001870591966,0.003788278997,0.0133593442,0.02639003264,0.04075773146
0.922,0.000187222858,0.003789903095,0.01336320783,0.02639600125,0.04076541482
0.923,0.0001873866393,0.003791527536,0.01336707181,0.02640197007,0.04077309815
0.924,0.0001875505405,0.003793152319,0.01337093614,0.02640793908,0.04078078148
0.925,0.0001877145617,0.003794777445,0.0133748008,0.0264139083,0.04078846479
0.926,0.0001878787029,0.003796402914,0.01337866582,0.02641987771,0.04079614808
0.927,0.0001880429643,0.003798028724,0.01338253118,0.02642584732,0.04080383135
0.928,0.0001882073458,0.003799654877,0.01338639688,0.02643181713,0.04081151461
0.929,0.0001883718475,0.003801281372,0.01339026292,0.02643778714,0.04081919786
0.93,0.0001885364695,0.00380290821,0.01339412931,0.02644375735,0.04082688108
0.931,0.0001887012118,0.003804535389,0.01339799605,0.02644972776,0.04083456429
0.932,0.0001888660745,0.003806162911,0.01340186313,0.02645569837,0.04084224749
0.933,0.0001890310577,0.003807790775,0.01340573055,0.02646166917,0.04084993066
0.934,0.0001891961614,0.003809418981,0.01340959831,0.02646764017,0.04085761382
0.935,0.0001893613856,0.003811047529,0.01341346642,0.02647361137,0.04086529697
0.936,0.0001895267305,0.003812676419,0.01341733487,0.02647958277,0.04087298009
0.937,0.0001896921961,0.003814305651,0.01342120367,0.02648555437,0.0408806632
0.938,0.0001898577824,0.003815935225,0.01342507281,0.02649152616,0.04088834629
0.939,0.0001900234895,0.00381756514,0.01342894229,0.02649749816,0.04089602937
0.94,0.0001901893175,0.003819195398,0.01343281211,0.02650347035,0.04090371242
0.941,0.0001903552663,0.003820825997,0.01343668228,0.02650944273,0.04091139546
0.942,0.0001905213362,0.003822456939,0.01344055279,0.02651541532,0.04091907849
0.943,0.0001906875271,0.003824088221,0.01344442365,0.0265213881,0.04092676149
0.944,0.0001908538391,0.003825719846,0.01344829484,0.02652736108,0.04093444447
0.945,0.0001910202722,0.003827351812,0.01345216638,0.02653333425,0.04094212744
0.946,0.0001911868266,0.00382898412,0.01345603826,0.02653930762,0.04094981039
0.947,0.0001913535022,0.003830616769,0.01345991048,0.02654528119,0.04095749332
0.948,0.0001915202991,0.00383224976,0.01346378305,0.02655125496,0.04096517623
0.949,0.0001916872174,0.003833883093,0.01346765596,0.02655722892,0.04097285913
0.95,0.0001918542572,0.003835516767,0.01347152921,0.02656320308,0.040980542
0.951,0.0001920214185,0.003837150782,0.0134754028,0.02656917743,0.04098822486
0.952,0.0001921887013,0.003838785138,0.01347927673,0.02657515198,0.04099590769
0.953,0.0001923561057,0.003840419836,0.01348315101,0.02658112673,0.04100359051
0.954,0.0001925236319,0.003842054876,0.01348702562,0.02658710167,0.04101127331
0.955,0.0001926912797,0.003843690256,0.01349090058,0.02659307681,0.04101895609
0.956,0.0001928590493,0.003845325978,0.01349477588,0.02659905214,0.04102663885
0.957,0.0001930269408,0.003846962041,0.01349865152,0.02660502767,0.04103432159
0.958,0.0001931949542,0.003848598445,0.01350252751,0.02661100339,0.04104200431
0.959,0.0001933630896,0.00385023519,0.01350640383,0.02661697931,0.04104968701
0.96,0.000193531347,0.003851872276,0.0135102805,0.02662295543,0.0410573697
0.961,0.0001936997264,0.003853509704,0.0135141575,0.02662893174,0.04106505236
0.962,0.000193868228,0.003855147472,0.01351803485,0.02663490824,0.041072735
0.963,0.0001940368518,0.003856785581,0.01352191253,0.02664088494,0.04108041762
0.964,0.0001942055979,0.003858424031,0.01352579056,0.02664686183,0.04108810022
0.965,0.0001943744663,0.003860062822,0.01352966893,0.02665283892,0.0410957828
0.966,0.000194543457,0.003861701954,0.01353354764,0.0266588162,0.04110346536
0.967,0.0001947125702,0.003863341426,0.01353742669,0.02666479368,0.0411111479
0.968,0.0001948818059,0.00386498124,0.01354130608,0.02667077135,0.04111883042
0.969,0.0001950511641,0.003866621394,0.01354518581,0.02667674922,0.04112651291
0.97,0.0001952206449,0.003868261888,0.01354906588,0.02668272727,0.04113419539
0.971,0.0001953902484,0.003869902724,0.01355294629,0.02668870553,0.04114187785
0.972,0.0001955599746,0.003871543899,0.01355682704,0.02669468397,0.04114956028
0.973,0.0001957298236,0.003873185416,0.01356070813,0.02670066261,0.04115724269
0.974,0.0001958997954,0.003874827273,0.01356458956,0.02670664144,0.04116492508
0.975,0.0001960698902,0.00387646947,0.01356847133,0.02671262047,0.04117260745
0.976,0.0001962401078,0.003878112008,0.01357235344,0.02671859969,0.0411802898
0.977,0.0001964104485,0.003879754887,0.01357623588,0.0267245791,0.04118797213
0.978,0.0001965809123,0.003881398105,0.01358011867,0.0267305587,0.04119565443
0.979,0.0001967514992,0.003883041664,0.0135840018,0.0267365385,0.04120333671
0.98,0.0001969222092,0.003884685563,0.01358788526,0.02674251849,0.04121101897
0.981,0.0001970930426,0.003886329803,0.01359176907,0.02674849867,0.04121870121
0.982,0.0001972639992,0.003887974383,0.01359565321,0.02675447905,0.04122638342
0.983,0.0001974350792,0.003889619302,0.01359953769,0.02676045962,0.04123406562
0.984,0.0001976062826,0.003891264562,0.01360342251,0.02676644038,0.04124174779
0.985,0.0001977776094,0.003892910162,0.01360730767,0.02677242133,0.04124942993
0.986,0.0001979490599,0.003894556102,0.01361119317,0.02677840247,0.04125711206
0.987,0.0001981206339,0.003896202383,0.01361507901,0.02678438381,0.04126479416
0.988,0.0001982923315,0.003897849003,0.01361896518,0.02679036533,0.04127247624
0.989,0.0001984641529,0.003899495963,0.01362285169,0.02679634705,0.04128015829
0.99,0.000198636098,0.003901143263,0.01362673855,0.02680232896,0.04128784032
0.991,0.000198808167,0.003902790902,0.01363062573,0.02680831106,0.04129552233
0.992,0.0001989803598,0.003904438882,0.01363451326,0.02681429335,0.04130320431
0.993,0.0001991526766,0.003906087201,0.01363840113,0.02682027584,0.04131088628
0.994,0.0001993251174,0.00390773586,0.01364228933,0.02682625851,0.04131856821
0.995,0.0001994976823,0.003909384859,0.01364617787,0.02683224138,0.04132625013
0.996,0.0001996703712,0.003911034197,0.01365006675,0.02683822443,0.04133393201
0.997,0.0001998431844,0.003912683875,0.01365395596,0.02684420768,0.04134161388
0.998,0.0002000161217,0.003914333893,0.01365784551,0.02685019112,0.04134929572
0.999,0.0002001891834,0.00391598425,0.0136617354,0.02685617474,0.04135697754
1,0.0002003623694,0.003917634946,0.01366562563,0.02686215856,0.04136465933
1.001,0.0002005356798,0.003919285982,0.0136695162,0.02686814257,0.0413723411
1.002,0.0002007091147,0.003920937358,0.0136734071,0.02687412677,0.04138002284
1.003,0.0002008826741,0.003922589073,0.01367729833,0.02688011115,0.04138770456
1.004,0.0002010563581,0.003924241127,0.01368118991,0.02688609573,0.04139538625
1.005,0.0002012301667,0.00392589352,0.01368508182,0.0268920805,0.04140306792
1.006,0.0002014041,0.003927546253,0.01368897407,0.02689806545,0.04141074956
1.007,0.0002015781581,0.003929199325,0.01369286665,0.0269040506,0.04141843118
1.008,0.0002017523409,0.003930852736,0.01369675957,0.02691003593,0.04142611277
1.009,0.0002019266487,0.003932506486,0.01370065283,0.02691602146,0.04143379433
1.01,0.0002021010814,0.003934160576,0.01370454642,0.02692200717,0.04144147587
1.011,0.000202275639,0.003935815004,0.01370844035,0.02692799307,0.04144915739
1.012,0.0002024503217,0.003937469771,0.01371233462,0.02693397916,0.04145683888
1.013,0.0002026251295,0.003939124878,0.01371622922,0.02693996544,0.04146452034
1.014,0.0002028000625,0.003940780323,0.01372012415,0.02694595191,0.04147220178
1.015,0.0002029751207,0.003942436107,0.01372401943,0.02695193857,0.04147988319
1.016,0.0002031503042,0.003944092231,0.01372791503,0.02695792541,0.04148756457
1.017,0.000203325613,0.003945748693,0.01373181098,0.02696391245,0.04149524593
1.018,0.0002035010471,0.003947405493,0.01373570726,0.02696989967,0.04150292726
1.019,0.0002036766068,0.003949062633,0.01373960387,0.02697588707,0.04151060857
1.02,0.0002038522919,0.003950720111,0.01374350082,0.02698187467,0.04151828985
1.021,0.0002040281026,0.003952377928,0.01374739811,0.02698786246,0.0415259711
1.022,0.000204204039,0.003954036083,0.01375129573,0.02699385043,0.04153365232
1.023,0.000204380101,0.003955694577,0.01375519368,0.02699983859,0.04154133352
1.024,0.0002045562887,0.00395735341,0.01375909197,0.02700582693,0.04154901469
1.025,0.0002047326023,0.003959012581,0.01376299059,0.02701181547,0.04155669583
1.026,0.0002049090417,0.003960672091,0.01376688955,0.02701780419,0.04156437694
1.027,0.000205085607,0.003962331939,0.01377078885,0.0270237931,0.04157205803
1.028,0.0002052622983,0.003963992125,0.01377468847,0.02702978219,0.04157973909
1.029,0.0002054391156,0.00396565265,0.01377858843,0.02703577147,0.04158742012
1.03,0.000205616059,0.003967313513,0.01378248873,0.02704176094,0.04159510113
1.031,0.0002057931286,0.003968974714,0.01378638936,0.02704775059,0.0416027821
1.032,0.0002059703243,0.003970636254,0.01379029033,0.02705374044,0.04161046305
1.033,0.0002061476463,0.003972298131,0.01379419162,0.02705973046,0.04161814397
1.034,0.0002063250947,0.003973960347,0.01379809326,0.02706572068,0.04162582486
1.035,0.0002065026694,0.003975622901,0.01380199522,0.02707171108,0.04163350573
1.036,0.0002066803705,0.003977285793,0.01380589752,0.02707770166,0.04164118656
1.037,0.0002068581981,0.003978949023,0.01380980015,0.02708369243,0.04164886737
1.038,0.0002070361523,0.003980612591,0.01381370312,0.02708968339,0.04165654814
1.039,0.0002072142331,0.003982276498,0.01381760642,0.02709567453,0.04166422889
1.04,0.0002073924405,0.003983940742,0.01382151005,0.02710166586,0.04167190961
1.041,0.0002075707747,0.003985605323,0.01382541402,0.02710765737,0.0416795903
1.042,0.0002077492357,0.003987270243,0.01382931832,0.02711364907,0.04168727096
1.043,0.0002079278235,0.0039889355,0.01383322295,0.02711964095,0.04169495159
1.044,0.0002081065381,0.003990601096,0.01383712792,0.02712563302,0.04170263219
1.045,0.0002082853798,0.003992267029,0.01384103322,0.02713162527,0.04171031276
1.046,0.0002084643484,0.003993933299,0.01384493885,0.02713761771,0.04171799331
1.047,0.0002086434442,0.003995599907,0.01384884481,0.02714361033,0.04172567382
1.048,0.000208822667,0.003997266853,0.01385275111,0.02714960314,0.0417333543
1.049,0.0002090020171,0.003998934137,0.01385665773,0.02715559613,0.04174103475
1.05,0.0002091814943,0.004000601758,0.01386056469,0.02716158931,0.04174871517
1.051,0.0002093610989,0.004002269716,0.01386447199,0.02716758267,0.04175639557
1.052,0.0002095408308,0.004003938012,0.01386837961,0.02717357621,0.04176407593
1.053,0.0002097206902,0.004005606645,0.01387228757,0.02717956994,0.04177175626
1.054,0.000209900677,0.004007275616,0.01387619586,0.02718556385,0.04177943656
1.055,0.0002100807914,0.004008944924,0.01388010448,0.02719155794,0.04178711683
1.056,0.0002102610333,0.004010614569,0.01388401343,0.02719755222,0.04179479707
1.057,0.0002104414029,0.004012284551,0.01388792271,0.02720354668,0.04180247728
1.058,0.0002106219002,0.004013954871,0.01389183233,0.02720954133,0.04181015745
1.059,0.0002108025253,0.004015625528,0.01389574228,0.02721553616,0.0418178376
1.06,0.0002109832782,0.004017296521,0.01389965255,0.02722153117,0.04182551771
1.061,0.0002111641589,0.004018967852,0.01390356316,0.02722752636,0.0418331978
1.062,0.0002113451676,0.00402063952,0.0139074741,0.02723352174,0.04184087785
1.063,0.0002115263043,0.004022311525,0.01391138538,0.0272395173,0.04184855787
1.064,0.0002117075691,0.004023983867,0.01391529698,0.02724551304,0.04185623785
1.065,0.0002118889619,0.004025656546,0.01391920891,0.02725150896,0.04186391781
1.066,0.0002120704829,0.004027329562,0.01392312118,0.02725750507,0.04187159774
1.067,0.0002122521321,0.004029002915,0.01392703377,0.02726350136,0.04187927763
1.068,0.0002124339097,0.004030676604,0.0139309467,0.02726949783,0.04188695749
1.069,0.0002126158155,0.00403235063,0.01393485995,0.02727549448,0.04189463732
1.07,0.0002127978498,0.004034024993,0.01393877354,0.02728149132,0.04190231711
1.071,0.0002129800125,0.004035699693,0.01394268745,0.02728748833,0.04190999687
1.072,0.0002131623037,0.004037374729,0.0139466017,0.02729348553,0.0419176766
1.073,0.0002133447235,0.004039050102,0.01395051628,0.02729948291,0.0419253563
1.074,0.0002135272719,0.004040725811,0.01395443118,0.02730548047,0.04193303597
1.075,0.000213709949,0.004042401857,0.01395834642,0.02731147822,0.0419407156
1.076,0.0002138927549,0.004044078239,0.01396226199,0.02731747614,0.0419483952
1.077,0.0002140756895,0.004045754958,0.01396617788,0.02732347425,0.04195607476
1.078,0.000214258753,0.004047432013,0.01397009411,0.02732947253,0.04196375429
1.079,0.0002144419454,0.004049109405,0.01397401066,0.027335471,0.04197143379
1.08,0.0002146252668,0.004050787133,0.01397792755,0.02734146964,0.04197911326
1.081,0.0002148087172,0.004052465197,0.01398184476,0.02734746847,0.04198679269
1.082,0.0002149922967,0.004054143597,0.0139857623,0.02735346748,0.04199447209
1.083,0.0002151760054,0.004055822334,0.01398968018,0.02735946667,0.04200215145
1.084,0.0002153598433,0.004057501407,0.01399359838,0.02736546604,0.04200983078
1.085,0.0002155438104,0.004059180816,0.01399751691,0.02737146559,0.04201751007
1.086,0.0002157279068,0.004060860561,0.01400143577,0.02737746531,0.04202518934
1.087,0.0002159121326,0.004062540642,0.01400535495,0.02738346522,0.04203286856
1.088,0.0002160964879,0.004064221059,0.01400927447,0.02738946531,0.04204054776
1.089,0.0002162809726,0.004065901812,0.01401319432,0.02739546558,0.04204822692
1.09,0.0002164655869,0.0040675829,0.01401711449,0.02740146603,0.04205590604
1.091,0.0002166503308,0.004069264325,0.01402103499,0.02740746665,0.04206358513
1.092,0.0002168352043,0.004070946086,0.01402495582,0.02741346746,0.04207126418
1.093,0.0002170202076,0.004072628182,0.01402887698,0.02741946844,0.0420789432
1.094,0.0002172053406,0.004074310615,0.01403279846,0.02742546961,0.04208662219
1.095,0.0002173906035,0.004075993382,0.01403672028,0.02743147095,0.04209430113
1.096,0.0002175759963,0.004077676486,0.01404064242,0.02743747247,0.04210198005
1.097,0.000217761519,0.004079359925,0.01404456489,0.02744347417,0.04210965893
1.098,0.0002179471718,0.0040810437,0.01404848769,0.02744947605,0.04211733777
1.099,0.0002181329546,0.00408272781,0.01405241081,0.02745547811,0.04212501658
1.1,0.0002183188675,0.004084412256,0.01405633427,0.02746148035,0.04213269535
1.101,0.0002185049106,0.004086097038,0.01406025805,0.02746748276,0.04214037408
1.102,0.0002186910839,0.004087782155,0.01406418215,0.02747348535,0.04214805278
1.103,0.0002188773876,0.004089467607,0.01406810659,0.02747948812,0.04215573145
1.104,0.0002190638216,0.004091153394,0.01407203135,0.02748549107,0.04216341007
1.105,0.000219250386,0.004092839517,0.01407595644,0.0274914942,0.04217108866
1.106,0.0002194370808,0.004094525976,0.01407988185,0.0274974975,0.04217876722
1.107,0.0002196239062,0.004096212769,0.01408380759,0.02750350098,0.04218644574
1.108,0.0002198108622,0.004097899898,0.01408773366,0.02750950464,0.04219412422
1.109,0.0002199979488,0.004099587361,0.01409166006,0.02751550847,0.04220180266
1.11,0.0002201851661,0.00410127516,0.01409558678,0.02752151249,0.04220948107
1.111,0.0002203725142,0.004102963294,0.01409951383,0.02752751668,0.04221715944
1.112,0.000220559993,0.004104651763,0.0141034412,0.02753352104,0.04222483778
1.113,0.0002207476028,0.004106340567,0.01410736891,0.02753952559,0.04223251607
1.114,0.0002209353435,0.004108029706,0.01411129693,0.02754553031,0.04224019433
1.115,0.0002211232151,0.00410971918,0.01411522529,0.0275515352,0.04224787255
1.116,0.0002213112178,0.004111408989,0.01411915396,0.02755754028,0.04225555074
1.117,0.0002214993516,0.004113099133,0.01412308297,0.02756354553,0.04226322888
1.118,0.0002216876165,0.004114789611,0.0141270123,0.02756955095,0.04227090699
1.119,0.0002218760127,0.004116480424,0.01413094196,0.02757555655,0.04227858507
1.12,0.0002220645401,0.004118171572,0.01413487194,0.02758156233,0.0422862631
1.121,0.0002222531989,0.004119863055,0.01413880225,0.02758756829,0.04229394109
1.122,0.000222441989,0.004121554872,0.01414273288,0.02759357442,0.04230161905
1.123,0.0002226309106,0.004123247024,0.01414666384,0.02759958072,0.04230929697
1.124,0.0002228199637,0.00412493951,0.01415059512,0.0276055872,0.04231697485
1.125,0.0002230091483,0.004126632331,0.01415452673,0.02761159386,0.04232465269
1.126,0.0002231984646,0.004128325487,0.01415845866,0.02761760069,0.0423323305
1.127,0.0002233879125,0.004130018976,0.01416239092,0.02762360769,0.04234000826
1.128,0.0002235774921,0.004131712801,0.01416632351,0.02762961488,0.04234768599
1.129,0.0002237672036,0.004133406959,0.01417025641,0.02763562223,0.04235536367
1.13,0.0002239570468,0.004135101452,0.01417418965,0.02764162976,0.04236304132
1.131,0.000224147022,0.004136796279,0.0141781232,0.02764763747,0.04237071893
1.132,0.0002243371291,0.004138491441,0.01418205708,0.02765364535,0.0423783965
1.133,0.0002245273683,0.004140186936,0.01418599129,0.02765965341,0.04238607403
1.134,0.0002247177395,0.004141882766,0.01418992582,0.02766566164,0.04239375152
1.135,0.0002249082429,0.00414357893,0.01419386067,0.02767167004,0.04240142897
1.136,0.0002250988784,0.004145275428,0.01419779585,0.02767767862,0.04240910639
1.137,0.0002252896462,0.00414697226,0.01420173135,0.02768368737,0.04241678376
1.138,0.0002254805462,0.004148669426,0.01420566718,0.02768969629,0.04242446109
1.139,0.0002256715787,0.004150366926,0.01420960333,0.02769570539,0.04243213838
1.14,0.0002258627435,0.004152064759,0.0142135398,0.02770171467,0.04243981563
1.141,0.0002260540408,0.004153762927,0.0142174766,0.02770772411,0.04244749284
1.142,0.0002262454707,0.004155461429,0.01422141372,0.02771373373,0.04245517002
1.143,0.0002264370331,0.004157160264,0.01422535117,0.02771974353,0.04246284715
1.144,0.0002266287282,0.004158859433,0.01422928893,0.02772575349,0.04247052424
1.145,0.0002268205559,0.004160558936,0.01423322702,0.02773176363,0.04247820129
1.146,0.0002270125165,0.004162258772,0.01423716544,0.02773777395,0.0424858783
1.147,0.0002272046098,0.004163958942,0.01424110417,0.02774378443,0.04249355526
1.148,0.000227396836,0.004165659446,0.01424504323,0.02774979509,0.04250123219
1.149,0.0002275891951,0.004167360283,0.01424898262,0.02775580592,0.04250890908
1.15,0.0002277816873,0.004169061454,0.01425292232,0.02776181692,0.04251658592
1.151,0.0002279743124,0.004170762958,0.01425686235,0.0277678281,0.04252426272
1.152,0.0002281670707,0.004172464796,0.0142608027,0.02777383945,0.04253193949
1.153,0.0002283599621,0.004174166967,0.01426474337,0.02777985097,0.04253961621
1.154,0.0002285529867,0.004175869471,0.01426868437,0.02778586266,0.04254729289
1.155,0.0002287461446,0.004177572309,0.01427262568,0.02779187453,0.04255496952
1.156,0.0002289394359,0.00417927548,0.01427656732,0.02779788656,0.04256264612
1.157,0.0002291328605,0.004180978984,0.01428050928,0.02780389877,0.04257032267
1.158,0.0002293264185,0.004182682821,0.01428445157,0.02780991115,0.04257799918
1.159,0.0002295201101,0.004184386992,0.01428839417,0.0278159237,0.04258567565
1.16,0.0002297139352,0.004186091495,0.0142923371,0.02782193642,0.04259335208
1.161,0.0002299078939,0.004187796332,0.01429628035,0.02782794931,0.04260102846
1.162,0.0002301019863,0.004189501502,0.01430022392,0.02783396238,0.0426087048
1.163,0.0002302962124,0.004191207004,0.01430416781,0.02783997561,0.0426163811
1.164,0.0002304905723,0.00419291284,0.01430811202,0.02784598902,0.04262405736
1.165,0.000230685066,0.004194619008,0.01431205656,0.0278520026,0.04263173357
1.166,0.0002308796936,0.00419632551,0.01431600141,0.02785801635,0.04263940974
1.167,0.0002310744552,0.004198032344,0.01431994659,0.02786403026,0.04264708587
1.168,0.0002312693508,0.004199739511,0.01432389209,0.02787004435,0.04265476196
1.169,0.0002314643805,0.004201447011,0.0143278379,0.02787605861,0.042662438
1.17,0.0002316595443,0.004203154843,0.01433178404,0.02788207304,0.042670114
1.171,0.0002318548422,0.004204863008,0.0143357305,0.02788808764,0.04267778995
1.172,0.0002320502744,0.004206571506,0.01433967728,0.02789410241,0.04268546586
1.173,0.0002322458409,0.004208280336,0.01434362439,0.02790011735,0.04269314173
1.174,0.0002324415418,0.004209989499,0.01434757181,0.02790613246,0.04270081755
1.175,0.000232637377,0.004211698994,0.01435151955,0.02791214774,0.04270849333
1.176,0.0002328333467,0.004213408822,0.01435546761,0.02791816319,0.04271616907
1.177,0.000233029451,0.004215118982,0.01435941599,0.0279241788,0.04272384476
1.178,0.0002332256898,0.004216829475,0.0143633647,0.02793019459,0.04273152041
1.179,0.0002334220632,0.0042185403,0.01436731372,0.02793621055,0.04273919601
1.18,0.0002336185714,0.004220251457,0.01437126306,0.02794222667,0.04274687157
1.181,0.0002338152143,0.004221962946,0.01437521272,0.02794824296,0.04275454708
1.182,0.000234011992,0.004223674768,0.0143791627,0.02795425943,0.04276222255
1.183,0.0002342089045,0.004225386922,0.01438311301,0.02796027606,0.04276989797
1.184,0.000234405952,0.004227099408,0.01438706363,0.02796629286,0.04277757335
1.185,0.0002346031345,0.004228812226,0.01439101457,0.02797230983,0.04278524869
1.186,0.000234800452,0.004230525376,0.01439496583,0.02797832696,0.04279292398
1.187,0.0002349979045,0.004232238858,0.01439891741,0.02798434427,0.04280059922
1.188,0.0002351954923,0.004233952672,0.0144028693,0.02799036174,0.04280827442
1.189,0.0002353932152,0.004235666818,0.01440682152,0.02799637938,0.04281594958
1.19,0.0002355910734,0.004237381296,0.01441077406,0.02800239719,0.04282362469
1.191,0.0002357890669,0.004239096106,0.01441472691,0.02800841517,0.04283129975
1.192,0.0002359871957,0.004240811247,0.01441868008,0.02801443332,0.04283897476
1.193,0.00023618546,0.004242526721,0.01442263358,0.02802045163,0.04284664974
1.194,0.0002363838598,0.004244242526,0.01442658739,0.02802647011,0.04285432466
1.195,0.0002365823952,0.004245958662,0.01443054152,0.02803248875,0.04286199954
1.196,0.0002367810661,0.004247675131,0.01443449596,0.02803850757,0.04286967437
1.197,0.0002369798727,0.004249391931,0.01443845073,0.02804452655,0.04287734916
1.198,0.000237178815,0.004251109062,0.01444240581,0.0280505457,0.0428850239
1.199,0.000237377893,0.004252826525,0.01444636122,0.02805656501,0.0428926986
1.2,0.0002375771069,0.00425454432,0.01445031694,0.0280625845,0.04290037324
