VGB_V,gm_VDS=0.05,gm_VDS=0.6,gm_VDS=1.2,gm2_VDS=0.05,gm2_VDS=0.6,gm2_VDS=1.2,gm3_VDS=0.05,gm3_VDS=0.6,gm3_VDS=1.2
0,4.404265594e-08,8.884434412e-08,1.610777276e-07,1.171309596e-06,2.369101957e-06,4.307693131e-06,3.125923922e-05,6.3397643e-05,0.0001156156006
0.001,4.522973561e-08,9.124543055e-08,1.654437511e-07,1.202991126e-06,2.433358491e-06,4.424879868e-06,3.210761624e-05,6.512317108e-05,0.0001187720867
0.002,4.644892481e-08,9.371164408e-08,1.699285538e-07,1.235532531e-06,2.499364011e-06,4.545266139e-06,3.297909472e-05,6.689582569e-05,0.0001220150567
0.003,4.770109509e-08,9.624475748e-08,1.745353791e-07,1.268957228e-06,2.567166286e-06,4.668939609e-06,3.387430601e-05,6.871689879e-05,0.0001253468896
0.004,4.898714171e-08,9.884659192e-08,1.792675588e-07,1.303289272e-06,2.636814395e-06,4.79599036e-06,3.479389846e-05,7.058771723e-05,0.0001287700287
0.005,5.030798431e-08,1.015190183e-07,1.841285164e-07,1.338553376e-06,2.70835876e-06,4.926510946e-06,3.57385379e-05,7.250964384e-05,0.0001322869838
0.006,5.16645676e-08,1.042639588e-07,1.89121769e-07,1.374774927e-06,2.781851189e-06,5.060596468e-06,3.670890908e-05,7.448408025e-05,0.0001359003364
0.007,5.3057862e-08,1.070833878e-07,1.942509302e-07,1.411980007e-06,2.857344908e-06,5.198344643e-06,3.770571497e-05,7.651246559e-05,0.0001396127374
0.008,5.448886438e-08,1.099793339e-07,1.995197126e-07,1.450195411e-06,2.934894601e-06,5.339855875e-06,3.8729678e-05,7.859627878e-05,0.0001434269111
0.009,5.595859877e-08,1.12953881e-07,2.049319306e-07,1.489448665e-06,3.014556453e-06,5.485233331e-06,3.978154056e-05,8.073703991e-05,0.0001473456579
0.01,5.746811708e-08,1.160091701e-07,2.104915033e-07,1.529768049e-06,3.096388188e-06,5.634583016e-06,4.086206499e-05,8.293631006e-05,0.0001513718542
0.011,5.901849992e-08,1.191474005e-07,2.16202457e-07,1.571182613e-06,3.180449115e-06,5.78801385e-06,4.19720348e-05,8.519569364e-05,0.0001555084564
0.012,6.061085731e-08,1.223708317e-07,2.220689286e-07,1.613722204e-06,3.266800168e-06,5.945637752e-06,4.311225519e-05,8.751683984e-05,0.0001597585033
0.013,6.224632955e-08,1.25681785e-07,2.280951685e-07,1.657417485e-06,3.355503952e-06,6.107569721e-06,4.428355298e-05,8.990144211e-05,0.0001641251164
0.014,6.3926088e-08,1.290826452e-07,2.342855434e-07,1.702299955e-06,3.446624789e-06,6.273927919e-06,4.54867778e-05,9.235124088e-05,0.0001686115034
0.015,6.565133596e-08,1.325758623e-07,2.406445402e-07,1.748401976e-06,3.540228767e-06,6.444833761e-06,4.672280299e-05,9.486802527e-05,0.0001732209621
0.016,6.742330954e-08,1.361639531e-07,2.471767684e-07,1.795756796e-06,3.636383786e-06,6.620412006e-06,4.799252522e-05,9.745363238e-05,0.0001779568794
0.017,6.924327853e-08,1.398495034e-07,2.538869643e-07,1.844398569e-06,3.735159608e-06,6.800790844e-06,4.929686602e-05,0.0001001099504,0.0001828227367
0.018,7.111254735e-08,1.436351698e-07,2.607799942e-07,1.894362386e-06,3.83662791e-06,6.986101996e-06,5.063677258e-05,0.0001028389203,0.0001878221123
0.019,7.303245599e-08,1.475236813e-07,2.678608575e-07,1.945684296e-06,3.940862336e-06,7.17648081e-06,5.201321726e-05,0.0001056425348,0.0001929586815
0.02,7.500438097e-08,1.515178417e-07,2.751346913e-07,1.998401336e-06,4.04793855e-06,7.372066361e-06,5.34271998e-05,0.0001085228428,0.0001982362227
0.021,7.702973637e-08,1.556205315e-07,2.826067734e-07,2.052551554e-06,4.157934294e-06,7.573001552e-06,5.48797472e-05,0.0001114819495,0.0002036586185
0.022,7.910997482e-08,1.598347101e-07,2.902825265e-07,2.10817404e-06,4.270929442e-06,7.779433224e-06,5.637191433e-05,0.0001145220173,0.0002092298577
0.023,8.124658858e-08,1.641634175e-07,2.981675223e-07,2.165308954e-06,4.387006063e-06,7.991512261e-06,5.790478538e-05,0.0001176452688,0.0002149540406
0.024,8.344111061e-08,1.686097774e-07,3.062674851e-07,2.223997553e-06,4.506248476e-06,8.209393703e-06,5.947947408e-05,0.0001208539877,0.0002208353799
0.025,8.56951157e-08,1.731769986e-07,3.145882969e-07,2.284282226e-06,4.628743316e-06,8.433236862e-06,6.109712485e-05,0.0001241505204,0.0002268782053
0.026,8.801022159e-08,1.778683778e-07,3.231360006e-07,2.346206519e-06,4.754579598e-06,8.663205438e-06,6.27589133e-05,0.0001275372778,0.0002330869656
0.027,9.038809018e-08,1.826873021e-07,3.319168056e-07,2.409815171e-06,4.88384878e-06,8.899467642e-06,6.446604792e-05,0.0001310167384,0.0002394662344
0.028,9.28304287e-08,1.87637251e-07,3.409370913e-07,2.475154147e-06,5.016644832e-06,9.142196322e-06,6.621976921e-05,0.0001345914465,0.0002460207075
0.029,9.533899097e-08,1.927217995e-07,3.502034128e-07,2.542270667e-06,5.153064302e-06,9.391569083e-06,6.802135289e-05,0.0001382640189,0.0002527552152
0.03,9.79155787e-08,1.979446204e-07,3.59722505e-07,2.611213248e-06,5.293206395e-06,9.647768433e-06,6.987210939e-05,0.000142037144,0.0002596747197
0.031,1.005620428e-07,2.033094871e-07,3.695012877e-07,2.68203173e-06,5.437173036e-06,9.910981902e-06,7.177338444e-05,0.0001459135827,0.0002667843183
0.032,1.032802845e-07,2.088202762e-07,3.79546871e-07,2.754777321e-06,5.585068953e-06,1.01814022e-05,7.372656181e-05,0.0001498961742,0.000274089253
0.033,1.060722573e-07,2.144809706e-07,3.898665603e-07,2.829502632e-06,5.737001749e-06,1.045922733e-05,7.573306236e-05,0.0001539878344,0.0002815949076
0.034,1.089399677e-07,2.202956622e-07,4.004678617e-07,2.906261711e-06,5.893081985e-06,1.074466078e-05,7.77943461e-05,0.0001581915593,0.000289306815
0.035,1.118854771e-07,2.262685549e-07,4.113584876e-07,2.98511009e-06,6.053423258e-06,1.103791162e-05,7.991191419e-05,0.0001625104299,0.0002972306652
0.036,1.149109033e-07,2.324039679e-07,4.225463623e-07,3.066104819e-06,6.21814229e-06,1.133919472e-05,8.208730741e-05,0.0001669476091,0.0003053722999
0.037,1.180184217e-07,2.387063387e-07,4.34039628e-07,3.149304512e-06,6.387359006e-06,1.164873084e-05,8.432210977e-05,0.0001715063484,0.0003137377252
0.038,1.212102674e-07,2.451802262e-07,4.458466505e-07,3.234769389e-06,6.561196631e-06,1.196674684e-05,8.66179488e-05,0.000176189989,0.0003223331136
0.039,1.244887362e-07,2.518303144e-07,4.579760259e-07,3.322561318e-06,6.739781772e-06,1.229347585e-05,8.897649658e-05,0.0001810019643,0.0003311648081
0.04,1.278561869e-07,2.586614156e-07,4.704365864e-07,3.412743863e-06,6.923244524e-06,1.262915742e-05,9.139947106e-05,0.0001859458018,0.0003402393263
0.041,1.313150425e-07,2.656784738e-07,4.832374069e-07,3.505382329e-06,7.111718549e-06,1.29740377e-05,9.388863752e-05,0.0001910251267,0.0003495633674
0.042,1.348677925e-07,2.728865688e-07,4.963878122e-07,3.600543812e-06,7.305341192e-06,1.332836964e-05,9.644580965e-05,0.0001962436639,0.0003591438149
0.043,1.385169941e-07,2.802909194e-07,5.098973833e-07,3.698297243e-06,7.504253568e-06,1.369241318e-05,9.90728507e-05,0.0002016052404,0.000368987742
0.044,1.422652746e-07,2.878968875e-07,5.237759647e-07,3.798713447e-06,7.708600676e-06,1.40664354e-05,0.0001017716763,0.0002071137916,0.0003791024226
0.045,1.461153328e-07,2.95709982e-07,5.380336718e-07,3.901865185e-06,7.918531501e-06,1.445071078e-05,0.0001045442529,0.000212773357,0.0003894953242
0.046,1.500699417e-07,3.037358627e-07,5.52680898e-07,4.007827216e-06,8.134199125e-06,1.484552137e-05,0.0001073926022,0.0002185880904,0.0004001741255
0.047,1.541319496e-07,3.119803449e-07,5.677283228e-07,4.116676346e-06,8.35576084e-06,1.525115699e-05,0.0001103188017,0.0002245622607,0.0004111467198
0.048,1.58304283e-07,3.204494029e-07,5.831869195e-07,4.228491487e-06,8.583378266e-06,1.566791547e-05,0.0001133249849,0.0002307002524,0.0004224212138
0.049,1.625899482e-07,3.291491753e-07,5.990679632e-07,4.343353714e-06,8.817217467e-06,1.609610285e-05,0.0001164133448,0.000237006572,0.0004340059415
0.05,1.669920339e-07,3.380859686e-07,6.153830395e-07,4.461346326e-06,9.057449076e-06,1.653603364e-05,0.0001195861344,0.0002434858507,0.0004459094672
0.051,1.715137129e-07,3.472662626e-07,6.321440526e-07,4.582554905e-06,9.304248421e-06,1.698803101e-05,0.0001228456689,0.0002501428474,0.0004581405935
0.052,1.761582449e-07,3.566967147e-07,6.493632344e-07,4.707067379e-06,9.557795655e-06,1.745242707e-05,0.0001261943266,0.0002569824514,0.000470708364
0.053,1.80928979e-07,3.663841649e-07,6.670531533e-07,4.834974087e-06,9.818275883e-06,1.792956308e-05,0.000129634551,0.0002640096864,0.0004836220723
0.054,1.858293554e-07,3.763356408e-07,6.85226724e-07,4.966367848e-06,1.008587931e-05,1.841978974e-05,0.0001331688551,0.0002712297197,0.0004968912778
0.055,1.908629088e-07,3.86558363e-07,7.038972163e-07,5.101344025e-06,1.036080137e-05,1.892346743e-05,0.0001367998175,0.0002786478538,0.0005105257916
0.056,1.960332703e-07,3.9705975e-07,7.230782658e-07,5.240000594e-06,1.064324288e-05,1.944096649e-05,0.0001405300894,0.000286269541,0.0005245357031
0.057,2.013441703e-07,4.078474239e-07,7.427838832e-07,5.382438223e-06,1.093341019e-05,1.997266746e-05,0.0001443623962,0.000294100387,0.0005389313856
0.058,2.067994415e-07,4.189292162e-07,7.63028465e-07,5.528760339e-06,1.123151531e-05,2.051896143e-05,0.0001482995358,0.0003021461472,0.0005537234911
0.059,2.124030212e-07,4.303131731e-07,7.838268042e-07,5.679073206e-06,1.153777611e-05,2.108025027e-05,0.000152344385,0.0003104127394,0.0005689229725
0.06,2.181589545e-07,4.420075616e-07,8.051941013e-07,5.833486005e-06,1.185241645e-05,2.165694695e-05,0.000156499898,0.0003189062414,0.0005845410811
0.061,2.240713972e-07,4.540208757e-07,8.271459754e-07,5.992110911e-06,1.217566633e-05,2.224947586e-05,0.0001607691123,0.0003276329038,0.0006005893871
0.062,2.301446188e-07,4.663618428e-07,8.496984757e-07,6.155063179e-06,1.250776213e-05,2.285827312e-05,0.0001651551473,0.0003365991449,0.0006170797743
0.063,2.363830055e-07,4.790394295e-07,8.728680937e-07,6.322461223e-06,1.28489467e-05,2.348378688e-05,0.0001696612081,0.0003458115614,0.0006340244564
0.064,2.427910637e-07,4.920628489e-07,8.96671775e-07,6.494426712e-06,1.319946959e-05,2.412647769e-05,0.0001742905905,0.0003552769362,0.0006514359935
0.065,2.49373423e-07,5.054415669e-07,9.211269323e-07,6.671084649e-06,1.355958723e-05,2.478681882e-05,0.0001790466774,0.0003650022326,0.0006693272811
0.066,2.561348399e-07,5.191853093e-07,9.46251458e-07,6.852563471e-06,1.392956311e-05,2.546529663e-05,0.0001839329468,0.0003749946109,0.00068771158
0.067,2.630802009e-07,5.333040693e-07,9.720637376e-07,7.038995139e-06,1.430966796e-05,2.61624109e-05,0.000188952973,0.0003852614298,0.0007066025201
0.068,2.702145263e-07,5.478081142e-07,9.98582663e-07,7.230515237e-06,1.470017999e-05,2.687867525e-05,0.0001941104268,0.0003958102468,0.0007260141009
0.069,2.775429739e-07,5.627079936e-07,1.025827647e-06,7.42726307e-06,1.510138506e-05,2.761461749e-05,0.0001994090818,0.0004066488333,0.0007459607191
0.07,2.850708426e-07,5.780145465e-07,1.053818638e-06,7.629381771e-06,1.551357693e-05,2.837078001e-05,0.000204852813,0.0004177851696,0.0007664571587
0.071,2.928035767e-07,5.937389102e-07,1.082576133e-06,7.837018395e-06,1.593705741e-05,2.914772019e-05,0.0002104456055,0.0004292274627,0.000787518627
0.072,3.007467691e-07,6.098925275e-07,1.112121195e-06,8.050324045e-06,1.637213667e-05,2.994601086e-05,0.0002161915518,0.0004409841431,0.0008091607448
0.073,3.089061661e-07,6.264871559e-07,1.142475468e-06,8.269453963e-06,1.681913341e-05,3.076624063e-05,0.0002220948564,0.0004530638718,0.0008313995624
0.074,3.172876715e-07,6.435348759e-07,1.173661191e-06,8.494567664e-06,1.727837509e-05,3.160901443e-05,0.0002281598413,0.0004654755531,0.0008542515821
0.075,3.258973506e-07,6.610480998e-07,1.205701218e-06,8.725829033e-06,1.775019824e-05,3.24749539e-05,0.000234390947,0.0004782283368,0.0008777337619
0.076,3.347414349e-07,6.790395813e-07,1.238619033e-06,8.963406465e-06,1.823494863e-05,3.336469787e-05,0.000240792736,0.0004913316235,0.0009018635273
0.077,3.438263265e-07,6.975224245e-07,1.272438767e-06,9.207472975e-06,1.873298157e-05,3.427890284e-05,0.0002473698959,0.0005047950748,0.0009266587879
0.078,3.531586031e-07,7.165100936e-07,1.307185217e-06,9.458206334e-06,1.924466217e-05,3.521824347e-05,0.0002541272434,0.0005186286172,0.0009521379461
0.079,3.627450223e-07,7.36016423e-07,1.342883864e-06,9.715789189e-06,1.97703656e-05,3.618341306e-05,0.000261069729,0.0005328424552,0.0009783199217
0.08,3.725925271e-07,7.560556274e-07,1.37956089e-06,9.980409215e-06,2.031047737e-05,3.717512412e-05,0.0002682024393,0.0005474470748,0.001005224157
0.081,3.827082507e-07,7.766423124e-07,1.417243203e-06,1.025225923e-05,2.086539363e-05,3.819410884e-05,0.000275530598,0.0005624532447,0.00103287062
0.082,3.930995216e-07,7.977914851e-07,1.45595845e-06,1.053153737e-05,2.143552144e-05,3.924111967e-05,0.0002830595773,0.0005778720424,0.001061279855
0.083,4.037738692e-07,8.195185651e-07,1.495735042e-06,1.081844718e-05,2.202127908e-05,4.03169299e-05,0.000290794894,0.0005937148433,0.001090472956
0.084,4.147390295e-07,8.418393963e-07,1.536602174e-06,1.111319784e-05,2.262309639e-05,4.142233417e-05,0.0002987422179,0.0006099933399,0.001120471611
0.085,4.260029501e-07,8.647702582e-07,1.578589847e-06,1.141600425e-05,2.324141503e-05,4.255814913e-05,0.0003069073748,0.0006267195481,0.001151298108
0.086,4.375737968e-07,8.88327878e-07,1.621728889e-06,1.172708721e-05,2.387668887e-05,4.372521403e-05,0.0003152963497,0.0006439058126,0.001182975344
0.087,4.494599589e-07,9.12529443e-07,1.666050979e-06,1.204667362e-05,2.452938428e-05,4.492439132e-05,0.0003239152959,0.0006615648268,0.001215526869
0.088,4.616700561e-07,9.373926134e-07,1.711588671e-06,1.237499659e-05,2.519998049e-05,4.615656733e-05,0.0003327705326,0.0006797096279,0.001248976868
0.089,4.742129441e-07,9.629355349e-07,1.758375416e-06,1.271229563e-05,2.588896997e-05,4.742265291e-05,0.0003418685531,0.0006983536127,0.001283350199
0.09,4.870977214e-07,9.891768529e-07,1.806445591e-06,1.305881687e-05,2.659685875e-05,4.87235841e-05,0.0003512160323,0.0007175105547,0.001318672416
0.091,5.003337361e-07,1.016135725e-06,1.85583452e-06,1.341481316e-05,2.732416682e-05,5.006032286e-05,0.0003608198275,0.0007371946055,0.001354969781
0.092,5.139305926e-07,1.043831838e-06,1.906578502e-06,1.378054433e-05,2.807142855e-05,5.143385778e-05,0.0003706869833,0.0007574203046,0.001392269272
0.093,5.278981586e-07,1.072285417e-06,1.958714839e-06,1.415627734e-05,2.883919301e-05,5.284520478e-05,0.0003808247407,0.0007782025962,0.001430598627
0.094,5.422465726e-07,1.101517246e-06,2.012281863e-06,1.454228651e-05,2.962802443e-05,5.429540791e-05,0.0003912405369,0.0007995568335,0.001469986339
0.095,5.569862509e-07,1.131548681e-06,2.067318964e-06,1.493885367e-05,3.043850263e-05,5.578554009e-05,0.0004019420188,0.0008214988043,0.001510461708
0.096,5.721278957e-07,1.162401665e-06,2.12386662e-06,1.534626842e-05,3.127122341e-05,5.7316704e-05,0.0004129370414,0.0008440447248,0.001552054838
0.097,5.876825027e-07,1.194098746e-06,2.181966427e-06,1.576482831e-05,3.2126799e-05,5.889003275e-05,0.0004242336728,0.0008672112549,0.001594796652
0.098,6.036613692e-07,1.226663091e-06,2.241661129e-06,1.619483909e-05,3.300585855e-05,6.050669089e-05,0.0004358402078,0.0008910155244,0.00163871895
0.099,6.200761024e-07,1.260118506e-06,2.302994651e-06,1.663661489e-05,3.390904854e-05,6.216787514e-05,0.0004477651686,0.0009154751331,0.001683854405
0.1,6.369386281e-07,1.294489453e-06,2.366012131e-06,1.709047851e-05,3.483703334e-05,6.387481538e-05,0.000460017313,0.0009406081697,0.001730236598
0.101,6.542611992e-07,1.329801065e-06,2.430759954e-06,1.75567616e-05,3.579049561e-05,6.562877551e-05,0.0004726056346,0.0009664332118,0.001777900023
0.102,6.720564046e-07,1.36607917e-06,2.497285788e-06,1.803580495e-05,3.677013686e-05,6.743105443e-05,0.0004855393831,0.0009929693677,0.001826880159
0.103,6.903371791e-07,1.403350305e-06,2.565638614e-06,1.852795871e-05,3.777667798e-05,6.928298698e-05,0.0004988280552,0.001020236258,0.001877213435
0.104,7.09116812e-07,1.441641739e-06,2.63586877e-06,1.903358265e-05,3.881085973e-05,7.118594494e-05,0.0005124814154,0.001048254058,0.001928937317
0.105,7.284089576e-07,1.480981492e-06,2.708027982e-06,1.955304647e-05,3.987344337e-05,7.314133809e-05,0.0005265094936,0.001077043492,0.00198209029
0.106,7.482276447e-07,1.521398354e-06,2.782169407e-06,2.008673001e-05,4.096521109e-05,7.515061518e-05,0.0005409225934,0.001106625856,0.002036711899
0.107,7.685872875e-07,1.56292191e-06,2.858347669e-06,2.063502356e-05,4.208696675e-05,7.721526511e-05,0.0005557313112,0.001137023049,0.002092842812
0.108,7.895026954e-07,1.605582558e-06,2.936618904e-06,2.119832816e-05,4.323953636e-05,7.933681795e-05,0.0005709465241,0.001168257553,0.002150524784
0.109,8.109890847e-07,1.649411536e-06,3.017040796e-06,2.177705587e-05,4.442376874e-05,8.151684614e-05,0.0005865794179,0.001200352492,0.002209800761
0.11,8.330620892e-07,1.694440941e-06,3.099672626e-06,2.237163009e-05,4.564053614e-05,8.375696564e-05,0.0006026414798,0.001233331613,0.002270714847
0.111,8.557377719e-07,1.740703752e-06,3.184575311e-06,2.298248586e-05,4.68907349e-05,8.605883711e-05,0.0006191445168,0.001267219328,0.002333312381
0.112,8.79032637e-07,1.788233861e-06,3.271811453e-06,2.361007019e-05,4.81752861e-05,8.842416722e-05,0.0006361006651,0.00130204073,0.002397639974
0.113,9.029636415e-07,1.83706609e-06,3.361445383e-06,2.425484241e-05,4.949513625e-05,9.085470984e-05,0.000653522382,0.001337821579,0.002463745471
0.114,9.275482083e-07,1.887236224e-06,3.45354321e-06,2.491727446e-05,5.085125798e-05,9.335226735e-05,0.0006714224817,0.001374588377,0.002531678097
0.115,9.528042385e-07,1.93878103e-06,3.548172872e-06,2.559785126e-05,5.224465081e-05,9.591869208e-05,0.0006898141256,0.001412368343,0.002601488411
0.116,9.78750125e-07,1.991738291e-06,3.645404184e-06,2.62970711e-05,5.36763418e-05,9.855588754e-05,0.0007087108368,0.001451189451,0.002673228373
0.117,1.005404766e-06,2.046146831e-06,3.745308889e-06,2.701544596e-05,5.514738642e-05,0.00010126581,0.0007281265127,0.001491080446,0.002746951379
0.118,1.032787577e-06,2.102046543e-06,3.847960716e-06,2.775350192e-05,5.665886925e-05,0.0001040504698,0.000748075429,0.001532070862,0.002822712288
0.119,1.06091851e-06,2.15947842e-06,3.953435429e-06,2.85117795e-05,5.821190483e-05,0.0001069119328,0.0007685722612,0.001574191063,0.002900567501
0.12,1.089818062e-06,2.218484585e-06,4.06181089e-06,2.929083415e-05,5.980763846e-05,0.0001098523223,0.0007896320848,0.00161747224,0.002980574955
0.121,1.119507294e-06,2.279108321e-06,4.173167109e-06,3.009123654e-05,6.144724708e-05,0.0001128738202,0.0008112703894,0.001661946446,0.003062794188
0.122,1.150007846e-06,2.341394107e-06,4.287586313e-06,3.09135731e-05,6.31319401e-05,0.0001159786686,0.0008335030919,0.001707646618,0.003147286385
0.123,1.181341952e-06,2.405387644e-06,4.405152997e-06,3.175844636e-05,6.486296035e-05,0.0001191691717,0.0008563465526,0.001754606618,0.003234114438
0.124,1.213532457e-06,2.471135895e-06,4.525953997e-06,3.262647544e-05,6.664158497e-05,0.0001224476978,0.0008798175725,0.001802861218,0.003323342933
0.125,1.246602833e-06,2.538687119e-06,4.650078544e-06,3.35182965e-05,6.846912634e-05,0.0001258166801,0.0009039334196,0.001852446161,0.003415038266
0.126,1.280577198e-06,2.608090903e-06,4.777618342e-06,3.443456319e-05,7.03469331e-05,0.0001292786195,0.0009287118382,0.00190339818,0.003509268654
0.127,1.315480332e-06,2.679398202e-06,4.908667625e-06,3.537594716e-05,7.227639109e-05,0.000132836086,0.0009541710619,0.001955755021,0.003606104208
0.128,1.351337695e-06,2.752661376e-06,5.043323235e-06,3.634313855e-05,7.425892445e-05,0.0001364917205,0.0009803298264,0.002009555475,0.003705616971
0.129,1.388175448e-06,2.82793423e-06,5.181684692e-06,3.733684647e-05,7.629599664e-05,0.0001402482372,0.001007207374,0.002064839382,0.003807880932
0.13,1.426020469e-06,2.90527205e-06,5.323854266e-06,3.835779954e-05,7.838911147e-05,0.000144108425,0.001034823482,0.002121647695,0.003912972143
0.131,1.464900378e-06,2.984731648e-06,5.469937054e-06,3.940674645e-05,8.053981432e-05,0.0001480751502,0.001063198482,0.002180022517,0.004020968789
0.132,1.50484355e-06,3.066371403e-06,5.62004106e-06,4.048445649e-05,8.274969322e-05,0.0001521513581,0.00109235325,0.002240007079,0.004131951148
0.133,1.545879142e-06,3.150251303e-06,5.774277273e-06,4.159172009e-05,8.502038e-05,0.0001563400755,0.00112230924,0.002301645813,0.004246001719
0.134,1.588037112e-06,3.236432991e-06,5.93275975e-06,4.272934946e-05,8.735355159e-05,0.0001606444128,0.001153088501,0.002364984391,0.004363205297
0.135,1.631348241e-06,3.324979809e-06,6.095605703e-06,4.389817913e-05,8.975093117e-05,0.0001650675664,0.00118471368,0.002430069717,0.004483648967
0.136,1.675844156e-06,3.415956846e-06,6.262935582e-06,4.509906662e-05,9.221428949e-05,0.0001696128208,0.001217208059,0.002496950023,0.004607422262
0.137,1.721557353e-06,3.509430987e-06,6.434873169e-06,4.633289302e-05,9.474544619e-05,0.0001742835517,0.001250595549,0.002565674839,0.004734617126
0.138,1.768521223e-06,3.60547096e-06,6.611545666e-06,4.760056368e-05,9.734627112e-05,0.0001790832274,0.001284900715,0.002636295056,0.004865328017
0.139,1.816770072e-06,3.704147392e-06,6.793083792e-06,4.890300884e-05,0.0001000186857,0.0001840154124,0.001320148817,0.002708863009,0.004999652061
0.14,1.86633915e-06,3.805532853e-06,6.97962188e-06,5.024118435e-05,0.0001027646644,0.0001890837694,0.001356365785,0.002783432422,0.005137688962
0.141,1.917264678e-06,3.909701917e-06,7.171297975e-06,5.161607233e-05,0.0001055862363,0.0001942920624,0.001393578281,0.002860058538,0.005279541218
0.142,1.969583869e-06,4.016731217e-06,7.368253938e-06,5.302868196e-05,0.0001084854862,0.000199644159,0.001431813681,0.002938798084,0.005425314083
0.143,2.023334961e-06,4.126699496e-06,7.570635551e-06,5.448005012e-05,0.0001114645565,0.0002051440338,0.001471100128,0.003019709377,0.005575115739
0.144,2.078557243e-06,4.23968767e-06,7.778592625e-06,5.597124228e-05,0.000114525649,0.0002107957708,0.00151146654,0.003102852342,0.005729057339
0.145,2.135291085e-06,4.355778888e-06,7.992279111e-06,5.750335317e-05,0.0001176710258,0.0002166035668,0.001552942607,0.003188288512,0.005887253006
0.146,2.193577964e-06,4.475058591e-06,8.211853215e-06,5.907750765e-05,0.0001209030117,0.0002225717343,0.001595558857,0.00327608115,0.00604982005
0.147,2.253460499e-06,4.597614577e-06,8.437477513e-06,6.069486149e-05,0.0001242239954,0.0002287047045,0.001639346646,0.003366295244,0.006216878967
0.148,2.314982482e-06,4.723537065e-06,8.669319074e-06,6.235660229e-05,0.0001276364318,0.0002350070311,0.001684338198,0.003458997581,0.006388553563
0.149,2.378188906e-06,4.852918764e-06,8.907549585e-06,6.406395027e-05,0.0001311428431,0.000241483393,0.0017305666,0.003554256738,0.006564970949
0.15,2.443126002e-06,4.985854939e-06,9.152345473e-06,6.581815921e-05,0.0001347458212,0.0002481385979,0.001778065877,0.003652143241,0.006746261814
0.151,2.509841274e-06,5.122443483e-06,9.403888041e-06,6.762051739e-05,0.0001384480297,0.0002549775862,0.001826870965,0.0037527295,0.006932560328
0.152,2.578383528e-06,5.262784987e-06,9.662363597e-06,6.947234848e-05,0.0001422522052,0.0002620054341,0.00187701776,0.003856089923,0.007124004328
0.153,2.648802915e-06,5.406982819e-06,9.927963599e-06,7.137501255e-05,0.00014616116,0.0002692273576,0.001928543161,0.003962300999,0.007320735467
0.154,2.721150963e-06,5.555143196e-06,1.020088479e-05,7.332990708e-05,0.0001501777838,0.0002766487163,0.001981485042,0.004071441228,0.007522899116
0.155,2.795480617e-06,5.707375265e-06,1.048132934e-05,7.533846789e-05,0.0001543050459,0.000284275017,0.002035882355,0.004183591356,0.007730644756
0.156,2.871846278e-06,5.863791183e-06,1.076950502e-05,7.740217038e-05,0.0001585459977,0.0002921119181,0.002091775098,0.004298834302,0.007944125846
0.157,2.950303843e-06,6.024506201e-06,1.106562532e-05,7.952253038e-05,0.0001629037741,0.0003001652334,0.002149204355,0.004417255218,0.008163499968
0.158,3.030910744e-06,6.189638746e-06,1.136990962e-05,8.170110546e-05,0.0001673815969,0.0003084409368,0.00220821235,0.00453894164,0.00838892904
0.159,3.113725992e-06,6.359310512e-06,1.168258336e-05,8.393949592e-05,0.0001719827761,0.0003169451658,0.002268842469,0.004663983497,0.008620579386
0.16,3.198810222e-06,6.53364655e-06,1.200387822e-05,8.623934608e-05,0.0001767107134,0.0003256842267,0.002331139272,0.004792473162,0.008858621802
0.161,3.286225733e-06,6.712775356e-06,1.233403225e-05,8.860234541e-05,0.0001815689036,0.000334664599,0.002395148522,0.004924505493,0.009103231608
0.162,3.37603654e-06,6.896828971e-06,1.267329008e-05,9.103022976e-05,0.0001865609381,0.0003438929397,0.002460917272,0.00506017802,0.009354589029
0.163,3.468308415e-06,7.085943075e-06,1.302190307e-05,9.35247827e-05,0.0001916905067,0.0003533760885,0.002528493846,0.005199590915,0.009612879105
0.164,3.563108939e-06,7.280257092e-06,1.338012953e-05,9.608783674e-05,0.0001969614013,0.0003631210726,0.002597927849,0.005342846991,0.009878291689
0.165,3.660507549e-06,7.479914284e-06,1.374823489e-05,9.872127469e-05,0.0002023775173,0.0003731351116,0.002669270313,0.005490052022,0.01015102205
0.166,3.760575594e-06,7.685061867e-06,1.412649191e-05,0.0001014270311,0.0002079428581,0.0003834256233,0.002742573607,0.005641314549,0.01043127046
0.167,3.86338638e-06,7.895851111e-06,1.451518084e-05,0.0001042070936,0.0002136615364,0.0003940002277,0.002817891546,0.005796746102,0.01071924267
0.168,3.96901523e-06,8.112437459e-06,1.491458967e-05,0.0001070635044,0.0002195377785,0.0004048667542,0.002895279423,0.005956461276,0.01101514998
0.169,4.077539537e-06,8.334980636e-06,1.532501433e-05,0.0001099983615,0.0002255759264,0.0004160332457,0.002974794023,0.006120577744,0.01131920929
0.17,4.18903882e-06,8.563644767e-06,1.57467589e-05,0.0001130138209,0.0002317804417,0.000427507965,0.003056493692,0.006289216413,0.01163164335
0.171,4.303594784e-06,8.798598502e-06,1.618013583e-05,0.0001161120974,0.0002381559084,0.0004392994008,0.003140438348,0.006462501437,0.01195268081
0.172,4.421291378e-06,9.040015136e-06,1.662546618e-05,0.0001192954667,0.0002447070363,0.0004514162734,0.003226689578,0.006640560418,0.01228255655
0.173,4.54221486e-06,9.28807274e-06,1.708307984e-05,0.0001225662667,0.0002514386646,0.000463867541,0.003315310607,0.006823524348,0.0126215116
0.174,4.666453855e-06,9.542954288e-06,1.755331579e-05,0.0001259268996,0.0002583557652,0.0004766624062,0.003406366362,0.007011527731,0.01296979332
0.175,4.794099425e-06,9.804847795e-06,1.803652233e-05,0.0001293798334,0.0002654634464,0.000489810322,0.00349992363,0.007204708906,0.01332765597
0.176,4.925245133e-06,1.007394646e-05,1.853305735e-05,0.0001329276038,0.0002727669567,0.0005033209994,0.003596050913,0.007403209767,0.01369536024
0.177,5.059987112e-06,1.035044878e-05,1.904328857e-05,0.0001365728156,0.0002802716881,0.000517204413,0.003694818598,0.00760717608,0.01407317378
0.178,5.198424136e-06,1.063455875e-05,1.956759383e-05,0.0001403181454,0.000287983181,0.0005314708091,0.003796299033,0.007816757667,0.01446137153
0.179,5.340657692e-06,1.092648596e-05,2.010636136e-05,0.0001441663429,0.0002959071269,0.0005461307122,0.003900566475,0.008032108287,0.01486023548
0.18,5.486792052e-06,1.122644577e-05,2.065999003e-05,0.000148120233,0.0003040493737,0.0005611949328,0.004007697205,0.00825338586,0.01527005511
0.181,5.636934355e-06,1.153465947e-05,2.122888969e-05,0.0001521827181,0.0003124159288,0.0005766745742,0.0041177696,0.008480752632,0.01569112758
0.182,5.79119468e-06,1.185135445e-05,2.181348145e-05,0.0001563567798,0.0003210129647,0.0005925810414,0.004230864123,0.008714375143,0.01612375779
0.183,5.949686127e-06,1.217676434e-05,2.241419795e-05,0.0001606454815,0.0003298468219,0.0006089260476,0.004347063421,0.008954424434,0.01656825861
0.184,6.112524904e-06,1.251112921e-05,2.303148373e-05,0.0001650519701,0.0003389240149,0.0006257216235,0.00446645244,0.009201076258,0.01702495134
0.185,6.279830406e-06,1.285469571e-05,2.36657955e-05,0.0001695794789,0.0003482512358,0.0006429801249,0.004589118306,0.009454510873,0.01749416527
0.186,6.451725308e-06,1.320771731e-05,2.431760251e-05,0.0001742313291,0.0003578353598,0.0006607142414,0.00471515059,0.00971491355,0.01797623857
0.187,6.628335648e-06,1.357045442e-05,2.498738686e-05,0.0001790109331,0.0003676834496,0.0006789370051,0.004844641268,0.009982474491,0.01847151819
0.188,6.809790926e-06,1.394317461e-05,2.567564386e-05,0.0001839217962,0.0003778027605,0.0006976617994,0.004977684747,0.01025738891,0.01898035988
0.189,6.996224193e-06,1.432615283e-05,2.638288238e-05,0.0001889675195,0.000388200746,0.0007169023683,0.00511437805,0.01053985737,0.01950312888
0.19,7.187772151e-06,1.471967155e-05,2.710962523e-05,0.0001941518024,0.0003988850625,0.0007366728255,0.005254820759,0.0108300857,0.02004019966
0.191,7.38457525e-06,1.512402102e-05,2.785640949e-05,0.0001994784452,0.000409863575,0.0007569876639,0.005399115149,0.01112828522,0.02059195638
0.192,7.586777794e-06,1.553949945e-05,2.862378697e-05,0.0002049513519,0.0004211443629,0.000777861766,0.005547366262,0.01143467294,0.02115879314
0.193,7.794528044e-06,1.596641326e-05,2.941232453e-05,0.0002105745329,0.0004327357252,0.0007993104127,0.005699681937,0.01174947158,0.02174111407
0.194,8.007978324e-06,1.640507727e-05,3.022260454e-05,0.0002163521079,0.0004446461866,0.0008213492948,0.005856172916,0.01207290981,0.02233933361
0.195,8.227285134e-06,1.685581492e-05,3.105522523e-05,0.0002222883087,0.0004568845036,0.0008439945223,0.006016952938,0.01240522241,0.02295387693
0.196,8.452609264e-06,1.731895855e-05,3.19108012e-05,0.0002283874827,0.0004694596705,0.0008672626363,0.006182138747,0.01274665031,0.02358517981
0.197,8.684115911e-06,1.779484962e-05,3.278996379e-05,0.0002346540951,0.0004823809257,0.0008911706186,0.006351850215,0.01309744081,0.02423368911
0.198,8.921974795e-06,1.828383893e-05,3.369336154e-05,0.000241092733,0.0004956577583,0.000915735904,0.006526210449,0.01345784781,0.02489986305
0.199,9.166360288e-06,1.878628691e-05,3.462166066e-05,0.0002477081081,0.0005092999144,0.0009409763908,0.006705345824,0.01382813185,0.02558417136
0.2,9.417451535e-06,1.930256387e-05,3.557554551e-05,0.00025450506,0.0005233174043,0.0009669104532,0.006889386089,0.01420856038,0.02628709556
0.201,9.675432589e-06,1.983305025e-05,3.655571904e-05,0.00026148856,0.0005377205089,0.000993556953,0.00707846445,0.01459940784,0.02700912918
0.202,9.940492538e-06,2.037813694e-05,3.756290334e-05,0.0002686637142,0.0005525197876,0.001020935251,0.007272717629,0.0150009558,0.02775077795
0.203,1.021282565e-05,2.09382255e-05,3.859784009e-05,0.0002760357674,0.0005677260845,0.001049065221,0.007472286064,0.01541349343,0.02851256049
0.204,1.04926315e-05,2.151372849e-05,3.966129113e-05,0.0002836101065,0.0005833505373,0.001077967262,0.007677313813,0.01583731718,0.02929500779
0.205,1.078011513e-05,2.210506977e-05,4.075403895e-05,0.0002913922645,0.0005994045832,0.001107662308,0.007887948843,0.01627273143,0.03009866429
0.206,1.107548719e-05,2.271268477e-05,4.187688724e-05,0.0002993879244,0.0006158999686,0.001138171848,0.008104343013,0.01672004846,0.03092408768
0.207,1.137896409e-05,2.333702083e-05,4.303066148e-05,0.0003076029226,0.0006328487554,0.001169517931,0.008326652145,0.01717958852,0.03177184905
0.208,1.169076815e-05,2.397853754e-05,4.421620949e-05,0.0003160432541,0.0006502633305,0.001201723188,0.008555036236,0.01765168031,0.03264253362
0.209,1.201112776e-05,2.463770699e-05,4.543440199e-05,0.0003247150753,0.0006681564132,0.001234810841,0.008789659533,0.01813666109,0.03353674089
0.21,1.234027757e-05,2.531501422e-05,4.668613324e-05,0.0003336247095,0.0006865410652,0.001268804717,0.009030690519,0.01863487663,0.03445508448
0.211,1.267845862e-05,2.601095745e-05,4.797232164e-05,0.0003427786504,0.0007054306973,0.001303729266,0.009278302072,0.01914668156,0.03539819258
0.212,1.302591853e-05,2.672604852e-05,4.929391035e-05,0.0003521835669,0.0007248390804,0.001339609573,0.009532671857,0.01967244011,0.03636670929
0.213,1.338291169e-05,2.746081323e-05,5.065186794e-05,0.000361846308,0.000744780354,0.001376471375,0.009793981904,0.02021252525,0.0373612929
0.214,1.374969943e-05,2.82157917e-05,5.204718906e-05,0.0003717739069,0.0007652690351,0.001414341074,0.01006241907,0.02076731963,0.03838261752
0.215,1.412655019e-05,2.899153874e-05,5.348089508e-05,0.0003819735863,0.0007863200283,0.001453245756,0.01033817526,0.02133721599,0.03943137365
0.216,1.451373976e-05,2.978862429e-05,5.495403481e-05,0.0003924527632,0.0008079486363,0.001493213203,0.01062144724,0.02192261675,0.04050826737
0.217,1.491155142e-05,3.060763378e-05,5.646768523e-05,0.0004032190539,0.0008301705686,0.001534271912,0.01091243682,0.02252393438,0.04161402091
0.218,1.532027618e-05,3.144916857e-05,5.802295213e-05,0.0004142802791,0.0008530019529,0.001576451113,0.01121135123,0.02314159214,0.04274937369
0.219,1.574021297e-05,3.231384635e-05,5.962097093e-05,0.0004256444694,0.0008764593453,0.00161978078,0.01151840304,0.02377602392,0.04391508206
0.22,1.617166885e-05,3.320230159e-05,6.126290742e-05,0.0004373198708,0.0009005597414,0.001664291655,0.01183381012,0.02442767404,0.04511191872
0.221,1.661495926e-05,3.411518598e-05,6.294995848e-05,0.0004493149499,0.000925320586,0.001710015259,0.01215779618,0.02509699845,0.04634067469
0.222,1.707040821e-05,3.505316887e-05,6.468335294e-05,0.0004616384,0.0009507597866,0.001756983915,0.01249059071,0.02578446443,0.04760215865
0.223,1.753834849e-05,3.601693779e-05,6.646435236e-05,0.0004742991465,0.0009768957229,0.001805230763,0.01283242883,0.02649055043,0.04889719643
0.224,1.801912198e-05,3.700719885e-05,6.829425185e-05,0.0004873063533,0.001003747259,0.001854789776,0.01318355198,0.02721574725,0.05022663298
0.225,1.851307982e-05,3.802467729e-05,7.01743809e-05,0.0005006694286,0.001031333756,0.001905695785,0.01354420763,0.02796055759,0.05159133136
0.226,1.902058268e-05,3.907011797e-05,7.21061043e-05,0.0005143980313,0.001059675085,0.001957984489,0.01391464956,0.0287254964,0.05299217311
0.227,1.954200103e-05,4.014428586e-05,7.409082297e-05,0.0005285020773,0.001088791636,0.002011692481,0.01429513805,0.02951109146,0.05443005911
0.228,2.007771537e-05,4.124796661e-05,7.612997485e-05,0.000542991746,0.001118704335,0.002066857264,0.01468594002,0.03031788332,0.05590590924
0.229,2.062811654e-05,4.238196706e-05,7.822503589e-05,0.0005578774871,0.001149434654,0.002123517269,0.01508732897,0.03114642543,0.05742066235
0.23,2.119360594e-05,4.35471158e-05,8.037752092e-05,0.0005731700272,0.001181004626,0.002181711878,0.01549958552,0.03199728497,0.05897527753
0.231,2.177459586e-05,4.474426373e-05,8.258898462e-05,0.0005888803773,0.001213436858,0.00224148144,0.01592299723,0.03287104256,0.06057073322
0.232,2.237150973e-05,4.597428466e-05,8.486102255e-05,0.0006050198391,0.001246754544,0.002302867293,0.01635785888,0.03376829273,0.0622080279
0.233,2.298478244e-05,4.723807589e-05,8.719527208e-05,0.0006216000132,0.001280981479,0.002365911784,0.01680447267,0.03468964422,0.06388818018
0.234,2.361486063e-05,4.853655883e-05,8.959341344e-05,0.0006386328058,0.001316142075,0.002430658288,0.01726314822,0.03563572004,0.06561222875
0.235,2.4262203e-05,4.987067961e-05,9.205717078e-05,0.0006561304369,0.001352261375,0.002497151229,0.017734203,0.03660715812,0.06738123307
0.236,2.492728062e-05,5.124140971e-05,9.45883132e-05,0.0006741054475,0.001389365065,0.002565436101,0.01821796224,0.03760461115,0.06919627279
0.237,2.56105773e-05,5.264974664e-05,9.718865581e-05,0.0006925707081,0.001427479493,0.002635559488,0.01871475917,0.03862874707,0.0710584483
0.238,2.631258986e-05,5.40967146e-05,9.98600609e-05,0.0007115394264,0.001466631683,0.002707569085,0.01922493525,0.03968024926,0.07296888058
0.239,2.703382849e-05,5.558336516e-05,0.000102604439,0.0007310251558,0.001506849348,0.002781513718,0.01974884038,0.04075981705,0.07492871179
0.24,2.777481714e-05,5.711077793e-05,0.00010542375,0.0007510418039,0.001548160912,0.002857443365,0.02028683273,0.04186816522,0.07693910393
0.241,2.853609382e-05,5.868006132e-05,0.0001083200044,0.0007716036404,0.001590595518,0.002935409176,0.02083927956,0.04300602557,0.0790012412
0.242,2.931821102e-05,6.029235326e-05,0.0001112952645,0.0007927253074,0.001634183052,0.003015463499,0.02140655663,0.04417414565,0.08111632725
0.243,3.012173605e-05,6.194882194e-05,0.0001143516454,0.0008144218264,0.001678954153,0.003097659891,0.02198904895,0.04537329018,0.08328558719
0.244,3.094725143e-05,6.365066655e-05,0.0001174913166,0.0008367086094,0.001724940236,0.003182053149,0.02258715078,0.04660424082,0.0855102668
0.245,3.179535529e-05,6.539911813e-05,0.0001207165027,0.0008596014666,0.001772173504,0.003268699322,0.02320126555,0.04786779618,0.08779163178
0.246,3.266666179e-05,6.719544029e-05,0.0001240294853,0.000883116617,0.00182068697,0.003357655739,0.0238318067,0.04916477303,0.09013096967
0.247,3.35618015e-05,6.904093007e-05,0.0001274326038,0.0009072706974,0.001870514471,0.003448981023,0.02447919687,0.05049600484,0.09252958626
0.248,3.448142184e-05,7.093691879e-05,0.0001309282569,0.0009320807724,0.001921690684,0.003542735115,0.02514386906,0.05186234381,0.0949888089
0.249,3.542618753e-05,7.288477285e-05,0.000134518904,0.0009575643449,0.001974251153,0.003638979294,0.02582626632,0.05326466017,0.0975099846
0.25,3.639678101e-05,7.488589464e-05,0.0001382070664,0.0009837393656,0.002028232295,0.003737776193,0.02652684177,0.05470384207,0.1000944789
0.251,3.739390288e-05,7.694172343e-05,0.0001419953286,0.001010624244,0.00208367143,0.003839189822,0.02724605914,0.05618079652,0.1027436771
0.252,3.84182724e-05,7.905373623e-05,0.0001458863401,0.001038237857,0.00214060679,0.003943285585,0.0279843929,0.05769644941,0.1054589835
0.253,3.947062795e-05,8.122344879e-05,0.0001498828161,0.001066599564,0.002199077545,0.004050130301,0.02874232825,0.05925174542,0.1082418204
0.254,4.055172751e-05,8.345241648e-05,0.0001539875397,0.001095729214,0.002259123818,0.004159792218,0.02952036116,0.06084764789,0.1110936271
0.255,4.166234914e-05,8.574223529e-05,0.0001582033628,0.001125647156,0.002320786706,0.004272341033,0.03031899917,0.06248514021,0.1140158618
0.256,4.280329153e-05,8.809454279e-05,0.0001625332078,0.001156374255,0.002384108298,0.00438784791,0.03113876093,0.06416522463,0.1170099981
0.257,4.397537449e-05,9.051101914e-05,0.0001669800689,0.001187931897,0.002449131695,0.004506385494,0.03198017648,0.06588892276,0.1200775254
0.258,4.517943948e-05,9.299338814e-05,0.0001715470137,0.001220342008,0.002515901031,0.004628027928,0.03284378778,0.06765727636,0.1232199493
0.259,4.641635015e-05,9.554341823e-05,0.0001762371849,0.001253627057,0.002584461489,0.004752850866,0.03373014847,0.0694713465,0.1264387892
0.26,4.768699291e-05,9.816292357e-05,0.0001810538013,0.001287810077,0.002654859325,0.00488093149,0.03463982412,0.07133221402,0.1297355777
0.261,4.899227749e-05,0.0001008537651,0.00018600016,0.001322914671,0.002727141885,0.005012348521,0.03557339256,0.07324097973,0.1331118606
0.262,5.03331375e-05,0.0001036178517,0.0001910796372,0.001358965025,0.002801357626,0.00514718223,0.03653144381,0.07519876421,0.1365691949
0.263,5.171053104e-05,0.0001064571413,0.0001962956906,0.001395985922,0.002877556135,0.005285514451,0.03751458046,0.07720670807,0.1401091483
0.264,5.312544131e-05,0.0001093736418,0.0002016518601,0.001434002754,0.002955788151,0.005427428593,0.03852341731,0.07926597113,0.1437332968
0.265,5.457887719e-05,0.0001123694127,0.00020715177,0.001473041534,0.003036105579,0.005573009639,0.03955858241,0.08137773407,0.1474432262
0.266,5.60718739e-05,0.0001154465658,0.0002127991305,0.00151312891,0.003118561521,0.005722344169,0.04062071605,0.08354319612,0.1512405269
0.267,5.760549363e-05,0.0001186072667,0.0002185977389,0.001554292175,0.00320321028,0.005875520349,0.04171047167,0.08576357655,0.1551267949
0.268,5.918082619e-05,0.0001218537358,0.0002245514817,0.001596559284,0.003290107395,0.006032627949,0.042828516,0.08804011454,0.1591036312
0.269,6.079898968e-05,0.0001251882498,0.0002306643357,0.001639958864,0.003379309649,0.006193758335,0.0439755285,0.09037406789,0.1631726369
0.27,6.246113118e-05,0.0001286131428,0.0002369403702,0.001684520229,0.003470875097,0.006359004479,0.04515220197,0.09276671355,0.1673354138
0.271,6.41684274e-05,0.0001321308075,0.0002433837481,0.001730273392,0.003564863075,0.006528460952,0.04635924246,0.09521934718,0.1715935619
0.272,6.592208546e-05,0.0001357436967,0.0002499987276,0.001777249078,0.003661334227,0.006702223925,0.04759736964,0.09773328368,0.1759486783
0.273,6.772334354e-05,0.0001394543243,0.000256789664,0.001825478739,0.003760350522,0.006880391161,0.04886731621,0.1003098552,0.180402353
0.274,6.957347165e-05,0.0001432652672,0.0002637610111,0.001874994567,0.003861975268,0.00706306201,0.05016982834,0.1029504118,0.1849561684
0.275,7.147377237e-05,0.0001471791659,0.0002709173229,0.001925829505,0.003966273132,0.007250337401,0.05150566588,0.1056563214,0.189611697
0.276,7.342558159e-05,0.0001511987265,0.0002782632549,0.001978017266,0.004073310158,0.007442319827,0.05287560186,0.1084289682,0.1943704978
0.277,7.543026933e-05,0.0001553267217,0.0002858035662,0.002031592339,0.004183153782,0.007639113333,0.05428042282,0.1112697527,0.1992341144
0.278,7.748924046e-05,0.0001595659925,0.0002935431205,0.002086590008,0.00429587285,0.007840823501,0.05572092883,0.1141800919,0.2042040735
0.279,7.960393557e-05,0.0001639194493,0.0003014868878,0.002143046364,0.00441153763,0.008047557426,0.05719793299,0.1171614165,0.2092818791
0.28,8.177583171e-05,0.0001683900736,0.0003096399461,0.002200998317,0.004530219828,0.008259423699,0.058712262,0.1202151729,0.2144690127
0.281,8.40064433e-05,0.0001729809191,0.0003180074826,0.002260483611,0.004651992607,0.008476532376,0.06026475539,0.1233428201,0.219766928
0.282,8.62973229e-05,0.0001776951138,0.0003265947954,0.002321540835,0.004776930591,0.008698994953,0.06185626581,0.1265458297,0.2251770484
0.283,8.865006209e-05,0.0001825358607,0.0003354072948,0.002384209438,0.004905109883,0.008926924334,0.06348765906,0.1298256863,0.230700765
0.284,9.106629234e-05,0.0001875064399,0.0003444505045,0.002448529741,0.005036608078,0.009160434795,0.06515981323,0.1331838838,0.2363394305
0.285,9.354768587e-05,0.0001926102096,0.0003537300633,0.00251454295,0.005171504267,0.009399641944,0.06687361912,0.1366219265,0.2420943575
0.286,9.609595656e-05,0.0001978506079,0.0003632517262,0.002582291166,0.005309879051,0.009644662681,0.06862997945,0.1401413267,0.2479668131
0.287,9.871286086e-05,0.0002032311545,0.0003730213658,0.0026518174,0.005451814547,0.009895615148,0.0704298096,0.1437436051,0.2539580186
0.288,0.0001014001987,0.0002087554518,0.0003830449735,0.002723165585,0.005597394396,0.01015261868,0.07227403617,0.1474302878,0.2600691412
0.289,0.0001041598143,0.0002144271865,0.0003933286604,0.002796380585,0.005746703767,0.01041579377,0.07416359663,0.1512029043,0.2663012902
0.29,0.0001069935974,0.0002202501314,0.0004038786587,0.002871508207,0.005899829361,0.01068526195,0.07609944017,0.1550629887,0.2726555167
0.291,0.0001099034838,0.0002262281467,0.0004147013228,0.002948595214,0.006056859413,0.01096114581,0.07808252617,0.1590120762,0.2791328057
0.292,0.0001128914568,0.0002323651816,0.0004258031301,0.003027689331,0.006217883693,0.01124356888,0.08011382425,0.1630517018,0.2857340731
0.293,0.0001159595477,0.0002386652759,0.0004371906818,0.00310883926,0.006382993506,0.01153265556,0.08219431269,0.1671833968,0.2924601568
0.294,0.0001191098372,0.0002451325614,0.0004488707041,0.003192094683,0.006552281685,0.01182853104,0.08432497991,0.1714086911,0.2993118207
0.295,0.0001223444558,0.0002517712635,0.0004608500488,0.003277506279,0.006725842594,0.01213132127,0.08650682249,0.1757291077,0.3062897433
0.296,0.0001256655857,0.0002585857028,0.0004731356938,0.003365125722,0.006903772112,0.0124411528,0.08874084355,0.1801461596,0.3133945098
0.297,0.0001290754608,0.0002655802964,0.0004857347439,0.003455005697,0.007086167626,0.01275815273,0.0910280548,0.1846613524,0.3206266178
0.298,0.0001325763684,0.0002727595596,0.0004986544312,0.003547199901,0.007273128025,0.01308244861,0.09336947273,0.1892761763,0.32798646
0.299,0.0001361706502,0.0002801281075,0.0005119021157,0.003641763053,0.007464753679,0.01341416831,0.09576612066,0.1939921091,0.3354743301
0.3,0.0001398607028,0.000287690656,0.0005254852852,0.003738750895,0.00766114643,0.01375343999,0.09821902503,0.198810608,0.3430904073
0.301,0.0001436489791,0.0002954520238,0.0005394115557,0.003838220199,0.007862409561,0.01410039187,0.1007292164,0.2037331109,0.3508347578
0.302,0.0001475379896,0.0003034171335,0.0005536886717,0.003940228768,0.008068647789,0.01445515223,0.1032977281,0.2087610333,0.3587073284
0.303,0.0001515303027,0.0003115910131,0.0005683245057,0.004044835439,0.008279967227,0.0148178492,0.1059255938,0.2138957617,0.3667079368
0.304,0.0001556285464,0.0003199787975,0.0005833270583,0.004152100085,0.008496475364,0.01518861067,0.1086138494,0.2191386572,0.3748362753
0.305,0.0001598354092,0.0003285857296,0.0005987044577,0.004262083612,0.008718281034,0.01556756416,0.1113635272,0.2244910439,0.3830918922
0.306,0.0001641536406,0.0003374171621,0.0006144649596,0.004374847957,0.008945494375,0.01595483667,0.114175659,0.2299542123,0.3914741987
0.307,0.000168586053,0.0003464785581,0.0006306169462,0.00449045609,0.009178226799,0.01635055452,0.1170512724,0.2355294135,0.3999824579
0.308,0.000173135522,0.0003557754929,0.0006471689256,0.004608972003,0.009416590944,0.01675484325,0.1199913888,0.2412178536,0.4086157766
0.309,0.0001778049879,0.0003653136551,0.0006641295312,0.004730460707,0.009660700634,0.0171678274,0.122997025,0.2470206955,0.4173731115
0.31,0.0001825974564,0.0003750988477,0.0006815075201,0.004854988227,0.009910670832,0.01758963039,0.1260691863,0.2529390464,0.4262532458
0.311,0.0001875159996,0.000385136989,0.0006993117723,0.004982621585,0.01016661758,0.01802037435,0.1292088694,0.2589739613,0.4352547997
0.312,0.0001925637575,0.000395434114,0.0007175512893,0.0051134288,0.01042865794,0.01846017993,0.1324170601,0.2651264396,0.4443762261
0.313,0.0001977439382,0.0004059963754,0.0007362351924,0.005247478863,0.01069690995,0.01890916616,0.1356947271,0.271397411,0.4536157877
0.314,0.0002030598195,0.0004168300441,0.0007553727209,0.005384841729,0.01097149254,0.01936745023,0.1390428246,0.2777877411,0.4629715721
0.315,0.0002085147495,0.0004279415106,0.0007749732306,0.005525588299,0.01125252547,0.01983514732,0.1424622893,0.2842982256,0.4724414822
0.316,0.0002141121479,0.0004393372853,0.000795046191,0.005669790399,0.01154012927,0.02031237045,0.1459540356,0.2909295801,0.4820232238
0.317,0.0002198555064,0.0004510239998,0.0008156011837,0.005817520758,0.01183442512,0.0207992302,0.1495189556,0.2976824402,0.4917143123
0.318,0.00022574839,0.0004630084068,0.0008366478996,0.005968852987,0.01213553483,0.0212958346,0.1531579166,0.3045573569,0.5015120639
0.319,0.0002317944378,0.0004752973815,0.0008581961362,0.006123861548,0.01244358067,0.0218022889,0.1568717556,0.3115547864,0.5114135879
0.32,0.0002379973636,0.0004878979211,0.0008802557948,0.006282621724,0.01275868535,0.02231869532,0.1606612821,0.3186750948,0.5214158003
0.321,0.0002443609571,0.0005008171461,0.0009028368773,0.006445209595,0.01308097189,0.02284515294,0.1645272696,0.3259185432,0.5315154008
0.322,0.0002508890843,0.0005140622999,0.000925949483,0.006611701992,0.01341056352,0.02338175739,0.1684704541,0.3332852847,0.5417088767
0.323,0.0002575856885,0.0005276407493,0.0009496038051,0.006782176464,0.01374758356,0.02392860072,0.1724915356,0.3407753687,0.5519925181
0.324,0.0002644547907,0.0005415599843,0.0009738101269,0.006956711242,0.01409215533,0.02448577115,0.1765911674,0.3483887207,0.5623623891
0.325,0.0002715004907,0.0005558276183,0.0009985788179,0.00713538518,0.01444440201,0.02505335284,0.1807699584,0.3561251476,0.5728143451
0.326,0.0002787269672,0.0005704513876,0.00102392033,0.007318277725,0.01480444653,0.02563142573,0.185028468,0.3639843303,0.5833440308
0.327,0.000286138479,0.0005854391515,0.001049845192,0.007505468851,0.01517241143,0.02622006526,0.1893672009,0.3719658147,0.5939468717
0.328,0.0002937393646,0.0006007988913,0.001076364006,0.007697039012,0.01554841872,0.02681934224,0.1937866075,0.3800690139,0.6046180882
0.329,0.0003015340436,0.0006165387102,0.001103487444,0.00789306908,0.01593258977,0.02742932255,0.1982870752,0.3882931935,0.6153526819
0.33,0.0003095270165,0.0006326668322,0.001131226239,0.008093640283,0.01632504512,0.02805006697,0.2028689269,0.3966374726,0.6261454465
0.331,0.0003177228651,0.0006491916017,0.001159591184,0.008298834139,0.01672590438,0.028681631,0.2075324182,0.405100819,0.6369909714
0.332,0.0003261262529,0.0006661214818,0.001188593125,0.008508732385,0.01713528604,0.02932406461,0.2122777318,0.413682043,0.6478836434
0.333,0.0003347419253,0.0006834650537,0.001218242952,0.008723416903,0.01755330729,0.02997741205,0.2171049715,0.4223797877,0.6588176414
0.334,0.0003435747094,0.0007012310149,0.001248551599,0.008942969636,0.01798008393,0.03064171164,0.2220141611,0.4311925318,0.6697869545
0.335,0.0003526295146,0.0007194281781,0.001279530036,0.009167472512,0.01841573011,0.03131699564,0.2270052401,0.4401185841,0.6807853858
0.336,0.0003619113318,0.0007380654691,0.001311189261,0.009397007351,0.01886035822,0.03200328997,0.2320780531,0.4491560688,0.6918065395
0.337,0.0003714252338,0.0007571519253,0.001343540293,0.00963165577,0.01931407869,0.03270061409,0.2372323534,0.458302935,0.7028438534
0.338,0.000381176375,0.0007766966934,0.00137659417,0.009871499093,0.01977699978,0.0334089808,0.2424677936,0.4675569457,0.7138905914
0.339,0.0003911699906,0.0007967090271,0.001410361938,0.01011661824,0.02024922746,0.03412839609,0.2477839208,0.4769156728,0.7249398514
0.34,0.0004014113969,0.000817198285,0.001444854645,0.01036709363,0.02073086514,0.03485885898,0.2531801727,0.4863764956,0.7359845774
0.341,0.0004119059899,0.0008381739276,0.001480083335,0.01062300506,0.02122201353,0.03560036132,0.2586558731,0.4959365993,0.7470175699
0.342,0.0004226592454,0.0008596455149,0.001516059042,0.01088443158,0.02172277041,0.03635288775,0.2642102244,0.5055929653,0.7580314858
0.343,0.0004336767175,0.0008816227029,0.001552792778,0.0111514514,0.02223323045,0.03711641544,0.2698423073,0.5153423793,0.7690188691
0.344,0.0004449640384,0.0009041152407,0.00159029553,0.01142414174,0.02275348502,0.0378909141,0.2755510703,0.525181418,0.779972139
0.345,0.0004565269165,0.0009271329671,0.001628578251,0.01170257869,0.02328362193,0.03867634578,0.2813353264,0.5351064508,0.7908836108
0.346,0.0004683711362,0.0009506858067,0.001667651851,0.0119868371,0.02382372529,0.0394726648,0.2871937528,0.5451136479,0.8017455242
0.347,0.0004805025557,0.0009747837666,0.001707527192,0.01227699042,0.02437387524,0.04027981768,0.2931248764,0.5551989595,0.8125500214
0.348,0.000492927106,0.0009994369315,0.001748215077,0.01257311053,0.0249341478,0.04109774306,0.2991270771,0.5653581335,0.8232891943
0.349,0.0005056507892,0.00102465546,0.001789726246,0.01287526765,0.02550461462,0.04192637164,0.3051985799,0.5755867095,0.8339550846
0.35,0.0005186796765,0.001050449581,0.001832071363,0.01318353013,0.02608534278,0.04276562613,0.3113374454,0.585880008,0.8445396812
0.351,0.0005320199067,0.001076829587,0.001875261012,0.01349796428,0.02667639456,0.04361542123,0.3175415751,0.5962331556,0.8550349773
0.352,0.0005456776837,0.001103805831,0.001919305687,0.01381863426,0.02727782732,0.04447566364,0.3238086984,0.6066410656,0.8654329492
0.353,0.0005596592744,0.00113138872,0.001964215788,0.01414560184,0.02788969316,0.04534625201,0.3301363646,0.6170984376,0.8757255639
0.354,0.0005739710063,0.00115958871,0.002010001604,0.01447892627,0.02851203883,0.046227077,0.3365219523,0.627599786,0.8859048446
0.355,0.0005886192648,0.001188416304,0.002056673315,0.0148186641,0.02914490547,0.04711802128,0.3429626527,0.6381394176,0.8959628404
0.356,0.0006036104902,0.00121788204,0.002104240978,0.01516486893,0.02978832844,0.04801895962,0.3494554678,0.648711443,0.9058916531
0.357,0.0006189511752,0.00124799649,0.002152714521,0.01551759132,0.03044233711,0.04892975893,0.3559972082,0.6593097834,0.9156834608
0.358,0.0006346478612,0.001278770251,0.002202103736,0.01587687851,0.03110695468,0.04985027831,0.3625844914,0.6699281797,0.9253305371
0.359,0.0006507071351,0.001310213941,0.002252418268,0.01624277427,0.03178219799,0.05078036923,0.3692137333,0.6805601881,0.9348252542
0.36,0.000667135626,0.001342338192,0.002303667613,0.01661531868,0.03246807737,0.05171987555,0.3758811487,0.6911991951,0.9441601096
0.361,0.0006839400008,0.001375153642,0.002355861103,0.01699454794,0.03316459644,0.05266863372,0.382582745,0.7018384185,0.9533277327
0.362,0.0007011269609,0.001408670931,0.002409007907,0.01738049414,0.03387175195,0.05362647288,0.389314323,0.7124709187,0.9623209074
0.363,0.0007187032374,0.001442900689,0.002463117017,0.01777318508,0.03458953366,0.05459321506,0.3960714747,0.7230896118,0.971132596
0.364,0.0007366755871,0.001477853534,0.002518197244,0.01817264405,0.03531792415,0.05556867531,0.4028495761,0.733687264,0.979755926
0.365,0.0007550507877,0.001513540065,0.00257425721,0.01857888958,0.03605689871,0.05655266193,0.4096437928,0.7442565181,0.9881842367
0.366,0.000773835633,0.001549970849,0.002631305343,0.0189919353,0.03680642521,0.05754497665,0.416449073,0.7547898913,0.9964110719
0.367,0.0007930369279,0.00158715642,0.002689349871,0.01941178964,0.03756646399,0.05854541486,0.4232601557,0.7652798004,1.004430216
0.368,0.000812661483,0.001625107265,0.002748398811,0.01983845569,0.03833696775,0.05955376588,0.4300715548,0.7757185481,1.012235665
0.369,0.0008327161091,0.001663833825,0.002808459968,0.02027193094,0.03911788143,0.06056981308,0.4368775757,0.7860983619,1.019821686
0.37,0.0008532076119,0.001703346477,0.002869540928,0.02071220706,0.03990914221,0.06159333431,0.4436723108,0.7964113957,1.02718281
0.371,0.0008741427855,0.001743655535,0.002931649052,0.02115926973,0.04071067932,0.06262410203,0.4504496371,0.8066497386,1.034313831
0.372,0.0008955284067,0.001784771235,0.00299479147,0.0216130984,0.04152241413,0.06366188366,0.4572032208,0.8168054301,1.041209832
0.373,0.0009173712287,0.001826703734,0.003058975079,0.02207366606,0.04234425997,0.06470644184,0.4639265268,0.8268704881,1.047866202
0.374,0.000939677974,0.001869463094,0.003124206532,0.02254093909,0.04317612222,0.06575753478,0.4706128049,0.8368368896,1.054278598
0.375,0.0009624553286,0.001913059283,0.003190492244,0.02301487699,0.04401789819,0.06681491642,0.477255115,0.8466966261,1.060443023
0.376,0.0009857099339,0.001957502158,0.003257838378,0.02349543226,0.04486947725,0.06787833697,0.4838463212,0.8564416985,1.066355789
0.377,0.001009448381,0.002002801466,0.003326250847,0.02398255014,0.04573074071,0.06894754301,0.4903790886,0.8660641131,1.072013505
0.378,0.001033677201,0.002048966826,0.003395735307,0.02447616844,0.04660156195,0.07002227799,0.4968459058,0.8755559329,1.07741313
0.379,0.001058402861,0.002096007731,0.003466297159,0.02497621738,0.04748180642,0.07110228238,0.5032390878,0.8849092807,1.082551962
0.38,0.001083631754,0.002143933532,0.003537941541,0.02548261943,0.04837133176,0.07218729422,0.5095507714,0.8941163329,1.087427606
0.381,0.001109370189,0.002192753438,0.003610673329,0.02599528907,0.04926998776,0.07327704921,0.5157729346,0.903169358,1.092038012
0.382,0.00113562439,0.002242476499,0.003684497132,0.02651413272,0.05017761661,0.07437128129,0.5218974102,0.9120607383,1.096381484
0.383,0.001162400479,0.002293111607,0.003759417295,0.02703904854,0.05109405286,0.07546972278,0.5279158777,0.9207829508,1.100456631
0.384,0.001189704474,0.002344667483,0.003835437891,0.02756992632,0.05201912368,0.07657210481,0.533819895,0.9293286249,1.104262429
0.385,0.001217542279,0.002397152672,0.003912562728,0.02810664731,0.05295264887,0.07767815764,0.5396008905,0.93769052,1.107798159
0.386,0.001245919674,0.002450575536,0.00399079534,0.02864908419,0.05389444112,0.07878761101,0.545250186,0.9458615592,1.111063438
0.387,0.001274842308,0.002504944246,0.004070138993,0.02919710085,0.05484430609,0.07990019439,0.5507590086,0.9538348455,1.114058219
0.388,0.001304315688,0.002560266773,0.004150596682,0.02975055242,0.05580204268,0.08101563741,0.5561185082,0.9616036802,1.116782787
0.389,0.001334345173,0.002616550886,0.004232171131,0.03030928511,0.05676744315,0.08213367011,0.5613197478,0.9691615321,1.119237689
0.39,0.001364935964,0.002673804142,0.004314864796,0.03087313617,0.05774029334,0.08325402323,0.566353746,0.9765021072,1.121423815
0.391,0.001396093094,0.002732033882,0.004398679862,0.03144193385,0.05872037294,0.08437642858,0.5712114923,0.9836193518,1.123342382
0.392,0.001427821421,0.002791247223,0.004483618248,0.03201549738,0.05970745568,0.08550061932,0.5758839334,0.99050742,1.124994845
0.393,0.001460125615,0.002851451051,0.004569681607,0.03259363693,0.06070130956,0.08662633019,0.5803620193,0.9971607343,1.126382973
0.394,0.001493010154,0.00291265202,0.004656871327,0.03317615362,0.06170169714,0.08775329785,0.5846366965,1.003573944,1.127508763
0.395,0.001526479312,0.002974856542,0.004745188535,0.03376283952,0.06270837576,0.08888126107,0.5886989598,1.009742019,1.128374548
0.396,0.00156053715,0.003038070786,0.004834634095,0.03435347775,0.0637210979,0.09000996115,0.592539837,1.015660177,1.128982874
0.397,0.001595187509,0.003102300668,0.004925208617,0.03494784244,0.06473961133,0.09113914193,0.5961504011,1.021323888,1.129336473
0.398,0.001630433999,0.003167551853,0.005016912455,0.03554569885,0.0657636595,0.09226855022,0.5995218278,1.026728957,1.129438367
0.399,0.00166627999,0.003233829745,0.00510974571,0.03614680348,0.06679298176,0.09339793586,0.6026453911,1.031871482,1.129291795
0.4,0.001702728605,0.003301139487,0.005203708237,0.03675090415,0.06782731377,0.09452705214,0.605512471,1.036747838,1.12890015
0.401,0.00173978271,0.003369485954,0.005298799643,0.03735774012,0.06886638764,0.09565565569,0.6081145872,1.041354715,1.128267022
0.402,0.001777444907,0.003438873752,0.005395019297,0.03796704225,0.06990993241,0.09678350696,0.6104434216,1.045689117,1.127396189
0.403,0.001815717524,0.003509307217,0.005492366328,0.03857853317,0.07095767419,0.09791037015,0.6124908281,1.049748354,1.126291572
0.404,0.001854602608,0.003580790408,0.005590839631,0.03919192747,0.07200933663,0.09903601355,0.6142488556,1.053530049,1.124957239
0.405,0.001894101916,0.003653327105,0.005690437872,0.03980693187,0.07306464112,0.1001602095,0.6157097709,1.057032141,1.123397385
0.406,0.001934216908,0.00372692081,0.005791159493,0.0404232455,0.07412330716,0.1012827346,0.6168660591,1.060252857,1.121616286
0.407,0.001974948741,0.003801574746,0.005893002711,0.04104056006,0.07518505259,0.1024033698,0.6177104773,1.063190766,1.11961836
0.408,0.002016298257,0.003877291848,0.005995965531,0.0416585602,0.07624959407,0.1035219005,0.6182360487,1.065844741,1.117408099
0.409,0.002058265982,0.003954074771,0.006100045741,0.04227692367,0.07731664718,0.1046381167,0.6184360625,1.068213911,1.114989992
0.41,0.002100852116,0.004031925884,0.006205240924,0.04289532172,0.07838592682,0.1057518128,0.6183041531,1.07029778,1.112368684
0.411,0.002144056526,0.004110847272,0.006311548459,0.04351341935,0.07945714758,0.1068627879,0.6178342453,1.072096081,1.109548764
0.412,0.002187878741,0.004190840731,0.006418965527,0.04413087567,0.08053002385,0.1079708457,0.6170206245,1.07360887,1.106534884
0.413,0.002232317948,0.004271907776,0.006527489114,0.04474734428,0.08160427029,0.1090757945,0.615857939,1.074836498,1.103331725
0.414,0.002277372983,0.004354049634,0.006637116018,0.04536247357,0.08267960201,0.1101774475,0.6143411785,1.075779526,1.099943856
0.415,0.00232304233,0.004437267247,0.00674784285,0.04597590713,0.0837557348,0.1112756222,0.612465759,1.076438852,1.09637593
0.416,0.002369324112,0.004521561276,0.006859666043,0.04658728418,0.08483238555,0.1123701409,0.6102274946,1.076815625,1.092632546
0.417,0.002416216091,0.004606932097,0.006972581855,0.04719623995,0.08590927234,0.1134608303,0.6076225879,1.076911182,1.088718161
0.418,0.002463715662,0.004693379806,0.007086586371,0.04780240608,0.08698611475,0.1145475217,0.6046477047,1.076727162,1.084637259
0.419,0.00251181985,0.004780904219,0.007201675511,0.04840541112,0.08806263411,0.1156300508,0.6012999422,1.076265421,1.080394222
0.42,0.002560525306,0.004869504874,0.007317845032,0.0490048809,0.08913855372,0.1167082575,0.5975768449,1.075528005,1.075993306
0.421,0.002609828308,0.004959181035,0.007435090533,0.04960043908,0.09021359901,0.1177819861,0.5934764332,1.074517198,1.071438698
0.422,0.002659724754,0.00504993169,0.007553407461,0.05019170754,0.09128749783,0.118851085,0.5889971894,1.073235456,1.066734441
0.423,0.002710210166,0.005141755558,0.007672791111,0.0507783069,0.09235998052,0.1199154064,0.5841380967,1.071685453,1.061884496
0.424,0.002761279685,0.00523465109,0.007793236633,0.05135985699,0.09343078027,0.1209748067,0.578898608,1.069869999,1.05689263
0.425,0.00281292807,0.00532861647,0.007914739037,0.05193597735,0.09449963304,0.1220291456,0.5732786757,1.067792063,1.051762472
0.426,0.002865149703,0.00542364962,0.008037293192,0.05250628774,0.09556627796,0.1230782867,0.5672787696,1.065454808,1.046497542
0.427,0.002917938583,0.005519748204,0.008160893834,0.05307040861,0.09663045732,0.1241220968,0.5608998589,1.062861497,1.041101162
0.428,0.002971288331,0.005616909628,0.008285535565,0.05362796166,0.09769191674,0.1251604462,0.5541433983,1.060015499,1.035576438
0.429,0.003025192191,0.005715131047,0.008411212863,0.05417857028,0.09875040528,0.1261932079,0.5470113924,1.056920348,1.029926377
0.43,0.003079643032,0.005814409366,0.008537920077,0.05472186015,0.0998056756,0.1272202581,0.539506336,1.053579639,1.02415375
0.431,0.003134633348,0.005914741244,0.008665651435,0.05525745965,0.1008574839,0.1282414754,0.5316312311,1.049997056,1.018261126
0.432,0.003190155265,0.0060161231,0.008794401044,0.05578500049,0.1019055904,0.1292567411,0.5233896164,1.046176391,1.01225093
0.433,0.003246200541,0.006118551112,0.008924162895,0.05630411811,0.1029497586,0.1302659388,0.5147855021,1.042121452,1.006125309
0.434,0.003302760573,0.006222021227,0.009054930861,0.05681445223,0.1039897565,0.1312689539,0.5058234417,1.03783615,0.9998862788
0.435,0.003359826399,0.006326529159,0.009186698704,0.05731564741,0.1050253555,0.1322656741,0.4965084732,1.033324421,0.9935356249
0.436,0.003417388705,0.006432070396,0.009319460074,0.05780735344,0.1060563312,0.1332559885,0.4868461176,1.028590212,0.9870748841
0.437,0.003475437828,0.006538640206,0.009453208509,0.05828922591,0.1070824631,0.1342397876,0.476842414,1.023637537,0.9805054653
0.438,0.003533963766,0.006646233636,0.009587937441,0.0587609267,0.1081035347,0.1352169635,0.4665038611,1.018470395,0.9738285094
0.439,0.003592956181,0.006754845518,0.009723640193,0.05922212439,0.1091193337,0.1361874091,0.4558374331,1.013092787,0.9670449539
0.44,0.003652404406,0.006864470476,0.009860309981,0.05967249481,0.1101296515,0.1371510181,0.4448505876,1.007508753,0.9601555999
0.441,0.003712297455,0.006975102926,0.009997939915,0.06011172143,0.1111342837,0.1381076852,0.4335512041,1.001722264,0.9531609601
0.442,0.003772624031,0.007086737081,0.010136523,0.06053949586,0.1121330299,0.1390573051,0.421947626,0.9957373123,0.946061409
0.443,0.00383337253,0.007199366958,0.01027605214,0.06095551826,0.1131256935,0.1399997731,0.4100486338,0.9895578863,0.9388571597
0.444,0.003894531053,0.007312986377,0.01041652013,0.06135949776,0.1141120821,0.1409349845,0.3978633842,0.9831878718,0.9315481429
0.445,0.003956087417,0.007427588968,0.01055791966,0.06175115285,0.115092007,0.1418628344,0.3854014905,0.9766312155,0.9241342506
0.446,0.00401802916,0.007543168175,0.01070024331,0.06213021188,0.1160652836,0.1427832178,0.3726728998,0.9698917381,0.9166150836
0.447,0.004080343555,0.007659717258,0.01084348357,0.06249641324,0.1170317309,0.1436960293,0.3596879645,0.9629732734,0.9089901742
0.448,0.004143017617,0.007777229301,0.01098763281,0.06284950596,0.1179911718,0.1446011627,0.3464574058,0.9558796356,0.9012589279
0.449,0.004206038117,0.007895697209,0.0111326833,0.06318924988,0.1189434329,0.1454985114,0.3329922074,0.9486144687,0.8934204677
0.45,0.004269391591,0.008015113717,0.0112786272,0.06351541599,0.1198883448,0.1463879676,0.3193037643,0.9411815173,0.8854740023
0.451,0.00433306435,0.008135471393,0.01142545657,0.0638277869,0.1208257413,0.147269423,0.3054037245,0.9335844015,0.8774185047
0.452,0.004397042497,0.00825676264,0.01157316334,0.06412615691,0.12175546,0.1481427679,0.2913040027,0.9258266637,0.869252853
0.453,0.004461311933,0.008378979701,0.01172173936,0.06441033244,0.1226773422,0.1490078916,0.2770168182,0.9179118662,0.8609759253
0.454,0.00452585837,0.008502114661,0.01187117635,0.06468013223,0.1235912325,0.1498646823,0.2625545971,0.9098434749,0.8525864652
0.455,0.004590667349,0.008626159451,0.01202146591,0.06493538753,0.1244969791,0.1507130266,0.2479299893,0.9016249054,0.8440831796
0.456,0.004655724245,0.008751105855,0.01217259955,0.06517594239,0.1253944334,0.1515528103,0.2331558809,0.8932595929,0.8354648348
0.457,0.004721014286,0.008876945506,0.01232456864,0.06540165381,0.1262834505,0.1523839175,0.2182452794,0.8847508362,0.826730047
0.458,0.004786522561,0.009003669896,0.01247736445,0.06561239186,0.1271638884,0.1532062311,0.2032113576,0.8761019125,0.8178774596
0.459,0.004852234039,0.009131270377,0.01263097813,0.06580803988,0.1280356087,0.1540196327,0.18806748,0.8673161653,0.8089058954
0.46,0.004918133576,0.009259738162,0.01278540071,0.06598849464,0.1288984762,0.1548240028,0.1728270455,0.8583967748,0.7998140176
0.461,0.004984205934,0.009389064334,0.01294062309,0.0661536663,0.1297523588,0.1556192203,0.1575035826,0.8493469633,0.790600658
0.462,0.005050435789,0.009519239842,0.01309663606,0.06630347866,0.1305971277,0.1564051633,0.1421106647,0.8401699048,0.7812646837
0.463,0.00511680775,0.009650255509,0.01325343028,0.06643786902,0.1314326572,0.1571817085,0.1266619173,0.8308687676,0.7718050679
0.464,0.00518330637,0.009782102036,0.0134109963,0.06655678843,0.1322588249,0.1579487319,0.1111709984,0.8214467411,0.7622209493
0.465,0.005249916158,0.009914769999,0.01356932453,0.0666602015,0.1330755114,0.1587061086,0.09565150153,0.8119068928,0.7525114428
0.466,0.005316621597,0.01004824986,0.01372840526,0.06674808645,0.1338826005,0.1594537128,0.08011706795,0.8022524274,0.7426759887
0.467,0.005383407152,0.01018253196,0.01388822865,0.06682043516,0.1346799791,0.1601914184,0.06458124888,0.7924864976,0.7327141152
0.468,0.00545025729,0.01031760654,0.01404878475,0.06687725297,0.1354675374,0.1609190988,0.04905750388,0.7826122079,0.7226254711
0.469,0.005517156487,0.01045346373,0.01421006347,0.06691855865,0.1362451685,0.1616366271,0.03355924237,0.7726327864,0.7124100163
0.47,0.005584089247,0.01059009354,0.01437205458,0.06694438434,0.137012769,0.1623438766,0.01809969895,0.7625513689,0.7020677889
0.471,0.005651040111,0.01072748589,0.01453474775,0.06695477532,0.1377702383,0.1630407206,0.002692015949,0.7523712079,0.6915991676
0.472,0.005717993672,0.0108656306,0.01469813251,0.06694978997,0.1385174795,0.163727033,-0.01265082987,0.7420955838,0.6810047489
0.473,0.005784934589,0.01100451741,0.01486219827,0.0669294995,0.1392543987,0.1644026884,-0.02791610842,0.7317276858,0.670285233
0.474,0.005851847597,0.01114413593,0.0150269343,0.06689398778,0.1399809053,0.1650675622,-0.04309120059,0.7212709397,0.659441809
0.475,0.005918717523,0.01128447572,0.01519232976,0.06684335124,0.1406969121,0.1657215312,-0.05816377839,0.710728666,0.6484757466
0.476,0.005985529294,0.01142552623,0.01535837368,0.0667776984,0.1414023353,0.1663644734,-0.07312175069,0.7001042548,0.6373886233
0.477,0.006052267954,0.01156727683,0.01552505499,0.06669714987,0.1420970944,0.1669962688,-0.08795324206,0.6894012513,0.6261824127
0.478,0.006118918673,0.01170971684,0.01569236246,0.0666018379,0.1427811127,0.1676167993,-0.102646707,0.678623134,0.6148592322
0.479,0.006185466757,0.01185283546,0.01586028479,0.06649190618,0.1434543169,0.1682259491,-0.1171909009,0.667773457,0.6034215031
0.48,0.006251897663,0.01199662184,0.01602881053,0.06636750948,0.144116637,0.1688236051,-0.1315748423,0.6568559174,0.5918720424
0.481,0.006318197009,0.01214106508,0.01619792813,0.06622881341,0.1447680073,0.169409657,-0.1457879154,0.6458742041,0.5802138791
0.482,0.006384350582,0.01228615419,0.01636762594,0.06607599398,0.1454083653,0.1699839977,-0.1598198651,0.6348320457,0.5684502854
0.483,0.006450344351,0.01243187812,0.01653789219,0.06590923733,0.1460376525,0.1705465236,-0.1736607449,0.6237333117,0.5565849369
0.484,0.006516164476,0.01257822578,0.01670871502,0.06572873932,0.1466558144,0.171097135,-0.1873010376,0.6125818417,0.5446216777
0.485,0.006581797318,0.01272518602,0.01688008246,0.06553470514,0.1472628,0.1716357358,-0.2007315487,0.6013816251,0.5325647153
0.486,0.006647229446,0.01287274764,0.01705198246,0.06532734903,0.1478585627,0.1721622347,-0.2139435176,0.5901366499,0.5204184853
0.487,0.006712447649,0.01302089939,0.01722440286,0.06510689369,0.1484430597,0.1726765446,-0.2269286019,0.5788509434,0.5081876376
0.488,0.006777438944,0.01316962999,0.01739733145,0.06487357007,0.1490162524,0.1731785834,-0.2396788057,0.567528665,0.495877182
0.489,0.00684219058,0.01331892812,0.01757075591,0.06462761684,0.1495781062,0.1736682742,-0.2521866037,0.5561739818,0.4834923048
0.49,0.00690669005,0.01346878242,0.01774466386,0.06436927998,0.1501285909,0.174145545,-0.2644449259,0.5447910269,0.4710383239
0.491,0.006970925096,0.0136191815,0.01791904284,0.06409881234,0.1506676803,0.1746103297,-0.2764470377,0.5333841446,0.4585209879
0.492,0.007034883717,0.01377011397,0.01809388034,0.06381647333,0.1511953527,0.1750625678,-0.2881867282,0.5219575783,0.4459460568
0.493,0.007098554174,0.0139215684,0.01826916378,0.06352252824,0.1517115903,0.1755022046,-0.2996582034,0.5105156236,0.4333194984
0.494,0.007161924995,0.01407353333,0.01844488053,0.06321724808,0.1522163803,0.1759291917,-0.3108560729,0.4990626893,0.4206475735
0.495,0.007224984984,0.01422599734,0.01862101793,0.06290090888,0.1527097135,0.1763434868,-0.3217754583,0.4876030586,0.407936478
0.496,0.00728772322,0.01437894894,0.01879756326,0.06257379144,0.1531915856,0.1767450538,-0.3324118385,0.4761411992,0.3951927859
0.497,0.007350129069,0.01453237669,0.01897450379,0.06223618083,0.1536619966,0.1771338636,-0.3427612283,0.4646814067,0.3824229315
0.498,0.00741219218,0.01468626912,0.01915182673,0.06188836581,0.1541209506,0.1775098932,-0.3528200107,0.4532281014,0.3696336093
0.499,0.007473902496,0.01484061477,0.01932951931,0.06153063868,0.1545684564,0.1778731266,-0.362585029,0.4417856704,0.3568315618
0.5,0.007535250252,0.01499540222,0.01950756871,0.06116329454,0.155004527,0.1782235543,-0.3720535537,0.4303584836,0.34402355
0.501,0.007596225979,0.01515062002,0.01968596215,0.06078663112,0.1554291799,0.178561174,-0.3812233162,0.4189508119,0.3312163385
0.502,0.007656820508,0.01530625678,0.01986468679,0.06040094808,0.1558424366,0.1788859896,-0.3900924267,0.4075670132,0.3184167741
0.503,0.007717024969,0.0154623011,0.02004372986,0.06000654693,0.1562443233,0.1791980123,-0.398659416,0.3962113733,0.3056317071
0.504,0.007776830796,0.01561874164,0.02022307856,0.05960373025,0.1566348701,0.17949726,-0.4069232697,0.3848880385,0.2928678473
0.505,0.007836229725,0.01577556708,0.02040272013,0.05919280162,0.1570141116,0.1797837574,-0.414883288,0.3736013009,0.2801320655
0.506,0.007895213797,0.01593276611,0.02058264184,0.05877406499,0.1573820862,0.1800575357,-0.4225392788,0.3623551168,0.267430893
0.507,0.007953775354,0.01609032751,0.02076283097,0.05834782434,0.1577388367,0.1803186329,-0.4298913087,0.3511536559,0.2547710774
0.508,0.008011907045,0.01624824006,0.02094327489,0.05791438348,0.1580844098,0.1805670938,-0.4369398699,0.3400008933,0.2421591389
0.509,0.008069601822,0.01640649262,0.02112396097,0.05747404542,0.158418856,0.1808029693,-0.4436858699,0.3289006062,0.2296013591
0.51,0.008126852938,0.01656507408,0.02130487665,0.05702711217,0.1587422298,0.1810263167,-0.4501304592,0.3178567114,0.2171041561
0.511,0.008183653948,0.01672397341,0.02148600945,0.05657388442,0.1590545894,0.1812371998,-0.4562751992,0.306872858,0.2046735892
0.512,0.008239998708,0.01688317961,0.02166734692,0.05611466107,0.1593559967,0.1814356881,-0.4621219446,0.2959527035,0.192315702
0.513,0.008295881371,0.01704268177,0.02184887672,0.05564973911,0.1596465172,0.1816218573,-0.4676728581,0.2850997602,0.1800363307
0.514,0.008351296385,0.01720246904,0.02203058656,0.05517941311,0.1599262197,0.1817957888,-0.4729304294,0.2743174131,0.1678410868
0.515,0.008406238493,0.01736253063,0.02221246424,0.05470397508,0.1601951766,0.1819575694,-0.4778974185,0.2636089448,0.155735419
0.516,0.008460702728,0.01752285583,0.02239449767,0.0542237141,0.1604534633,0.1821072912,-0.4825768368,0.2529775537,0.1437246384
0.517,0.008514684409,0.01768343402,0.02257667484,0.05373891614,0.1607011584,0.1822450519,-0.4869719689,0.2424263235,0.1318138105
0.518,0.008568179142,0.01784425465,0.02275898382,0.05324986372,0.1609383436,0.1823709537,-0.4910863392,0.2319581861,0.1200077918
0.519,0.008621182811,0.01800530724,0.02294141283,0.05275683577,0.1611651034,0.1824851039,-0.4949237427,0.2215758746,0.1083111286
0.52,0.00867369158,0.01816658141,0.02312395015,0.05226010722,0.1613815249,0.1825876139,-0.4984881248,0.2112821372,0.0967282799
0.521,0.008725701883,0.01832806687,0.02330658421,0.05175994912,0.1615876981,0.1826785998,-0.5017836307,0.2010795827,0.0852635199
0.522,0.008777210424,0.01848975342,0.02348930355,0.0512566281,0.1617837152,0.1827581816,-0.5048146911,0.1909705118,0.07392062827
0.523,0.008828214172,0.01865163095,0.02367209682,0.05075040637,0.161969671,0.1828264829,-0.5075858058,0.1809572753,0.06270339109
0.524,0.008878710356,0.01881368944,0.0238549528,0.05024154156,0.1621456624,0.1828836314,-0.5101016483,0.1710420809,0.05161535023
0.525,0.008928696458,0.01897591898,0.02403786041,0.04973028652,0.1623117885,0.1829297577,-0.5123671074,0.1612268792,0.04065965343
0.526,0.008978170215,0.01913830976,0.02422080869,0.04921688914,0.1624681501,0.1829649958,-0.5143871431,0.1515135732,0.02983932242
0.527,0.009027129604,0.01930085206,0.02440378681,0.04870159234,0.1626148502,0.1829894824,-0.5161668427,0.141903962,0.01915716316
0.528,0.009075572845,0.01946353628,0.02458678411,0.04818463382,0.1627519931,0.183003357,-0.517711423,0.1323996523,0.008615685422
0.529,0.009123498395,0.0196263529,0.02476979004,0.04766624609,0.1628796851,0.1830067614,-0.5190261669,0.123002156,-0.00178276957
0.53,0.009170904937,0.01978929253,0.02495279419,0.04714665629,0.1629980335,0.1829998398,-0.5201164836,0.1137128082,-0.01203620103
0.531,0.009217791381,0.01995234589,0.02513578632,0.04662608612,0.1631071472,0.182982738,-0.5209877878,0.1045329344,-0.02214263083
0.532,0.009264156855,0.02011550378,0.02531875633,0.04610475187,0.1632071362,0.182955604,-0.521645623,0.09546355676,-0.03210053957
0.533,0.0093100007,0.02027875715,0.02550169424,0.04558286418,0.1632981115,0.1829185869,-0.5220955296,0.08650573858,-0.04190843419
0.534,0.009355322467,0.02044209704,0.02568459025,0.04506062825,0.1633801851,0.1828718375,-0.5223430936,0.07766038393,-0.05156507621
0.535,0.009400121907,0.02060551459,0.02586743472,0.04453824355,0.1634534699,0.1828155074,-0.5223939787,0.06892814572,-0.06106957496
0.536,0.009444398969,0.02076900109,0.02605021813,0.04401590398,0.1635180794,0.1827497494,-0.5222537808,0.06030977226,-0.07042097959
0.537,0.009488153793,0.0209325479,0.02623293113,0.04349379781,0.1635741276,0.1826747167,-0.5219281239,0.0518058432,-0.07961865856
0.538,0.009531386703,0.02109614653,0.02641556452,0.04297210766,0.1636217293,0.1825905634,-0.5214227282,0.04341663772,-0.08866231664
0.539,0.009574098206,0.02125978858,0.02659810926,0.0424510104,0.1636609992,0.1824974435,-0.5207431936,0.03514253748,-0.09755161598
0.54,0.009616288979,0.02142346579,0.02678055647,0.04193067746,0.1636920528,0.1823955117,-0.5198950611,0.02698392931,-0.1062863047
0.541,0.009657959871,0.02158716999,0.0269628974,0.04141127459,0.1637150056,0.1822849223,-0.5188840082,0.01894074039,-0.1148666691
0.542,0.009699111892,0.02175089314,0.02714512348,0.04089296191,0.1637299728,0.1821658297,-0.517715578,0.0110130331,-0.1232928869
0.543,0.00973974621,0.02191462731,0.02732722628,0.04037589408,0.1637370701,0.1820383878,-0.5163952153,0.00320089273,-0.1315651908
0.544,0.009779864145,0.02207836469,0.02750919752,0.0398602203,0.163736413,0.1819027504,-0.5149284309,-0.004495938561,-0.1396842252
0.545,0.009819467163,0.02224209759,0.0276910291,0.03934608423,0.1637281166,0.1817590703,-0.5133206427,-0.01207768621,-0.1476506054
0.546,0.009858556872,0.02240581842,0.02787271303,0.03883362425,0.1637122959,0.1816074998,-0.5115771511,-0.01954455489,-0.1554650236
0.547,0.009897135015,0.02256951971,0.02805424152,0.0383229734,0.1636890657,0.1814481905,-0.509703274,-0.02689699919,-0.163128458
0.548,0.009935203464,0.02273319412,0.02823560689,0.03781425943,0.1636585399,0.1812812929,-0.5077042272,-0.03413547442,-0.1706418812
0.549,0.00997276422,0.0228968344,0.02841680162,0.03730760497,0.1636208325,0.1811069564,-0.5055851046,-0.04126038438,-0.1780063096
0.55,0.0100098194,0.02306043343,0.02859781837,0.03680312756,0.1635760568,0.1809253295,-0.5033510049,-0.0482723914,-0.1852230277
0.551,0.01004637124,0.02322398419,0.0287786499,0.03630093964,0.1635243252,0.1807365592,-0.5010069163,-0.05517217591,-0.1922933643
0.552,0.01008242208,0.02338747979,0.02895928915,0.03580114878,0.1634657496,0.1805407912,-0.4985576748,-0.06196030391,-0.1992185338
0.553,0.01011797437,0.02355091345,0.0291397292,0.03530385774,0.1634004415,0.18033817,-0.4960081061,-0.06863755614,-0.2060000579
0.554,0.01015303066,0.02371427847,0.02931996326,0.03480916445,0.1633285112,0.1801288384,-0.4933629624,-0.07520484013,-0.2126395849
0.555,0.0101875936,0.0238775683,0.02949998469,0.03431716216,0.1632500682,0.1799129377,-0.4906267846,-0.08166283004,-0.2191384471
0.556,0.01022166591,0.02404077647,0.02967978699,0.03382793972,0.1631652217,0.1796906078,-0.4878041206,-0.08801245935,-0.225498414
0.557,0.01025525043,0.02420389664,0.02985936381,0.03334158128,0.1630740791,0.1794619865,-0.4848994336,-0.09425476605,-0.231721274
0.558,0.01028835005,0.02436692257,0.03003870891,0.03285816678,0.1629767476,0.1792272104,-0.4819169585,-0.1003905072,-0.2378085206
0.559,0.01032096777,0.02452984811,0.03021781622,0.03237777188,0.1628733332,0.178986414,-0.4788610148,-0.1064208874,-0.2437622289
0.56,0.01035310663,0.02469266724,0.03039667978,0.0319004679,0.1627639407,0.1787397299,-0.4757356273,-0.1123467416,-0.2495839467
0.561,0.01038476976,0.02485537403,0.03057529376,0.03142632243,0.1626486742,0.1784872895,-0.4725448454,-0.118169183,-0.2552756216
0.562,0.01041596035,0.02501796267,0.03075365248,0.0309553987,0.1625276364,0.1782292214,-0.4692926477,-0.1238894435,-0.2608393147
0.563,0.01044668165,0.02518042742,0.03093175037,0.03048775637,0.1624009291,0.177965653,-0.4659827335,-0.129508381,-0.2662766135
0.564,0.01047693697,0.02534276267,0.03110958199,0.03002345124,0.162268653,0.1776967096,-0.462618854,-0.135027205,-0.2715895962
0.565,0.01050672968,0.0255049629,0.03128714204,0.02956253546,0.1621309076,0.1774225146,-0.4592046546,-0.1404471725,-0.2767802786
0.566,0.01053606319,0.02566702269,0.03146442531,0.02910505756,0.1619877912,0.1771431892,-0.4557435717,-0.1457692794,-0.2818504518
0.567,0.01056494096,0.02582893672,0.03164142675,0.02865106281,0.1618394013,0.1768588531,-0.4522390225,-0.1509947511,-0.2868021449
0.568,0.01059336649,0.02599069977,0.03181814139,0.02820059291,0.1616858336,0.1765696237,-0.4486943226,-0.1561248157,-0.2916373433
0.569,0.01062134333,0.0261523067,0.0319945644,0.0277536865,0.1615271831,0.1762756167,-0.445112637,-0.1611605888,-0.2963579478
0.57,0.01064887506,0.02631375247,0.03217069107,0.02731037894,0.1613635434,0.1759769454,-0.4414970769,-0.1661033409,-0.3009659846
0.571,0.0106759653,0.02647503215,0.03234651678,0.02687070266,0.161195007,0.1756737216,-0.4378506338,-0.1709542415,-0.3054633878
0.572,0.01070261769,0.02663614088,0.03252203703,0.02643468702,0.1610216651,0.1753660548,-0.4341761855,-0.1757144725,-0.3098520456
0.573,0.0107288359,0.02679707391,0.03269724744,0.02600235869,0.1608436079,0.1750540531,-0.4304765548,-0.1803853063,-0.3141339955
0.574,0.01075462364,0.02695782656,0.03287214373,0.02557374141,0.1606609239,0.1747378218,-0.4267544341,-0.184967936,-0.3183111341
0.575,0.01077998463,0.02711839425,0.03304672171,0.02514885646,0.160473701,0.1744174651,-0.4230124307,-0.1894635695,-0.322385358
0.576,0.01080492261,0.02727877248,0.03322097731,0.02472772235,0.1602820254,0.1740930847,-0.4192530942,-0.1938735005,-0.3263586901
0.577,0.01082944133,0.02743895684,0.03339490657,0.02431035527,0.1600859822,0.1737647808,-0.4154787708,-0.1981987517,-0.330232778
0.578,0.01085354458,0.02759894301,0.0335685056,0.02389676901,0.1598856556,0.1734326515,-0.4116918837,-0.2024407638,-0.3340097509
0.579,0.01087723613,0.02775872675,0.03374177063,0.02348697496,0.1596811281,0.173096793,-0.40789464,-0.206600616,-0.3376913523
0.58,0.01090051979,0.0279183039,0.03391469798,0.02308098247,0.1594724814,0.1727573,-0.4040891904,-0.2106795007,-0.341279349
0.581,0.01092339937,0.02807767037,0.03408728405,0.02267879862,0.1592597956,0.1724142649,-0.4002776595,-0.2146787194,-0.3447757263
0.582,0.01094587866,0.02823682217,0.03425952536,0.02228042853,0.1590431501,0.1720677786,-0.3964619853,-0.2185993315,-0.3481821001
0.583,0.0109679615,0.02839575537,0.03443141849,0.02188587539,0.1588226227,0.1717179301,-0.3926441307,-0.2224426231,-0.3515003447
0.584,0.01098965169,0.02855446614,0.03460296012,0.0214951404,0.1585982903,0.1713648067,-0.3888259072,-0.2262097036,-0.3547321668
0.585,0.01101095305,0.02871295071,0.03477414704,0.02110822311,0.1583702283,0.171008494,-0.3850090786,-0.2299017823,-0.3578792885
0.586,0.0110318694,0.02887120538,0.03494497608,0.02072512122,0.1581385113,0.1706490758,-0.3811953424,-0.2335199903,-0.3609434182
0.587,0.01105240456,0.02902922654,0.03511544418,0.02034583087,0.1579032126,0.1702866343,-0.3773862896,-0.237065458,-0.3639261947
0.588,0.01107256233,0.02918701064,0.03528554836,0.01997034657,0.1576644043,0.1699212499,-0.373583487,-0.2405394032,-0.3668293188
0.589,0.01109234652,0.0293445542,0.03545528573,0.01959866134,0.1574221573,0.1695530017,-0.3697883768,-0.2439428395,-0.369654321
0.59,0.01111176092,0.02950185383,0.03562465344,0.01923076679,0.1571765417,0.1691819668,-0.3660023641,-0.2472768757,-0.3724028099
0.591,0.01113080932,0.02965890619,0.03579364876,0.01886665313,0.1569276263,0.168808221,-0.362226844,-0.250542802,-0.3750764911
0.592,0.01114949548,0.029815708,0.035962269,0.01850630921,0.1566754785,0.1684318383,-0.3584630268,-0.2537415203,-0.377676713
0.593,0.01116782319,0.02997225609,0.03613051158,0.01814972278,0.1564201653,0.1680528916,-0.3547121086,-0.2568740507,-0.3802049608
0.594,0.01118579618,0.0301285473,0.03629837395,0.01779688029,0.1561617521,0.1676714518,-0.3509753316,-0.2599416892,-0.3826629484
0.595,0.01120341819,0.03028457858,0.03646585367,0.01744776706,0.1559003032,0.1672875887,-0.3472537266,-0.2629453533,-0.3850519636
0.596,0.01122069295,0.03044034692,0.03663294835,0.01710236744,0.1556358823,0.1669013704,-0.3435483347,-0.265886051,-0.3873734161
0.597,0.01123762416,0.03059584937,0.03679965565,0.01676066466,0.1553685518,0.1665128639,-0.3398601372,-0.2687647922,-0.3896287034
0.598,0.01125421551,0.03075108307,0.03696597333,0.01642264112,0.155098373,0.1661221346,-0.3361901032,-0.2715827435,-0.391819353
0.599,0.01127047066,0.03090604519,0.0371318992,0.01608827812,0.1548254062,0.1657292463,-0.3325390866,-0.2743407844,-0.3939465496
0.6,0.01128639328,0.03106073297,0.03729743113,0.01575755634,0.1545497111,0.1653342622,-0.3289078956,-0.2770398468,-0.3960116332
0.601,0.01130198698,0.03121514372,0.03746256705,0.01543045545,0.1542713459,0.1649372433,-0.3252973527,-0.2796810205,-0.3980159835
0.602,0.01131725539,0.0313692748,0.03762730496,0.01510695452,0.1539903681,0.1645382501,-0.3217081619,-0.2822651592,-0.3999607121
0.603,0.01133220208,0.03152312361,0.03779164291,0.01478703178,0.1537068342,0.1641373413,-0.3181410461,-0.284793308,-0.4018472651
0.604,0.01134683063,0.03167668763,0.03795557902,0.01447066486,0.1534207998,0.1637345746,-0.3145966236,-0.2872663201,-0.403676686
0.605,0.01136114459,0.03182996439,0.03811911146,0.01415783077,0.1531323197,0.1633300066,-0.3110755246,-0.2896851315,-0.4054502368
0.606,0.01137514747,0.03198295147,0.03828223845,0.01384850586,0.1528414473,0.1629236923,-0.3075782977,-0.2920506139,-0.4071690817
0.607,0.01138884276,0.03213564651,0.03844495828,0.01354266604,0.1525482359,0.1625156863,-0.3041054867,-0.2943637328,-0.4088343557
0.608,0.01140223395,0.03228804718,0.03860726928,0.01324028659,0.1522527371,0.1621060411,-0.3006575893,-0.2966253258,-0.4104471823
0.609,0.01141532448,0.03244015124,0.03876916983,0.01294134241,0.1519550021,0.161694809,-0.2972350175,-0.2988361433,-0.4120085848
0.61,0.01142811777,0.03259195646,0.03893065838,0.01264580796,0.1516550814,0.1612820407,-0.2938382656,-0.3009972627,-0.4135198087
0.611,0.01144061722,0.03274346069,0.03909173342,0.01235365717,0.151353024,0.1608677858,-0.2904676435,-0.3031092798,-0.4149816579
0.612,0.01145282621,0.03289466181,0.03925239347,0.01206486383,0.1510488789,0.1604520935,-0.2871235597,-0.3051731523,-0.4163953399
0.613,0.01146474806,0.03304555776,0.03941263714,0.0117794011,0.1507426934,0.1600350109,-0.2838063529,-0.3071897323,-0.417761875
0.614,0.01147638611,0.03319614653,0.03957246305,0.01149724208,0.1504345149,0.1596165851,-0.2805162376,-0.3091595829,-0.4190819906
0.615,0.01148774364,0.03334642614,0.03973186988,0.01121835948,0.1501243895,0.159196862,-0.2772535944,-0.3110837985,-0.4203570018
0.616,0.01149882391,0.03349639468,0.03989085636,0.01094272568,0.1498123624,0.1587758859,-0.2740185832,-0.3129629019,-0.4215875892
0.617,0.01150963016,0.03364605025,0.04004942125,0.01067031303,0.1494984785,0.1583537013,-0.2708114396,-0.3147977366,-0.422774712
0.618,0.0115201656,0.03379539103,0.04020756337,0.01040109345,0.1491827814,0.1579303507,-0.2676323805,-0.31658909,-0.4239193794
0.619,0.01153043341,0.03394441522,0.04036528157,0.01013503886,0.1488653146,0.1575058764,-0.264481544,-0.3183376143,-0.4250223427
0.62,0.01154043673,0.03409312108,0.04052257476,0.009872120903,0.1485461202,0.1570803196,-0.2613590872,-0.3200440826,-0.4260845147
0.621,0.01155017868,0.0342415069,0.04067944187,0.009612311184,0.1482252402,0.1566537207,-0.2582651293,-0.3217091428,-0.4271067167
0.622,0.01155966237,0.03438957102,0.04083588187,0.00935558111,0.1479027155,0.1562261192,-0.2551997859,-0.3233335915,-0.4280898316
0.623,0.01156889086,0.0345373118,0.04099189378,0.009101902052,0.1475785863,0.1557975538,-0.2521631246,-0.3249180145,-0.4290345625
0.624,0.01157786719,0.03468472767,0.04114747667,0.00885124528,0.1472528925,0.1553680626,-0.2491552137,-0.3264631076,-0.4299417465
0.625,0.01158659435,0.03483181707,0.04130262961,0.008603582026,0.146925673,0.1549376826,-0.2461761126,-0.3279696037,-0.4308121984
0.626,0.01159507534,0.03497857852,0.04145735175,0.008358883451,0.146596966,0.1545064502,-0.2432258156,-0.3294379942,-0.4316465165
0.627,0.0116033131,0.03512501052,0.04161164224,0.008117120782,0.1462668095,0.1540744013,-0.2403043641,-0.3308690626,-0.4324455963
0.628,0.01161131055,0.03527111166,0.04176550029,0.007878265108,0.1459352401,0.1536415706,-0.2374117733,-0.3322634298,-0.4332101099
0.629,0.01161907059,0.03541688055,0.04191892513,0.007642287635,0.1456022947,0.1532079924,-0.2345479726,-0.3336216015,-0.4339407093
0.63,0.01162659607,0.03556231581,0.04207191604,0.007409159568,0.1452680088,0.1527737002,-0.2317129687,-0.3349442837,-0.4346381193
0.631,0.01163388985,0.03570741613,0.04222447231,0.007178852119,0.1449324177,0.152338727,-0.2289067024,-0.3362320114,-0.4353029683
0.632,0.01164095471,0.03585218022,0.04237659327,0.006951336603,0.1445955562,0.1519031049,-0.2261291223,-0.3374854431,-0.4359360272
0.633,0.01164779344,0.03599660683,0.04252827831,0.006726584338,0.1442574581,0.1514668654,-0.2233801566,-0.3387050726,-0.4365377942
0.634,0.01165440879,0.03614069473,0.04267952681,0.006504566783,0.1439181571,0.1510300395,-0.2206597104,-0.3398914834,-0.4371089445
0.635,0.01166080348,0.03628444275,0.0428303382,0.006285255437,0.143577686,0.1505926575,-0.2179677195,-0.3410453012,-0.4376501897
0.636,0.01166698019,0.03642784973,0.04298071195,0.006068621902,0.1432360772,0.1501547489,-0.2153040437,-0.3421669499,-0.4381619496
0.637,0.0116729416,0.03657091454,0.04313064754,0.005854637939,0.1428933626,0.1497163432,-0.2126686142,-0.3432571118,-0.4386449949
0.638,0.01167869034,0.03671363609,0.04328014448,0.00564327531,0.1425495734,0.1492774684,-0.2100612721,-0.3443161729,-0.4390997646
0.639,0.01168422902,0.03685601334,0.04342920233,0.005434506073,0.1422047405,0.1488381529,-0.2074818909,-0.3453446916,-0.4395268337
0.64,0.01168956021,0.03699804524,0.04357782065,0.005228302247,0.141858894,0.1483984237,-0.2049303717,-0.3463432881,-0.4399268987
0.641,0.01169468647,0.0371397308,0.04372599904,0.005024636103,0.1415120637,0.1479583079,-0.2024065235,-0.3473123078,-0.4403002932
0.642,0.01169961032,0.03728106905,0.04387373714,0.004823480021,0.141164279,0.1475178318,-0.1999102151,-0.348252337,-0.4406477013
0.643,0.01170433426,0.03742205905,0.0440210346,0.004624806549,0.1408155686,0.1470770211,-0.1974412685,-0.3491637806,-0.4409694994
0.644,0.01170886075,0.03756269988,0.04416789108,0.004428588414,0.1404659608,0.1466359011,-0.1949995417,-0.3500471851,-0.441266307
0.645,0.01171319224,0.03770299068,0.0443143063,0.004234798453,0.1401154834,0.1461944966,-0.1925848597,-0.3509030364,-0.4415386223
0.646,0.01171733115,0.03784293057,0.04446027999,0.004043409745,0.1397641638,0.1457528319,-0.190197024,-0.3517316947,-0.4417868001
0.647,0.01172127985,0.03798251873,0.04460581189,0.003854395513,0.1394120289,0.1453109309,-0.1878358637,-0.352533652,-0.4420114148
0.648,0.01172504072,0.03812175437,0.04475090178,0.003667729186,0.1390591052,0.1448688168,-0.1855012097,-0.3533094394,-0.4422129657
0.649,0.01172861609,0.03826063669,0.04489554946,0.003483384331,0.1387054187,0.1444265125,-0.1831928294,-0.3540593266,-0.4423917688
0.65,0.01173200825,0.03839916496,0.04503975475,0.003301334822,0.138350995,0.1439840407,-0.1809105792,-0.3547838925,-0.4425483968
0.651,0.01173521951,0.03853733844,0.04518351749,0.003121554541,0.1379958592,0.143541423,-0.1786542175,-0.3554834971,-0.4426832309
0.652,0.01173825211,0.03867515645,0.04532683755,0.002944017824,0.1376400362,0.1430986813,-0.1764235332,-0.3561584572,-0.4427966275
0.653,0.01174110829,0.03881261829,0.04546971482,0.00276869897,0.1372835503,0.1426558367,-0.1742183868,-0.3568093921,-0.442889162
0.654,0.01174379024,0.03894972333,0.0456121492,0.002595572627,0.1369264254,0.1422129099,-0.1720384927,-0.3574365422,-0.4429611239
0.655,0.01174630015,0.03908647094,0.04575414062,0.002424613627,0.136568685,0.1417699212,-0.1698836805,-0.3580403084,-0.4430129302
0.656,0.01174864018,0.03922286051,0.04589568903,0.002255796979,0.1362103524,0.1413268906,-0.1677537357,-0.3586211436,-0.4430449705
0.657,0.01175081245,0.03935889145,0.04603679439,0.002089097947,0.1358514503,0.1408838377,-0.1656484001,-0.3591793349,-0.4430576161
0.658,0.01175281908,0.03949456323,0.0461774567,0.001924492031,0.1354920011,0.1404407817,-0.1635675302,-0.3597153778,-0.443051328
0.659,0.01175466213,0.03962987528,0.04631767596,0.001761954821,0.1351320268,0.1399977413,-0.1615108424,-0.3602295344,-0.4430263677
0.66,0.01175634367,0.03976482711,0.0464574522,0.001601462354,0.1347715492,0.1395547351,-0.1594781359,-0.3607222137,-0.4429831432
0.661,0.01175786573,0.03989941822,0.04659678545,0.001442990629,0.1344105894,0.139111781,-0.1574691949,-0.3611937232,-0.4429219685
0.662,0.01175923031,0.04003364814,0.04673567578,0.00128651612,0.1340491687,0.138668897,-0.1554837782,-0.3616444434,-0.442843233
0.663,0.01176043942,0.04016751641,0.04687412327,0.001132015298,0.1336873073,0.1382261002,-0.1535217012,-0.3620747958,-0.4427473
0.664,0.01176149499,0.04030102261,0.04701212802,0.0009794650244,0.1333250258,0.137783408,-0.1515826962,-0.362484986,-0.4426344677
0.665,0.01176239899,0.04043416633,0.04714969013,0.0008288422905,0.132962344,0.1373408368,-0.1496665157,-0.3628752913,-0.4425048965
0.666,0.01176315331,0.04056694717,0.04728680974,0.0006801244397,0.1325992817,0.1368984036,-0.1477730262,-0.3632463165,-0.4423592601
0.667,0.01176375986,0.04069936477,0.04742348699,0.0005332887725,0.1322358577,0.1364561236,-0.1459019316,-0.3635981608,-0.4421976531
0.668,0.01176422051,0.04083141877,0.04755972204,0.0003883131924,0.1318720917,0.1360140135,-0.1440529513,-0.3639309734,-0.4420201455
0.669,0.0117645371,0.04096310885,0.04769551508,0.0002451755357,0.1315080019,0.1355720884,-0.1422260306,-0.3642456321,-0.4418276803
0.67,0.01176471147,0.04109443468,0.04783086628,0.0001038538979,0.1311436065,0.1351303632,-0.1404207658,-0.3645418125,-0.441619878
0.671,0.01176474541,0.04122539596,0.04796577587,-3.567316271e-05,0.1307789242,0.1346888536,-0.1386370077,-0.3648201158,-0.4413973865
0.672,0.01176464071,0.04135599243,0.04810024407,-0.0001734272157,0.1304139721,0.1342475733,-0.1368745642,-0.3650809533,-0.4411605243
0.673,0.01176439914,0.04148622382,0.0482342711,-0.0003094293004,0.1300487681,0.1338065373,-0.1351331198,-0.3653242718,-0.4409092662
0.674,0.01176402243,0.04161608989,0.04836785723,-0.0004437003998,0.1296833293,0.1333657594,-0.1334125213,-0.3655506115,-0.4406441737
0.675,0.01176351231,0.04174559041,0.04850100271,-0.0005762612139,0.1293176725,0.1329252535,-0.1317125538,-0.3657603104,-0.4403655345
0.676,0.01176287047,0.04187472517,0.04863370783,-0.000707132292,0.1289518142,0.1324850328,-0.1300329019,-0.3659532978,-0.4400732508
0.677,0.0117620986,0.04200349398,0.04876597288,-0.0008363337422,0.1285857713,0.1320451113,-0.1283734517,-0.36613022,-0.4397679746
0.678,0.01176119835,0.04213189666,0.04889779816,-0.0009638858374,0.1282195591,0.1316055012,-0.1267339161,-0.366291144,-0.4394498032
0.679,0.01176017137,0.04225993304,0.04902918399,-0.001089808144,0.1278531942,0.131166216,-0.1251140814,-0.3664363175,-0.4391188823
0.68,0.01175901927,0.042387603,0.0491601307,-0.001214120505,0.1274866916,0.1307272675,-0.1235137973,-0.3665662643,-0.4387757735
0.681,0.01175774366,0.04251490639,0.04929063864,-0.001336842149,0.1271200668,0.1302886685,-0.1219326799,-0.3666806713,-0.4384201392
0.682,0.01175634611,0.0426418431,0.04942070816,-0.00145799223,0.1267533352,0.1298504312,-0.1203707164,-0.3667804491,-0.4380528861
0.683,0.01175482819,0.04276841303,0.04955033963,-0.001577589858,0.1263865108,0.1294125666,-0.1188275786,-0.3668655059,-0.4376739071
0.684,0.01175319145,0.04289461609,0.04967953342,-0.001695653585,0.126019609,0.1289750872,-0.1173029982,-0.3669358864,-0.4372831832
0.685,0.01175143739,0.04302045222,0.04980828993,-0.001812202005,0.1256526438,0.128538004,-0.1157969094,-0.366992304,-0.4368814733
0.686,0.01174956754,0.04314592136,0.04993660956,-0.001927253469,0.1252856291,0.128101328,-0.1143089974,-0.3670346472,-0.4364686362
0.687,0.01174758338,0.04327102347,0.05006449273,-0.002040825992,0.124918579,0.1276650703,-0.1128390513,-0.3670632065,-0.4360448914
0.688,0.01174548638,0.04339575851,0.05019193985,-0.002152937503,0.1245515071,0.1272292417,-0.1113869239,-0.3670783319,-0.435610642
0.689,0.01174327798,0.04352012648,0.05031895136,-0.002263605694,0.1241844268,0.1267938526,-0.1099523375,-0.3670800368,-0.4351658571
0.69,0.01174095964,0.04364412737,0.0504455277,-0.002372847971,0.1238173514,0.1263589134,-0.1085351274,-0.3670687034,-0.4347108981
0.691,0.01173853276,0.04376776119,0.05057166934,-0.002480681677,0.1234502937,0.1259244341,-0.1071351273,-0.3670446245,-0.4342460413
0.692,0.01173599874,0.04389102797,0.05069737673,-0.002587123872,0.1230832664,0.1254904246,-0.105752038,-0.3670077677,-0.4337712052
0.693,0.01173335897,0.04401392774,0.05082265035,-0.002692191339,0.1227162823,0.1250568949,-0.1043857068,-0.3669584025,-0.4332867403
0.694,0.01173061481,0.04413646055,0.05094749068,-0.002795900813,0.1223493537,0.1246238543,-0.1030359749,-0.3668969167,-0.4327929133
0.695,0.01172776761,0.04425862647,0.05107189822,-0.00289826874,0.1219824925,0.1241913121,-0.1017025917,-0.3668233863,-0.432289807
0.696,0.01172481871,0.04438042556,0.05119587347,-0.002999311384,0.1216157109,0.1237592777,-0.1003853599,-0.3667378958,-0.4317775144
0.697,0.01172176943,0.04450185792,0.05131941695,-0.00309904479,0.1212490206,0.1233277601,-0.09908412112,-0.3666408237,-0.4312563787
0.698,0.01171862106,0.04462292364,0.05144252917,-0.003197484891,0.120882433,0.1228967678,-0.09779868994,-0.3665324188,-0.4307266709
0.699,0.01171537488,0.04474362282,0.05156521066,-0.003294647361,0.1205159595,0.1224663096,-0.0965288105,-0.3664125539,-0.4301881509
0.7,0.01171203218,0.0448639556,0.05168746197,-0.003390547648,0.1201496116,0.1220363943,-0.09527435346,-0.3662817048,-0.4296413648
0.701,0.0117085942,0.04498392209,0.05180928363,-0.003485201141,0.1197833998,0.1216070296,-0.09403510647,-0.3661399094,-0.4290863251
0.702,0.01170506219,0.04510352245,0.05193067621,-0.003578622876,0.1194173353,0.1211782243,-0.09281090485,-0.3659874471,-0.4285231972
0.703,0.01170143736,0.04522275681,0.05205164027,-0.003670827901,0.1190514284,0.1207499859,-0.0916015646,-0.3658244982,-0.4279522992
0.704,0.01169772093,0.04534162536,0.05217217638,-0.00376183089,0.1186856898,0.1203223224,-0.09040686445,-0.3656510535,-0.4273734845
0.705,0.0116939141,0.04546012825,0.05229228511,-0.003851646462,0.1183201296,0.1198952414,-0.08922666344,-0.3654674898,-0.4267871208
0.706,0.01169001803,0.04557826568,0.05241196706,-0.003940288991,0.1179547582,0.1194687506,-0.08806078322,-0.3652738859,-0.4261933616
0.707,0.01168603391,0.04569603784,0.05253122281,-0.004027772741,0.1175895852,0.1190428571,-0.08690904398,-0.365070478,-0.4255922975
0.708,0.01168196287,0.04581344492,0.05265005297,-0.00411411173,0.1172246205,0.1186175684,-0.08577124357,-0.3648573063,-0.424984049
0.709,0.01167780606,0.04593048715,0.05276845815,-0.004199319829,0.1168598737,0.1181928914,-0.08464725638,-0.3646346636,-0.4243688291
0.71,0.0116735646,0.04604716474,0.05288643896,-0.004283410783,0.1164953543,0.117768833,-0.08353688406,-0.3644025952,-0.4237467226
0.711,0.01166923961,0.04616347794,0.05300399603,-0.004366398082,0.1161310716,0.1173454001,-0.08243996485,-0.3641613805,-0.4231179612
0.712,0.01166483217,0.04627942697,0.05312112997,-0.004448295141,0.1157670345,0.1169225993,-0.08135633269,-0.3639111045,-0.4224825416
0.713,0.01166034337,0.04639501209,0.05323784144,-0.004529115119,0.1154032524,0.1165004372,-0.08028580296,-0.3636517966,-0.4218406338
0.714,0.01165577429,0.04651023356,0.05335413106,-0.00460887107,0.1150397338,0.1160789201,-0.07922825178,-0.3633838586,-0.4211924759
0.715,0.01165112598,0.04662509165,0.0534699995,-0.004687575891,0.1146764875,0.1156580543,-0.07818351576,-0.3631073916,-0.4205382258
0.716,0.01164639949,0.04673958663,0.05358544739,-0.00476524231,0.1143135219,0.1152378457,-0.07715137925,-0.3628222544,-0.4198777151
0.717,0.01164159584,0.04685371879,0.05370047541,-0.00484188281,0.1139508458,0.1148183009,-0.07613173199,-0.362528855,-0.4192113111
0.718,0.01163671606,0.04696748842,0.05381508422,-0.004917509885,0.1135884669,0.114399425,-0.0751244325,-0.3622273857,-0.4185392037
0.719,0.01163176115,0.04708089583,0.05392927448,-0.004992135732,0.1132263937,0.1139812244,-0.07412929791,-0.3619178332,-0.4178613686
0.72,0.01162673212,0.04719394131,0.05404304689,-0.005065772485,0.1128646339,0.1135637042,-0.07314616545,-0.3616003057,-0.4171779172
0.721,0.01162162994,0.0473066252,0.05415640212,-0.005138432022,0.1125031957,0.1131468703,-0.07217490695,-0.3612750008,-0.4164889497
0.722,0.01161645558,0.04741894781,0.05426934086,-0.00521012621,0.1121420864,0.112730728,-0.07121540179,-0.3609422388,-0.4157948374
0.723,0.01161121,0.04753090949,0.05438186381,-0.005280866675,0.1117813137,0.1123152824,-0.07026743336,-0.3606017785,-0.4150953431
0.724,0.01160589416,0.04764251056,0.05449397166,-0.005350664888,0.1114208853,0.111900539,-0.06933089308,-0.3602539538,-0.4143907283
0.725,0.01160050898,0.04775375137,0.05460566512,-0.005419532231,0.1110608082,0.1114865026,-0.06840567847,-0.3598990559,-0.413681272
0.726,0.0115950554,0.04786463229,0.0547169449,-0.005487479954,0.1107010896,0.1110731781,-0.06749156312,-0.3595367762,-0.4129667012
0.727,0.01158953432,0.04797515367,0.05482781172,-0.005554519031,0.1103417369,0.1106605708,-0.0665884818,-0.3591676923,-0.4122475169
0.728,0.01158394666,0.04808531589,0.05493826629,-0.005620660541,0.1099827565,0.1102486847,-0.06569626169,-0.3587916928,-0.4115235782
0.729,0.0115782933,0.04819511931,0.05504830933,-0.005685915128,0.1096241558,0.1098375252,-0.0648147703,-0.3584088467,-0.4107950486
0.73,0.01157257512,0.04830456433,0.05515794158,-0.005750293613,0.109265941,0.1094270961,-0.06394387054,-0.3580194366,-0.4100620976
0.731,0.011566793,0.04841365133,0.05526716377,-0.00581380636,0.1089081191,0.1090174024,-0.06308343648,-0.3576234508,-0.4093246952
0.732,0.01156094779,0.0485223807,0.05537597663,-0.005876463931,0.1085506962,0.1086084481,-0.0622333399,-0.3572210828,-0.4085830636
0.733,0.01155504035,0.04863075286,0.05548438091,-0.005938276436,0.1081936791,0.1082002377,-0.06139342593,-0.3568123856,-0.4078372037
0.734,0.01154907152,0.0487387682,0.05559237736,-0.005999254143,0.1078370735,0.107792775,-0.06056360914,-0.356397522,-0.4070873137
0.735,0.01154304212,0.04884642714,0.05569996671,-0.006059406969,0.1074808861,0.1073860644,-0.05974371345,-0.3559765239,-0.4063333537
0.736,0.01153695298,0.04895373011,0.05580714974,-0.00611874485,0.1071251225,0.1069801096,-0.05893367348,-0.3555496618,-0.4055755913
0.737,0.0115308049,0.04906067753,0.05591392718,-0.006177277543,0.1067697887,0.1065749145,-0.05813330297,-0.3551168311,-0.4048139441
0.738,0.01152459869,0.04916726983,0.05602029982,-0.006235014645,0.1064148907,0.106170483,-0.05734249967,-0.3546782108,-0.4040485307
0.739,0.01151833513,0.04927350746,0.05612626841,-0.006291965702,0.1060604342,0.1057668187,-0.05656118369,-0.3542340264,-0.4032795794
0.74,0.01151201501,0.04937939085,0.05623183371,-0.006348140122,0.1057064245,0.105363925,-0.055789199,-0.353784294,-0.4025071227
0.741,0.01150563911,0.04948492046,0.05633699651,-0.006403547165,0.1053528674,0.1049618056,-0.05502639544,-0.3533289399,-0.4017309669
0.742,0.01149920817,0.04959009674,0.05644175758,-0.006458195952,0.1049997684,0.1045604642,-0.0542727258,-0.3528683374,-0.4009516
0.743,0.01149272297,0.04969492015,0.0565461177,-0.006512095619,0.1046471325,0.1041599035,-0.05352807401,-0.3524025648,-0.4001690609
0.744,0.01148618423,0.04979939116,0.05665007765,-0.006565255048,0.104294965,0.1037601272,-0.05279222697,-0.3519313959,-0.3993830026
0.745,0.0114795927,0.04990351024,0.05675363822,-0.006617683,0.1039432714,0.1033611385,-0.05206518967,-0.3514553037,-0.3985940029
0.746,0.0114729491,0.05000727786,0.05685680019,-0.006669388315,0.1035920561,0.1029629402,-0.05134682328,-0.3509743,-0.3978019949
0.747,0.01146625416,0.05011069451,0.05695956436,-0.006720379487,0.1032413244,0.1025655355,-0.05063695833,-0.3504882107,-0.3970068159
0.748,0.01145950858,0.05021376067,0.05706193153,-0.006770665043,0.1028910813,0.1021689275,-0.0499355436,-0.3499973777,-0.396208847
0.749,0.01145271306,0.05031647684,0.05716390249,-0.006820253354,0.1025413312,0.1017731188,-0.04924247219,-0.3495019361,-0.3954080431
0.75,0.0114458683,0.0504188435,0.05726547803,-0.006869152731,0.1021920789,0.1013781123,-0.04855761756,-0.3490017444,-0.3946044192
0.751,0.01143897498,0.05052086116,0.05736665898,-0.0069173713,0.1018433292,0.1009839108,-0.0478809105,-0.3484971428,-0.3937982685
0.752,0.01143203378,0.05062253033,0.05746744613,-0.006964917223,0.1014950862,0.1005905167,-0.04721220832,-0.3479880459,-0.3929893867
0.753,0.01142504537,0.05072385151,0.05756784028,-0.007011798354,0.1011473546,0.1001979329,-0.04655139349,-0.3474743826,-0.3921778293
0.754,0.01141801041,0.05082482521,0.05766784226,-0.007058022629,0.1008001388,0.09980616181,-0.04589847426,-0.3469567693,-0.3913641013
0.755,0.01141092954,0.05092545196,0.05776745288,-0.007103597871,0.1004534425,0.09941520554,-0.04525322657,-0.3464347394,-0.3905477768
0.756,0.01140380342,0.05102573227,0.05786667295,-0.007148531621,0.1001072707,0.09902506703,-0.04461559431,-0.3459085303,-0.3897290576
0.757,0.01139663269,0.05112566667,0.05796550329,-0.007192831578,0.09976162677,0.09863574816,-0.04398555386,-0.3453785008,-0.3889082619
0.758,0.01138941797,0.0512252557,0.05806394472,-0.007236505202,0.09941651502,0.09824725126,-0.04336290745,-0.3448443156,-0.3880851274
0.759,0.01138215989,0.05132449988,0.05816199806,-0.007279559842,0.09907193943,0.09785957862,-0.04274761041,-0.3443063185,-0.3872598869
0.76,0.01137485905,0.05142339976,0.05825966415,-0.007322002843,0.09872790367,0.09747273219,-0.04213957135,-0.3437644639,-0.3864325247
0.761,0.01136751608,0.05152195587,0.0583569438,-0.007363841373,0.09838441175,0.09708671423,-0.04153868883,-0.3432188297,-0.3856031631
0.762,0.01136013157,0.05162016877,0.05845383785,-0.00740508258,0.0980414672,0.0967015265,-0.04094489884,-0.342669716,-0.3847719357
0.763,0.01135270611,0.05171803899,0.05855034713,-0.007445733495,0.09769907355,0.09631717101,-0.04035807701,-0.3421168258,-0.3839387016
0.764,0.0113452403,0.0518155671,0.05864647247,-0.007485801034,0.09735723472,0.0959336497,-0.0397781557,-0.3415604494,-0.3831036694
0.765,0.0113377347,0.05191275364,0.05874221471,-0.007525292078,0.09701595379,0.09555096427,-0.03920502963,-0.3410005949,-0.3822668024
0.766,0.0113301899,0.05200959919,0.05883757468,-0.007564213341,0.09667523464,0.09516911665,-0.03863867066,-0.340437472,-0.3814283533
0.767,0.01132260646,0.0521061043,0.05893255322,-0.00760257163,0.09633507996,0.09478810814,-0.03807893432,-0.3398710046,-0.3805881524
0.768,0.01131498495,0.05220226954,0.05902715118,-0.007640373392,0.09599549373,0.0944079409,-0.03752573626,-0.3393011321,-0.3797462661
0.769,0.0113073259,0.05229809548,0.05912136939,-0.007677625267,0.09565647873,0.09402861609,-0.03697905805,-0.3387282891,-0.3789030079
0.77,0.01129962988,0.05239358269,0.05921520869,-0.007714333636,0.09531803821,0.09365013542,-0.03643873191,-0.338152143,-0.3780580488
0.771,0.01129189741,0.05248873175,0.05930866994,-0.007750504846,0.09498017543,0.09327250045,-0.03590477942,-0.3375731294,-0.3772117954
0.772,0.01128412904,0.05258354323,0.05940175398,-0.007786145272,0.09464289295,0.09289571228,-0.0353770393,-0.3369910618,-0.3763641556
0.773,0.0112763253,0.05267801773,0.05949446165,-0.007821260975,0.0943061943,0.0925197726,-0.03485544595,-0.3364059602,-0.3755150075
0.774,0.01126848669,0.05277215582,0.0595867938,-0.007855858196,0.09397008197,0.09214468268,-0.03433995427,-0.3358180943,-0.3746646658
0.775,0.01126061375,0.05286595809,0.0596787513,-0.007889942894,0.09363455903,0.09177044367,-0.03383050816,-0.3352275263,-0.3738132375
0.776,0.01125270698,0.05295942513,0.05977033498,-0.007923521184,0.09329962786,0.09139705664,-0.0333269612,-0.3346340705,-0.3729603753
0.777,0.01124476688,0.05305255754,0.05986154569,-0.007956598769,0.09296529179,0.0910245233,-0.03282925277,-0.3340378911,-0.3721063999
0.778,0.01123679395,0.05314535592,0.05995238431,-0.007989181632,0.09263155291,0.09065284417,-0.03233741313,-0.3334392927,-0.3712515154
0.779,0.01122878868,0.05323782085,0.06004285167,-0.008021275493,0.09229841408,0.09028202064,-0.03185124864,-0.3328380059,-0.3703954352
0.78,0.01122075156,0.05332995295,0.06013294863,-0.008052886011,0.09196587775,0.08991205363,-0.03137072449,-0.3322342043,-0.3695383747
0.781,0.01121268306,0.05342175281,0.06022267606,-0.008084018806,0.09163394649,0.08954294422,-0.03089579352,-0.3316279029,-0.3686802775
0.782,0.01120458368,0.05351322104,0.06031203481,-0.008114679438,0.09130262271,0.08917469336,-0.03042637962,-0.3310193278,-0.3678214083
0.783,0.01119645386,0.05360435826,0.06040102573,-0.00814487338,0.09097190862,0.08880730169,-0.02996241731,-0.3304084051,-0.3669616742
0.784,0.01118829408,0.05369516506,0.0604896497,-0.008174606063,0.09064180668,0.08844077031,-0.02950382045,-0.3297951153,-0.3661010392
0.785,0.0111801048,0.05378564207,0.06057790756,-0.008203882788,0.09031231913,0.08807509988,-0.02905051433,-0.3291795682,-0.3652395279
0.786,0.01117188647,0.05387578991,0.06066580019,-0.008232708847,0.08998344825,0.08771029146,-0.02860250307,-0.328561966,-0.3643774891
0.787,0.01116363953,0.05396560918,0.06075332843,-0.00826108952,0.08965519592,0.08734634514,-0.02815965852,-0.3279422014,-0.3635147303
0.788,0.01115536443,0.05405510051,0.06084049316,-0.008289029865,0.08932756457,0.08698326226,-0.02772188495,-0.3273202167,-0.3626510565
0.789,0.01114706162,0.05414426451,0.06092729524,-0.008316534983,0.08900055614,0.08662104319,-0.02728922508,-0.3266963557,-0.3617870604
0.79,0.01113873151,0.05423310183,0.06101373554,-0.008343609979,0.08867417251,0.08625968835,-0.02686154088,-0.3260704191,-0.3609223042
0.791,0.01113037454,0.05432161307,0.06109981491,-0.008370259711,0.08834841592,0.08589919873,-0.02643879115,-0.3254426906,-0.3600571668
0.792,0.01112199113,0.05440979887,0.06118553422,-0.008396489187,0.08802328777,0.08553957419,-0.02602093302,-0.3248130554,-0.3591915365
0.793,0.0111135817,0.05449765985,0.06127089435,-0.008422303171,0.08769879047,0.08518081588,-0.02560782684,-0.3241812955,-0.3583251079
0.794,0.01110514666,0.05458519666,0.06135589614,-0.008447706438,0.08737492573,0.08482292407,-0.02519953425,-0.3235480545,-0.3574585853
0.795,0.01109668642,0.05467240992,0.06144054048,-0.00847270381,0.08705169493,0.08446589881,-0.02479596682,-0.3229131454,-0.3565917717
0.796,0.01108820139,0.05475930026,0.06152482823,-0.008497299904,0.08672910005,0.08410974069,-0.02439694941,-0.3222762101,-0.3557242476
0.797,0.01107969195,0.05484586833,0.06160876025,-0.008521499245,0.08640714303,0.08375445039,-0.02400257234,-0.3216378119,-0.3548566141
0.798,0.01107115852,0.05493211476,0.06169233742,-0.008545306561,0.08608582496,0.08340002755,-0.02361274414,-0.3209978728,-0.3539887287
0.799,0.01106260147,0.05501804019,0.0617755606,-0.008568726215,0.08576514783,0.08304647303,-0.0232273307,-0.3203561717,-0.3531204725
0.8,0.01105402119,0.05510364527,0.06185843066,-0.008591762706,0.08544511308,0.08269378665,-0.02284640852,-0.3197132359,-0.3522522326
0.801,0.01104541807,0.05518893063,0.06194094846,-0.00861442048,0.0851257219,0.08234196868,-0.0224697858,-0.3190684904,-0.3513834957
0.802,0.01103679248,0.05527389693,0.06202311488,-0.00863670372,0.08480697656,0.08199101969,-0.02209750693,-0.3184224898,-0.3505148259
0.803,0.01102814479,0.0553585448,0.06210493079,-0.008658616921,0.08448887737,0.08164093905,-0.02172952855,-0.3177752493,-0.3496461389
0.804,0.01101947536,0.0554428749,0.06218639705,-0.008680164167,0.08417142658,0.08129172749,-0.02136566922,-0.3171261942,-0.3487769945
0.805,0.01101078458,0.05552688787,0.06226751453,-0.008701349658,0.08385462535,0.08094338503,-0.02100605421,-0.3164762636,-0.3479081621
0.806,0.01100207278,0.05561058437,0.06234828411,-0.008722177642,0.08353847449,0.08059591118,-0.02065052372,-0.3158249523,-0.3470392398
0.807,0.01099334034,0.05569396504,0.06242870665,-0.008742652054,0.08322297589,0.08024930657,-0.02029902722,-0.3151722217,-0.3461701537
0.808,0.0109845876,0.05577703054,0.06250878301,-0.008762777042,0.08290813041,0.07990357082,-0.01995159767,-0.314518562,-0.3453013695
0.809,0.0109758149,0.05585978152,0.06258851408,-0.008782556561,0.08259393919,0.07955870384,-0.019608063,-0.3138634615,-0.3444323871
0.81,0.0109670226,0.05594221863,0.06266790071,-0.00880199448,0.08228040383,0.07921470598,-0.01926850162,-0.3132074496,-0.3435637174
0.811,0.01095821103,0.05602434254,0.06274694378,-0.008821094854,0.08196752465,0.07887157637,-0.01893279685,-0.3125503441,-0.3426951396
0.812,0.01094938052,0.0561061539,0.06282564415,-0.008839861347,0.08165530351,0.07852931566,-0.01860089556,-0.3118920569,-0.3418266017
0.813,0.01094053141,0.05618765337,0.0629040027,-0.008858297908,0.08134374087,0.07818792308,-0.01827280645,-0.3112328973,-0.340958431
0.814,0.01093166403,0.0562688416,0.06298202029,-0.008876408197,0.08103283808,0.07784739876,-0.01794839125,-0.3105725236,-0.3400901986
0.815,0.0109227787,0.05634971927,0.06305969779,-0.00889419593,0.08072259609,0.07750774256,-0.0176277415,-0.3099115396,-0.3392225442
0.816,0.01091387575,0.05643028702,0.06313703606,-0.008911664888,0.08041301532,0.07716895361,-0.0173106914,-0.3092494611,-0.3383549638
0.817,0.01090495548,0.05651054552,0.06321403598,-0.008928818511,0.08010409747,0.07683103254,-0.01699722448,-0.3085864216,-0.3374876112
0.818,0.01089601821,0.05659049543,0.06329069842,-0.008945660533,0.07979584272,0.07649397825,-0.01668738585,-0.3079228146,-0.336620854
0.819,0.01088706426,0.05667013742,0.06336702423,-0.008962194444,0.07948825215,0.07615779076,-0.01638099227,-0.3072580959,-0.335754112
0.82,0.01087809393,0.05674947216,0.06344301429,-0.008978423679,0.07918132677,0.07582246987,-0.01607810174,-0.3065927694,-0.3348879251
0.821,0.01086910751,0.0568285003,0.06351866946,-0.008994351796,0.07887506686,0.07548801477,-0.01577865573,-0.3059266863,-0.3340221207
0.822,0.01086010532,0.05690722251,0.06359399061,-0.009009982118,0.07856947364,0.07515442552,-0.01548257562,-0.3052597699,-0.3331565913
0.823,0.01085108765,0.05698563947,0.0636689786,-0.009025318068,0.07826454751,0.0748217014,-0.01518988429,-0.304592401,-0.3322917779
0.824,0.01084205478,0.05706375183,0.0637436343,-0.009040362989,0.07796028908,0.07448984184,-0.01490048655,-0.303924243,-0.3314272311
0.825,0.01083300702,0.05714156027,0.06381795857,-0.009055120131,0.07765669925,0.0741588468,-0.01461435075,-0.303255351,-0.3305630995
0.826,0.01082394464,0.05721906545,0.06389195228,-0.009069592777,0.07735377854,0.07382871543,-0.01433148175,-0.3025860936,-0.3296997263
0.827,0.01081486793,0.05729626805,0.06396561629,-0.009083784158,0.07705152726,0.07349944719,-0.0140517977,-0.3019161991,-0.3288367031
0.828,0.01080577716,0.05737316873,0.06403895146,-0.009097697422,0.07674994634,0.07317104184,-0.01377525568,-0.3012456378,-0.327974206
0.829,0.01079667262,0.05744976817,0.06411195866,-0.009111335713,0.07644903614,0.07284349857,-0.01350184916,-0.3005746661,-0.327112388
0.83,0.01078755458,0.05752606703,0.06418463874,-0.009124702154,0.07614879714,0.07251681686,-0.01323155973,-0.2999033552,-0.3262512105
0.831,0.01077842331,0.05760206598,0.06425699258,-0.009137799846,0.0758492296,0.07219099596,-0.01296428828,-0.2992314734,-0.3253905439
0.832,0.01076927907,0.05767776571,0.06432902102,-0.009150631736,0.07555033436,0.07186603557,-0.0127000294,-0.2985590549,-0.324530501
0.833,0.01076012213,0.05775316688,0.06440072494,-0.009163200898,0.07525211159,0.07154193473,-0.01243876074,-0.2978863857,-0.3236711576
0.834,0.01075095275,0.05782827016,0.06447210518,-0.00917551024,0.07495456169,0.07121869301,-0.01218045088,-0.2972134169,-0.3228125501
0.835,0.0107417712,0.05790307623,0.06454316261,-0.009187562768,0.0746576849,0.07089630941,-0.01192503865,-0.29653999,-0.3219545975
0.836,0.01073257771,0.05797758575,0.06461389808,-0.009199361273,0.07436148183,0.07057478359,-0.0116724872,-0.2958661796,-0.3210972824
0.837,0.01072337256,0.05805179941,0.06468431246,-0.009210908696,0.0740659526,0.07025411458,-0.01142281538,-0.2951922771,-0.3202408087
0.838,0.01071415598,0.05812571788,0.0647544066,-0.009222207839,0.07377109739,0.06993430173,-0.01117592434,-0.2945179706,-0.3193850436
0.839,0.01070492822,0.05819934183,0.06482418135,-0.009233261473,0.07347691673,0.06961534423,-0.01093183129,-0.2938434929,-0.3185301098
0.84,0.01069568954,0.05827267194,0.06489363757,-0.009244072415,0.07318341048,0.06929724126,-0.01069047585,-0.293168761,-0.3176758735
0.841,0.01068644016,0.05834570888,0.06496277612,-0.009254643327,0.07289057927,0.06897999222,-0.01045182994,-0.2924938347,-0.3168224637
0.842,0.01067718033,0.05841845332,0.06503159784,-0.009264976971,0.07259842285,0.06866359605,-0.01021588218,-0.2918188122,-0.3159699776
0.843,0.01066791028,0.05849090595,0.06510010359,-0.009275075974,0.0723069417,0.06834805199,-0.009982566856,-0.2911435672,-0.3151182149
0.844,0.01065863025,0.05856306743,0.06516829423,-0.009284942981,0.07201613575,0.06803335932,-0.009751893954,-0.2904682881,-0.3142674012
0.845,0.01064934047,0.05863493845,0.0652361706,-0.009294580623,0.07172600519,0.06771951691,-0.009523788008,-0.2897927553,-0.3134173589
0.846,0.01064004117,0.05870651967,0.06530373355,-0.009303991413,0.07143655023,0.06740652429,-0.009298257693,-0.2891172998,-0.3125682707
0.847,0.01063073257,0.05877781177,0.06537098393,-0.009313177985,0.07114777059,0.06709438005,-0.00907527482,-0.2884418195,-0.3117202061
0.848,0.01062141489,0.05884881543,0.06543792259,-0.009322142791,0.07085966663,0.0667830836,-0.008854766638,-0.2877661607,-0.3108728414
0.849,0.01061208835,0.05891953133,0.06550455038,-0.009330888346,0.07057223827,0.06647263403,-0.008636741604,-0.2870905859,-0.3100265496
0.85,0.01060275318,0.05898996014,0.06557086814,-0.009339417093,0.07028548545,0.06616303017,-0.008421185949,-0.2864150822,-0.3091812834
0.851,0.01059340959,0.05906010253,0.06563687672,-0.009347731517,0.06999940811,0.06585427117,-0.008208006974,-0.2857394508,-0.3083367637
0.852,0.01058405779,0.05912995918,0.06570257696,-0.009355833907,0.0697140065,0.06554635628,-0.007997240782,-0.2850639889,-0.3074934248
0.853,0.01057469799,0.05919953077,0.06576796971,-0.00936372679,0.0694292801,0.06523928399,-0.007788853221,-0.2843886355,-0.3066510474
0.854,0.01056533041,0.05926881796,0.06583305581,-0.009371412389,0.06914522922,0.06493305386,-0.007582775011,-0.2837132972,-0.305809638
0.855,0.01055595524,0.05933782145,0.0658978361,-0.009378893111,0.06886185347,0.06462766437,-0.007379011356,-0.2830380481,-0.3049692252
0.856,0.01054657269,0.0594065419,0.06596231142,-0.009386171174,0.06857915306,0.06432311505,-0.00717753862,-0.2823630583,-0.3041299591
0.857,0.01053718296,0.05947497998,0.06602648261,-0.009393248942,0.06829712731,0.06401940411,-0.006978337829,-0.2816881917,-0.3032917402
0.858,0.01052778626,0.05954313638,0.06609035051,-0.009400128587,0.06801577664,0.06371653124,-0.00678132626,-0.2810133615,-0.3024544204
0.859,0.01051838277,0.05961101176,0.06615391595,-0.009406812336,0.06773510049,0.06341449488,-0.006586569506,-0.2803389365,-0.3016184177
0.86,0.0105089727,0.0596786068,0.06621717978,-0.009413302451,0.06745509872,0.06311329407,-0.006393958171,-0.2796645389,-0.3007833236
0.861,0.01049955623,0.05974592218,0.06628014282,-0.009419600974,0.06717577133,0.06281292785,-0.006203515674,-0.2789904592,-0.2999494199
0.862,0.01049013356,0.05981295857,0.06634280591,-0.009425710195,0.06689711772,0.06251339486,-0.006015203093,-0.2783165968,-0.2991165735
0.863,0.01048070487,0.05987971664,0.06640516988,-0.009431632086,0.06661913803,0.06221469432,-0.005829020751,-0.2776431199,-0.2982850364
0.864,0.01047127035,0.05994619707,0.06646723557,-0.009437368925,0.06634183141,0.06191682445,-0.005644901972,-0.2769697345,-0.29745442
0.865,0.01046183019,0.06001240053,0.06652900381,-0.009442922573,0.06606519846,0.06161978508,-0.005462811193,-0.2762966618,-0.2966249408
0.866,0.01045238457,0.06007832769,0.06659047542,-0.009448295239,0.06578923794,0.06132357412,-0.005282847727,-0.2756242435,-0.2957970032
0.867,0.01044293366,0.06014397923,0.06665165123,-0.009453488927,0.06551394993,0.06102819075,-0.005104805684,-0.2749516829,-0.2949697439
0.868,0.01043347765,0.06020935581,0.06671253208,-0.009458505522,0.06523933443,0.0607336342,-0.004928800532,-0.274279717,-0.294143947
0.869,0.01042401671,0.06027445812,0.06677311878,-0.00946334719,0.06496539035,0.06043990246,-0.004754782397,-0.2736081956,-0.293319377
0.87,0.01041455101,0.06033928682,0.06683341216,-0.009468015728,0.06469211794,0.06014699507,-0.004582664001,-0.2729368528,-0.2924958418
0.871,0.01040508074,0.06040384258,0.06689341304,-0.009472513165,0.06441951649,0.05985491033,-0.004412518961,-0.2722660881,-0.2916737611
0.872,0.01039560604,0.06046812607,0.06695312225,-0.009476841398,0.06414758563,0.05956364717,-0.004244246773,-0.2715956557,-0.2908526883
0.873,0.01038612711,0.06053213797,0.06701254061,-0.009481002286,0.06387632505,0.05927320454,-0.004077858168,-0.2709255827,-0.2900328875
0.874,0.01037664409,0.06059587895,0.06707166893,-0.009484997739,0.06360573428,0.05898358094,-0.003913362039,-0.2702561543,-0.2892145455
0.875,0.01036715717,0.06065934967,0.06713050804,-0.009488829623,0.06333581261,0.05869477507,-0.003750683683,-0.2695870346,-0.2883972427
0.876,0.01035766649,0.0607225508,0.06718905876,-0.00949249971,0.06306656007,0.05840678604,-0.003589809331,-0.2689183247,-0.2875811919
0.877,0.01034817222,0.06078548301,0.06724732189,-0.009496009849,0.06279797576,0.05811961222,-0.003430786146,-0.2682503247,-0.2867666426
0.878,0.01033867452,0.06084814697,0.06730529825,-0.009499361868,0.06253005927,0.05783325235,-0.003273489119,-0.2675826726,-0.2859531735
0.879,0.01032917355,0.06091054335,0.06736298866,-0.009502557418,0.06226281024,0.05754770544,-0.003117995662,-0.2669155934,-0.2851410922
0.88,0.01031966946,0.06097267281,0.06742039393,-0.009505598436,0.06199622791,0.05726296975,-0.00296423064,-0.2662490345,-0.28433036
0.881,0.0103101624,0.06103453603,0.06747751487,-0.00950848645,0.061730312,0.05697904431,-0.002812143639,-0.2655828829,-0.2835206714
0.882,0.01030065254,0.06109613366,0.06753435229,-0.009511223305,0.06146506191,0.05669592791,-0.002661844269,-0.2649176468,-0.2827127569
0.883,0.01029114001,0.06115746637,0.067590907,-0.009513810694,0.06120047656,0.0564136184,-0.002513173372,-0.26425271,-0.2819058949
0.884,0.01028162496,0.06121853483,0.0676471798,-0.009516250205,0.0609365563,0.05613211568,-0.002366161845,-0.2635882788,-0.2811002538
0.885,0.01027210756,0.06127933971,0.0677031715,-0.009518543573,0.06067329975,0.0558514174,-0.002220840157,-0.2629247657,-0.2802963057
0.886,0.01026258793,0.06133988165,0.0677588829,-0.009520692422,0.06041070661,0.05557152266,-0.00207708926,-0.2622615688,-0.2794933616
0.887,0.01025306622,0.06140016134,0.06781431481,-0.009522698296,0.06014877641,0.05529243021,-0.001934995892,-0.2615990775,-0.2786919424
0.888,0.01024354258,0.06146017943,0.06786946803,-0.009524562948,0.05988750822,0.05501413829,-0.001794520478,-0.2609374266,-0.2778920878
0.889,0.01023401714,0.06151993658,0.06792434335,-0.009526287849,0.05962690137,0.05473664562,-0.001655533783,-0.2602761695,-0.277093252
0.89,0.01022449005,0.06157943345,0.06797894158,-0.009527874542,0.05936695565,0.05445995131,-0.001518161031,-0.2596156007,-0.2762959245
0.891,0.01021496144,0.06163867071,0.06803326352,-0.009529324691,0.05910766991,0.05418405326,-0.001382354409,-0.2589558945,-0.2755001561
0.892,0.01020543144,0.06169764901,0.06808730996,-0.009530639753,0.05884904365,0.05390895055,-0.001248031518,-0.2582967468,-0.2747056428
0.893,0.0101959002,0.06175636902,0.06814108169,-0.009531821253,0.05859107619,0.05363464153,-0.001115204825,-0.2576382185,-0.2739124908
0.894,0.01018636784,0.06181483138,0.0681945795,-0.009532870665,0.05833376695,0.05336112509,-0.0009839149894,-0.2569805111,-0.2731207868
0.895,0.0101768345,0.06187303677,0.0682478042,-0.009533789573,0.05807711493,0.05308839945,-0.000854083514,-0.25632358,-0.2723306654
0.896,0.01016730031,0.06193098583,0.06830075657,-0.009534579312,0.05782111956,0.05281646332,-0.0007256899075,-0.2556672534,-0.2715417045
0.897,0.01015776539,0.06198867923,0.06835343739,-0.009535241437,0.05756578016,0.05254531554,-0.0005987587813,-0.2550116901,-0.2707543144
0.898,0.01014822987,0.06204611761,0.06840584746,-0.009535777305,0.05731109592,0.05227495421,-0.0004732409126,-0.2543569448,-0.2699683866
0.899,0.01013869387,0.06210330164,0.06845798756,-0.009536188397,0.05705706601,0.05200537828,-0.0003491880179,-0.2537030182,-0.2691839178
0.9,0.01012915753,0.06216023196,0.06850985848,-0.009536476135,0.05680368964,0.05173658592,-0.0002264667403,-0.253049711,-0.2684007907
0.901,0.01011962096,0.06221690923,0.06856146099,-0.009536641791,0.05655096631,0.05146857622,-0.0001051323742,-0.2523972294,-0.2676191092
0.902,0.01011008429,0.06227333411,0.06861279589,-0.00953668686,0.0562988949,0.05120134719,1.480553961e-05,-0.2517456027,-0.2668390114
0.903,0.01010054763,0.06232950724,0.06866386395,-0.009536612631,0.05604747484,0.05093489772,0.0001333945975,-0.2510947778,-0.266060304
0.904,0.0100910111,0.06238542928,0.06871466594,-0.009536420515,0.05579670508,0.05066922609,0.0002506676507,-0.2504447595,-0.2652830902
0.905,0.01008147483,0.06244110087,0.06876520266,-0.009536111742,0.05554658505,0.05040433105,0.000366582307,-0.2497955961,-0.2645073769
0.906,0.01007193892,0.06249652266,0.06881547486,-0.009535687782,0.05529711362,0.05014021085,0.0004812212911,-0.249147189,-0.2637330805
0.907,0.01006240349,0.06255169531,0.06886548334,-0.009535149728,0.05504829038,0.04987686439,0.0005945787482,-0.2484996701,-0.2629602924
0.908,0.01005286865,0.06260661946,0.06891522885,-0.009534499056,0.05480011398,0.04961428977,0.0007066046966,-0.2478530658,-0.2621890266
0.909,0.01004333453,0.06266129575,0.06896471217,-0.009533736936,0.05455258397,0.04935248586,0.0008174052797,-0.2472072482,-0.2614192101
0.91,0.01003380122,0.06271572484,0.06901393408,-0.009532864664,0.05430569919,0.04909145085,0.0009269385389,-0.2465623304,-0.2606509392
0.911,0.01002426883,0.06276990737,0.06906289533,-0.009531883473,0.05405945901,0.04883118348,0.001035228652,-0.2459182636,-0.2598840865
0.912,0.01001473749,0.06282384397,0.0691115967,-0.009530794615,0.05381386235,0.04857168214,0.00114228928,-0.2452752897,-0.2591189767
0.913,0.01000520728,0.06287753531,0.06916003895,-0.009529599293,0.05356890817,0.04831294508,0.001248172464,-0.2446329289,-0.2583550726
0.914,0.009995678323,0.06293098201,0.06920822285,-0.009528298675,0.05332459618,0.04805497149,0.001352823561,-0.243991537,-0.2575927761
0.915,0.009986150718,0.06298418471,0.06925614915,-0.009526894045,0.05308092475,0.04779775897,0.001456264796,-0.2433513196,-0.2568321918
0.916,0.009976624569,0.06303714407,0.06930381862,-0.00952538653,0.05283789327,0.04754130662,0.001558579871,-0.2427117613,-0.256072902
0.917,0.009967099978,0.06308986071,0.06935123201,-0.009523777277,0.05259550091,0.04728561266,0.001659703082,-0.2420732651,-0.2553152967
0.918,0.009957577048,0.06314233528,0.06939839009,-0.009522067503,0.05235374643,0.04703067554,0.001759695254,-0.2414356263,-0.2545590683
0.919,0.009948055877,0.06319456842,0.06944529362,-0.009520258267,0.05211262932,0.04677649399,0.001858537521,-0.2407990235,-0.253804516
0.92,0.009938536564,0.06324656075,0.06949194333,-0.009518350804,0.05187214806,0.046523066,0.001956243652,-0.2401634482,-0.2530515138
0.921,0.009929019207,0.06329831293,0.06953834,-0.009516346141,0.05163230215,0.04627039048,0.002052885422,-0.2395285181,-0.2522997705
0.922,0.009919503904,0.06334982557,0.06958448436,-0.009514245411,0.05139309063,0.04601846587,0.002148358748,-0.23889506,-0.2515500299
0.923,0.009909990748,0.06340109932,0.06963037718,-0.009512049781,0.05115451175,0.04576728993,0.002242782132,-0.2382622684,-0.2508015852
0.924,0.009900479835,0.0634521348,0.06967601919,-0.009509760206,0.05091656578,0.04551686219,0.002336121531,-0.237630447,-0.2500546159
0.925,0.009890971259,0.06350293266,0.06972141115,-0.009507377892,0.05067925051,0.04526718018,0.002428388111,-0.2369998013,-0.2493093336
0.926,0.00988146511,0.06355349351,0.0697665538,-0.009504903778,0.05044256588,0.04501824302,0.002519640746,-0.2363699349,-0.248565505
0.927,0.009871961481,0.063603818,0.06981144789,-0.00950233897,0.05020651026,0.04477004862,0.002609763967,-0.2357414316,-0.2478234675
0.928,0.009862460462,0.06365390674,0.06985609415,-0.009499684585,0.04997108272,0.04452259562,0.002698909238,-0.2351136846,-0.2470827748
0.929,0.009852962142,0.06370376037,0.06990049332,-0.009496941487,0.04973628254,0.04427588256,0.002787056718,-0.2344869836,-0.2463436178
0.93,0.009843466608,0.06375337952,0.06994464616,-0.009494110815,0.04950210838,0.04402990783,0.002874153389,-0.2338613947,-0.2456061626
0.931,0.009833973949,0.0638027648,0.06998855339,-0.009491193519,0.0492685594,0.04378466969,0.002960231886,-0.2332369597,-0.2448703918
0.932,0.00982448425,0.06385191684,0.07003221574,-0.009488190676,0.04903563416,0.04354016658,0.00304536008,-0.2326133322,-0.2441358561
0.933,0.009814997596,0.06390083628,0.07007563396,-0.00948510312,0.04880333236,0.04329639743,0.003129526911,-0.2319908194,-0.2434030165
0.934,0.009805514072,0.06394952372,0.07011880878,-0.009481931955,0.04857165211,0.04305335997,0.003212656269,-0.2313696873,-0.2426720669
0.935,0.00979603376,0.06399797979,0.07016174093,-0.009478678122,0.04834059269,0.04281105283,0.003294866983,-0.2307492101,-0.2419422835
0.936,0.009786556743,0.06404620511,0.07020443113,-0.009475342538,0.0481101533,0.04256947484,0.003376125117,-0.2301300704,-0.2412142855
0.937,0.009777083101,0.0640942003,0.07024688012,-0.009471926184,0.04788033218,0.04232862373,0.003456457559,-0.2295119255,-0.240487861
0.938,0.009767612917,0.06414196598,0.07028908862,-0.009468429936,0.04765112907,0.04208849859,0.003535828965,-0.2288949256,-0.2397629981
0.939,0.009758146268,0.06418950276,0.07033105736,-0.009464854828,0.04742254196,0.04184909721,0.003614301892,-0.22827912,-0.2390397953
0.94,0.009748683233,0.06423681127,0.07037278706,-0.009461201633,0.04719457052,0.04161041851,0.003691884905,-0.2276640742,-0.2383179561
0.941,0.00973922389,0.06428389211,0.07041427843,-0.009457471367,0.04696721339,0.04137246074,0.003768532578,-0.2270504193,-0.2375978667
0.942,0.009729768316,0.0643307459,0.07045553222,-0.009453664864,0.04674046927,0.04113522223,0.003844274942,-0.2264380241,-0.2368795468
0.943,0.009720316586,0.06437737325,0.07049654912,-0.009449783103,0.04651433699,0.04089870115,0.003919186373,-0.2258265346,-0.2361625626
0.944,0.009710868775,0.06442377478,0.07053732986,-0.009445826786,0.04628881583,0.04066289657,0.003993205072,-0.2252161626,-0.2354472073
0.945,0.009701424957,0.06446995109,0.07057787515,-0.009441796987,0.04606390426,0.04042780618,0.004066335268,-0.2246070578,-0.2347335681
0.946,0.009691985205,0.06451590279,0.07061818571,-0.009437694396,0.04583960135,0.04019342892,0.004138660118,-0.2239989769,-0.2340213626
0.947,0.009682549592,0.06456163049,0.07065826224,-0.009433519954,0.0456159059,0.0399597629,0.004210086923,-0.2233922353,-0.2333110202
0.948,0.009673118189,0.0646071348,0.07069810547,-0.009429274495,0.04539281651,0.03972680639,0.004280721177,-0.2227864586,-0.2326019455
0.949,0.009663691066,0.06465241633,0.07073771609,-0.009424958792,0.04517033258,0.03949455844,0.004350495116,-0.2221819465,-0.2318946688
0.95,0.009654268294,0.06469747567,0.07077709482,-0.009420573774,0.04494845222,0.03926301651,0.004419458831,-0.2215786226,-0.2311890844
0.951,0.009644849941,0.06474231343,0.07081624236,-0.009416120143,0.04472717494,0.03903217977,0.004487624248,-0.220976468,-0.2304848868
0.952,0.009635436076,0.06478693022,0.07085515942,-0.009411598796,0.0445064989,0.03880204617,0.004554974995,-0.2203754935,-0.2297824331
0.953,0.009626026766,0.06483132663,0.07089384669,-0.009407010457,0.04428642357,0.03857261438,0.004621550755,-0.2197755897,-0.2290815064
0.954,0.009616622078,0.06487550327,0.07093230488,-0.009402355962,0.04406694728,0.03834388261,0.004687302738,-0.219177133,-0.228382261
0.955,0.009607222076,0.06491946072,0.07097053469,-0.009397636107,0.04384806891,0.03811584931,0.004752305971,-0.2185797533,-0.227684635
0.956,0.009597826827,0.0649631996,0.07100853681,-0.009392851608,0.04362978738,0.03788851282,0.004816544624,-0.2179834924,-0.2269885317
0.957,0.009588436394,0.0650067205,0.07104631194,-0.009388003271,0.0434121015,0.03766187171,0.004879995496,-0.2173885677,-0.2262940252
0.958,0.009579050841,0.065050024,0.07108386078,-0.009383091862,0.04319500984,0.03743592421,0.004942721796,-0.2167947566,-0.2256011484
0.959,0.009569670231,0.06509311072,0.07112118402,-0.009378118078,0.04297851155,0.03721066883,0.005004673759,-0.2162024305,-0.2249101248
0.96,0.009560294626,0.06513598122,0.07115828235,-0.009373082759,0.04276260463,0.03698610348,0.005065904944,-0.2156111218,-0.2242204066
0.961,0.009550924086,0.06517863612,0.07119515646,-0.009367986514,0.04254728891,0.0367622275,0.005126419254,-0.2150208891,-0.2235321867
0.962,0.009541558673,0.065221076,0.07123180704,-0.009362830166,0.04233256235,0.03653903849,0.005186167901,-0.2144323035,-0.2228460389
0.963,0.009532198445,0.06526330144,0.07126823476,-0.009357614411,0.04211842391,0.0363165349,0.005245229381,-0.2138447713,-0.2221612677
0.964,0.009522843463,0.06530531304,0.07130444033,-0.009352339943,0.04190487241,0.03609471546,0.005303589165,-0.2132584213,-0.221477905
0.965,0.009513493785,0.06534711138,0.07134042442,-0.009347007467,0.04169190662,0.03587357854,0.005361242483,-0.2126733993,-0.2207963729
0.966,0.009504149468,0.06538869705,0.07137618772,-0.009341617694,0.04147952518,0.03565312217,0.005418189335,-0.2120897008,-0.2201164971
0.967,0.009494810568,0.06543007063,0.07141173089,-0.009336171313,0.04126772678,0.03543334503,0.005474446525,-0.2115073039,-0.2194381456
0.968,0.009485477144,0.0654712327,0.07144705463,-0.009330669026,0.04105651016,0.03521424534,0.005530036281,-0.2109260639,-0.2187614178
0.969,0.009476149249,0.06551218384,0.07148215961,-0.009325111468,0.04084587423,0.03499582166,0.005584975516,-0.2103460526,-0.2180861381
0.97,0.009466826939,0.06555292464,0.0715170465,-0.009319499301,0.04063581757,0.03477807248,0.005639213705,-0.2097676026,-0.2174127675
0.971,0.009457510268,0.06559345567,0.07155171598,-0.00931383326,0.04042633861,0.0345609956,0.005692794326,-0.2091902949,-0.2167408805
0.972,0.00944819929,0.06563377751,0.07158616872,-0.009308113927,0.04021743655,0.03434459021,0.005745730931,-0.2086142786,-0.2160705798
0.973,0.009438894058,0.06567389073,0.07162040538,-0.009302342011,0.04000910961,0.0341288539,0.005798028507,-0.2080395934,-0.2154018665
0.974,0.009429594623,0.06571379592,0.07165442665,-0.009296518079,0.03980135694,0.03391378595,0.005849691933,-0.2074661588,-0.2147347317
0.975,0.009420301039,0.06575349364,0.07168823318,-0.00929064284,0.03959417684,0.03369938387,0.005900699525,-0.2068942335,-0.2140694011
0.976,0.009411013355,0.06579298446,0.07172182564,-0.009284716887,0.03938756806,0.03348564663,0.005951095736,-0.2063234765,-0.2134055025
0.977,0.009401731622,0.06583226896,0.07175520469,-0.009278740852,0.03918152944,0.03327257235,0.006000882517,-0.2057539872,-0.212743179
0.978,0.009392455889,0.06587134771,0.071788371,-0.009272715327,0.03897605961,0.03306015971,0.006050036448,-0.2051860591,-0.2120826167
0.979,0.009383186207,0.06591022127,0.07182132523,-0.009266640985,0.03877115689,0.03284840659,0.006098577372,-0.2046194546,-0.2114236885
0.98,0.009373922624,0.06594889021,0.07185406803,-0.009260518367,0.03856682029,0.03263731184,0.006146563293,-0.2040538771,-0.2107660652
0.981,0.009364665186,0.0659873551,0.07188660007,-0.009254348062,0.03836304862,0.03242687387,0.006193899235,-0.2034900317,-0.210110416
0.982,0.009355413943,0.0660256165,0.071918922,-0.009248130764,0.03815983977,0.03221709053,0.006240676704,-0.202927437,-0.2094561295
0.983,0.00934616894,0.06606367497,0.07195103447,-0.009241866903,0.0379571933,0.03200796107,0.006286874125,-0.2023660926,-0.2088034854
0.984,0.009336930225,0.06610153107,0.07198293814,-0.009235557215,0.0377551071,0.03179948298,0.006332456152,-0.2018063095,-0.2081526175
0.985,0.009327697841,0.06613918537,0.07201463365,-0.009229202175,0.03755358025,0.03159165533,0.00637752069,-0.2012477793,-0.2075031228
0.986,0.009318471835,0.06617663842,0.07204612167,-0.009222802363,0.03735261106,0.03138447619,0.006421993471,-0.2006906906,-0.2068553475
0.987,0.009309252251,0.06621389078,0.07207740282,-0.009216358374,0.03715219841,0.03117794409,0.006465895094,-0.2001349754,-0.2062091665
0.988,0.009300039133,0.066250943,0.07210847777,-0.009209870752,0.03695234064,0.03097205733,0.006509272505,-0.1995806936,-0.2055645979
0.989,0.009290832524,0.06628779564,0.07213934715,-0.009203340013,0.03675303656,0.03076681439,0.006552083312,-0.1990277474,-0.2049215572
0.99,0.009281632467,0.06632444926,0.07217001161,-0.009196766769,0.03655428464,0.03056221366,0.006594345729,-0.1984763382,-0.2042802013
0.991,0.009272439004,0.0663609044,0.07220047179,-0.0091901515,0.03635608342,0.03035825345,0.006636086754,-0.1979261997,-0.2036403702
0.992,0.009263252178,0.06639716161,0.07223072833,-0.009183494773,0.03615843175,0.03015493238,0.006677272559,-0.1973776715,-0.2030022548
0.993,0.009254072029,0.06643322144,0.07226078187,-0.009176797123,0.03596132762,0.02995224843,0.006717978387,-0.1968303407,-0.2023655315
0.994,0.009244898597,0.06646908445,0.07229063304,-0.009170058997,0.03576477056,0.02975020075,0.006758112191,-0.1962846695,-0.201730594
0.995,0.009235731924,0.06650475116,0.07232028248,-0.009163281067,0.03556875782,0.02954878672,0.00679773566,-0.1957404746,-0.2010973081
0.996,0.009226572048,0.06654022214,0.07234973083,-0.009156463688,0.03537328919,0.02934800566,0.006836906367,-0.1951973158,-0.2004652225
0.997,0.009217419009,0.06657549792,0.0723789787,-0.009149607434,0.03517836261,0.02914785568,0.006875514698,-0.1946561254,-0.1998351172
0.998,0.009208272846,0.06661057905,0.07240802675,-0.009142712827,0.03498397646,0.02894833491,0.00691361096,-0.1941161793,-0.1992065245
0.999,0.009199133596,0.06664546606,0.07243687558,-0.009135780368,0.03479012977,0.02874944212,0.006951250339,-0.1935776973,-0.1985794151
1,0.009190001298,0.06668015949,0.07246552584,-0.009128810491,0.03459682057,0.02855117554,0.006988404972,-0.1930407318,-0.1979539735
1.001,0.009180875988,0.06671465988,0.07249397814,-0.009121803725,0.0344040478,0.02835353365,0.007025046126,-0.1925052474,-0.1973300941
1.002,0.009171757703,0.06674896776,0.07252223311,-0.009114760555,0.03421180959,0.02815651485,0.007061219339,-0.191971192,-0.1967076831
1.003,0.009162646479,0.06678308367,0.07255029138,-0.009107681445,0.03402010489,0.02796011773,0.007096904119,-0.1914388066,-0.1960871058
1.004,0.009153542351,0.06681700815,0.07257815356,-0.009100566902,0.03382893149,0.02776434014,0.00713215164,-0.1909077445,-0.1954679031
1.005,0.009144445356,0.06685074171,0.07260582027,-0.009093417308,0.03363828887,0.0275691814,0.007166887526,-0.1903783294,-0.1948503698
1.006,0.009135355528,0.0668842849,0.07263329212,-0.009086233276,0.03344817434,0.02737463888,0.007201193851,-0.1898504088,-0.1942343981
1.007,0.009126272901,0.06691763824,0.07266056975,-0.009079015072,0.03325858756,0.02718071207,0.007235040041,-0.1893239818,-0.193619953
1.008,0.009117197509,0.06695080225,0.07268765375,-0.009071763348,0.03306952585,0.02698739844,0.007268412868,-0.1887991486,-0.1930071745
1.009,0.009108129386,0.06698377746,0.07271454475,-0.009064478392,0.03288098875,0.0267946972,0.007301374132,-0.188275747,-0.1923958735
1.01,0.009099068563,0.0670165644,0.07274124335,-0.00905716075,0.03269297382,0.02660260616,0.007333854227,-0.1877541386,-0.1917862371
1.011,0.009090015075,0.06704916359,0.07276775017,-0.009049810825,0.03250547999,0.02641112423,0.007365922108,-0.1872338213,-0.1911780734
1.012,0.009080968952,0.06708157554,0.0727940658,-0.009042429052,0.03231850562,0.02622024949,0.007397553598,-0.1867151971,-0.190571549
1.013,0.009071930227,0.06711380077,0.07282019087,-0.009035015866,0.03213204907,0.02602998062,0.007428737421,-0.1861982955,-0.1899666032
1.014,0.009062898931,0.06714583981,0.07284612596,-0.00902757172,0.03194610854,0.02584031578,0.007459505561,-0.1856827144,-0.1893631103
1.015,0.009053875094,0.06717769316,0.0728718717,-0.009020096994,0.03176068309,0.02565125386,0.007489849019,-0.1851688846,-0.1887613451
1.016,0.009044858747,0.06720936134,0.07289742867,-0.009012592157,0.03157577024,0.0254627926,0.00751980791,-0.1846566329,-0.1881609577
1.017,0.00903584992,0.06724084487,0.07292279748,-0.009005057523,0.03139136929,0.02527493139,0.007549285741,-0.1841461315,-0.1875623303
1.018,0.009026848642,0.06727214425,0.07294797873,-0.008997493714,0.03120747748,0.02508766745,0.007578410664,-0.1836370231,-0.1869651239
1.019,0.009017854942,0.06730325999,0.07297297302,-0.008989900837,0.0310240947,0.02490100065,0.007607137251,-0.1831295233,-0.18636937
1.02,0.009008868849,0.06733419261,0.07299778093,-0.008982279583,0.03084121781,0.02471492815,0.007635397089,-0.1826240392,-0.1857755018
1.021,0.008999890392,0.0673649426,0.07302240307,-0.008974630169,0.03065884613,0.02452944917,0.007663336328,-0.1821198262,-0.1851828803
1.022,0.008990919598,0.06739551047,0.07304684003,-0.008966953048,0.0304769776,0.02434456187,0.007690839935,-0.1816173783,-0.1845918548
1.023,0.008981956495,0.06742589672,0.07307109239,-0.00895924862,0.03029561078,0.02416026491,0.00771794911,-0.1811167683,-0.1840026013
1.024,0.00897300111,0.06745610186,0.07309516075,-0.008951517269,0.03011474354,0.02397655619,0.007744708303,-0.1806175617,-0.18341457
1.025,0.00896405347,0.06748612637,0.0731190457,-0.008943759331,0.02993437507,0.02379343522,0.007771063524,-0.1801202985,-0.1828283202
1.026,0.0089551136,0.06751597077,0.07314274782,-0.008935975272,0.02975450239,0.02361089905,0.007797039056,-0.1796245691,-0.1822435007
1.027,0.008946181528,0.06754563554,0.07316626769,-0.008928165375,0.02957512534,0.02342894771,0.00782264455,-0.1791306287,-0.1816602797
1.028,0.008937257278,0.06757512119,0.07318960591,-0.008920330106,0.02939624056,0.02324757798,0.007847882825,-0.1786384361,-0.1810785614
1.029,0.008928340876,0.06760442819,0.07321276304,-0.008912469731,0.02921784793,0.02306679006,0.007872757676,-0.1781478363,-0.1804983303
1.03,0.008919432347,0.06763355704,0.07323573968,-0.00890458471,0.02903994429,0.02288658079,0.007897262596,-0.1776591487,-0.1799197492
1.031,0.008910531715,0.06766250824,0.0732585364,-0.008896675325,0.02886252906,0.02270695008,0.007921412441,-0.1771721424,-0.179342595
1.032,0.008901639004,0.06769128226,0.07328115377,-0.008888742005,0.02868559943,0.02252789508,0.00794521057,-0.1766868999,-0.178767078
1.033,0.008892754238,0.0677198796,0.07330359238,-0.00888078502,0.02850915469,0.02234941541,0.007968655575,-0.1762033679,-0.1781928945
1.034,0.008883877442,0.06774830073,0.0733258528,-0.00887280481,0.02833319208,0.02217150876,0.007991732059,-0.1757218347,-0.1776204648
1.035,0.008875008636,0.06777654615,0.07334793559,-0.008864801665,0.02815771045,0.021994174,0.00801449651,-0.1752418796,-0.1770494493
1.036,0.008866147846,0.06780461632,0.07336984133,-0.008856775933,0.0279827077,0.02181740936,0.008036899488,-0.1747638111,-0.1764799118
1.037,0.008857295092,0.06783251172,0.0733915706,-0.008848727974,0.0278081822,0.02164121366,0.008058968423,-0.174287629,-0.1759119374
1.038,0.008848450397,0.06786023284,0.07341312395,-0.008840658105,0.02763413186,0.02146558497,0.0080807147,-0.1738131813,-0.1753454777
1.039,0.008839613783,0.06788778014,0.07343450196,-0.008832566663,0.02746055521,0.02129052219,0.008102097335,-0.1733406825,-0.1747805962
1.04,0.008830785271,0.06791515411,0.07345570518,-0.008824454013,0.02728744988,0.02111602328,0.008123185718,-0.1728700199,-0.1742171199
1.041,0.008821964882,0.0679423552,0.07347673419,-0.0088163204,0.02711481456,0.02094208745,0.008143940275,-0.1724011927,-0.1736551571
1.042,0.008813152637,0.06796938389,0.07349758954,-0.008808166245,0.02694264684,0.02076871247,0.008164364042,-0.1719342724,-0.1730947738
1.043,0.008804348556,0.06799624065,0.0735182718,-0.008799991776,0.02677094538,0.0205958974,0.008184467535,-0.1714692845,-0.1725358155
1.044,0.00879555266,0.06802292594,0.07353878152,-0.008791797407,0.02659970765,0.02042364031,0.008204267994,-0.1710062378,-0.1719784653
1.045,0.008786764968,0.06804944022,0.07355911927,-0.008783583347,0.02642893225,0.02025193998,0.008223770948,-0.170545023,-0.1714225107
1.046,0.0087779855,0.06807578395,0.07357928559,-0.008775349983,0.02625861693,0.0200807948,0.008242913622,-0.170085872,-0.1708680732
1.047,0.008769214274,0.0681019576,0.07359928104,-0.008767097613,0.02608875988,0.01991020332,0.00826179999,-0.1696285968,-0.1703151457
1.048,0.008760451311,0.06812796163,0.07361910618,-0.008758826486,0.02591935907,0.01974016401,0.008280357953,-0.1691733286,-0.169763789
1.049,0.008751696628,0.06815379647,0.07363876155,-0.008750536996,0.02575041255,0.01957067529,0.008298622206,-0.168720083,-0.1692137229
1.05,0.008742950243,0.0681794626,0.07365824771,-0.008742229339,0.02558191825,0.01940173602,0.008316614975,-0.1682688307,-0.1686653473
1.051,0.008734212175,0.06820496046,0.07367756521,-0.008733903872,0.02541387421,0.0192333441,0.008334248222,-0.1678196137,-0.1681184324
1.052,0.008725482441,0.0682302905,0.07369671458,-0.008725560927,0.02524627834,0.01906549872,0.008351663978,-0.1673722675,-0.167572697
1.053,0.008716761059,0.06825545317,0.07371569639,-0.008717200649,0.02507912893,0.01889819815,0.008368748294,-0.1669273018,-0.1670289445
1.054,0.008708048045,0.0682804489,0.07373451116,-0.00870882353,0.02491242308,0.01873144037,0.008385544321,-0.1664841815,-0.1664863039
1.055,0.008699343417,0.06830527816,0.07375315945,-0.008700429648,0.02474615987,0.01856522505,0.008402092824,-0.1660431805,-0.1659452055
1.056,0.008690647191,0.06832994137,0.07377164179,-0.008692019436,0.02458033601,0.01839954946,0.008418343171,-0.1656043341,-0.1654056354
1.057,0.008681959384,0.06835443898,0.07378995873,-0.008683593057,0.02441495049,0.01823441329,0.008434287557,-0.1651676374,-0.1648675857
1.058,0.00867328001,0.06837877142,0.0738081108,-0.008675150945,0.02425000004,0.01806981383,0.008450009898,-0.1647329395,-0.1643308276
1.059,0.008664609087,0.06840293912,0.07382609854,-0.008666693132,0.02408548387,0.01790575112,0.008465418796,-0.16430061,-0.1637957131
1.06,0.008655946629,0.06842694253,0.07384392248,-0.008658220194,0.02392139812,0.01774222195,0.008480578436,-0.1638703708,-0.1632619847
1.061,0.008647292652,0.06845078206,0.07386158316,-0.008649732064,0.0237577424,0.01757922669,0.008495488384,-0.1634421799,-0.1627295677
1.062,0.00863864717,0.06847445815,0.07387908111,-0.008641229314,0.02359451296,0.01741676227,0.008510076324,-0.1630165608,-0.1621989513
1.063,0.008630010198,0.06849797123,0.07389641686,-0.00863271199,0.02343170858,0.01725482834,0.008524478324,-0.1625928454,-0.1616695111
1.064,0.008621381751,0.06852132171,0.07391359094,-0.00862418045,0.0232693265,0.01709342277,0.008538573711,-0.1621715418,-0.1611415818
1.065,0.008612761842,0.06854451002,0.07393060388,-0.008615634929,0.02310736474,0.01693254469,0.008552408456,-0.1617525276,-0.1606151245
1.066,0.008604150485,0.06856753658,0.0739474562,-0.008607075716,0.02294582068,0.01677219203,0.008566032432,-0.1613357954,-0.1600901269
1.067,0.008595547695,0.0685904018,0.07396414844,-0.008598502954,0.02278469237,0.01661236395,0.008579364975,-0.1609214064,-0.1595665397
1.068,0.008586953484,0.0686131061,0.07398068111,-0.008589917065,0.0226239771,0.01645305847,0.008592478942,-0.16050926,-0.1590443714
1.069,0.008578367865,0.06863564989,0.07399705473,-0.00858131808,0.02246367303,0.01629427473,0.008605317847,-0.1600996597,-0.1585237679
1.07,0.008569790852,0.06865803359,0.07401326983,-0.008572706509,0.02230377701,0.01613601048,0.008617923215,-0.1596923418,-0.1580044663
1.071,0.008561222456,0.06868025758,0.07402932692,-0.008564082309,0.02214428755,0.01597826532,0.008630311743,-0.1592874162,-0.1574865863
1.072,0.008552662691,0.0687023223,0.07404522653,-0.00855544597,0.02198520134,0.01582103681,0.008642421848,-0.1588850926,-0.1569702909
1.073,0.008544111569,0.06872422812,0.07406096917,-0.008546797541,0.02182651657,0.01566432429,0.008654335928,-0.1584849899,-0.1564552507
1.074,0.0085355691,0.06874597546,0.07407655535,-0.008538137382,0.02166823052,0.01550812583,0.008665996631,-0.1580874529,-0.1559416138
1.075,0.008527035298,0.06876756471,0.07409198559,-0.008529465627,0.0215103408,0.01535244055,0.00867741328,-0.1576926792,-0.1554296891
1.076,0.008518510173,0.06878899627,0.0741072604,-0.008520782625,0.02135284436,0.01519726603,0.008688611571,-0.157300136,-0.1549188989
1.077,0.008509993736,0.06881027053,0.07412238029,-0.008512088473,0.02119573967,0.01504260228,0.008699597358,-0.1569102136,-0.1544095069
1.078,0.008501485999,0.06883138788,0.07413734578,-0.008503383508,0.02103902304,0.0148884465,0.008710351125,-0.1565230198,-0.1539017525
1.079,0.008492986973,0.06885234871,0.07415215736,-0.00849466785,0.02088269276,0.01473479833,0.008720854767,-0.1561384273,-0.1533953242
1.08,0.008484496667,0.0688731534,0.07416681554,-0.008485941869,0.02072674535,0.01458165541,0.008731166723,-0.1557562373,-0.1528900999
1.081,0.008476015092,0.06889380233,0.07418132084,-0.008477205587,0.02057117935,0.01442901761,0.008741272246,-0.1553769778,-0.1523865565
1.082,0.008467542259,0.06891429588,0.07419567374,-0.008468459396,0.02041599049,0.01427688185,0.008751129162,-0.1550003971,-0.1518842951
1.083,0.008459078177,0.06893463443,0.07420987477,-0.0084597034,0.02026117767,0.01412524857,0.008760796884,-0.1546264857,-0.1513833807
1.084,0.008450622855,0.06895481836,0.07422392441,-0.008450937879,0.02010673659,0.0139741146,0.008770233021,-0.1542553949,-0.1508840943
1.085,0.008442176304,0.06897484803,0.07423782316,-0.008442163001,0.01995266597,0.01382347995,0.008779475627,-0.1538869084,-0.1503858184
1.086,0.008433738532,0.06899472381,0.07425157153,-0.008433378999,0.0197989618,0.01367334246,0.00878851126,-0.1535215193,-0.1498892477
1.087,0.008425309549,0.06901444607,0.07426517001,-0.008424586051,0.01964562199,0.01352370102,0.008797316499,-0.1531588684,-0.1493939842
1.088,0.008416889363,0.06903401518,0.0742786191,-0.008415784429,0.01949264311,0.01337455403,0.00880595629,-0.1527990768,-0.1489000858
1.089,0.008408477983,0.06905343148,0.07429191929,-0.008406974209,0.01934002286,0.01322590039,0.008814371,-0.1524421956,-0.1484075579
1.09,0.008400075418,0.06907269534,0.07430507106,-0.008398155752,0.01918775772,0.01307773846,0.008822589144,-0.1520883107,-0.1479163588
1.091,0.008391681674,0.06909180711,0.07431807493,-0.008389329096,0.01903584523,0.01293006718,0.008830603566,-0.151737501,-0.1474267522
1.092,0.008383296762,0.06911076715,0.07433093136,-0.008380494606,0.01888428173,0.01278288455,0.008838445492,-0.1513894617,-0.1469381856
1.093,0.008374920688,0.06912957579,0.07434364086,-0.008371652275,0.01873306525,0.0126361903,0.008846060061,-0.1510447939,-0.1464512921
1.094,0.00836655346,0.06914823339,0.0743562039,-0.008362802544,0.01858219116,0.01248998152,0.008853525552,-0.1507030121,-0.145965638
1.095,0.008358195085,0.06916674029,0.07436862098,-0.00835394529,0.01843165818,0.01234425858,0.008860776696,-0.1503643529,-0.1454812989
1.096,0.008349845572,0.06918509682,0.07438089258,-0.008345081061,0.01828146135,0.01219901844,0.008867799832,-0.1500290695,-0.1449984629
1.097,0.008341504926,0.06920330332,0.07439301918,-0.008336209738,0.01813159903,0.01205426122,0.008874736232,-0.1496966977,-0.14451681
1.098,0.008333173154,0.06922136013,0.07440500126,-0.008327331657,0.01798206684,0.01190998435,0.008881398113,-0.1493678315,-0.1440367114
1.099,0.008324850265,0.06923926757,0.07441683931,-0.008318446997,0.01783286227,0.01176618736,0.008887918179,-0.1490421415,-0.1435578531
1.1,0.008316536263,0.06925702596,0.0744285338,-0.008309555884,0.01768398146,0.01162286819,0.00889425198,-0.1487197423,-0.1430803063
1.101,0.008308231155,0.06927463564,0.07444008521,-0.008300658554,0.01753542167,0.0114800263,0.008900405695,-0.1484007422,-0.1426041793
1.102,0.008299934947,0.06929209691,0.07445149401,-0.008291755133,0.01738717885,0.01133765939,0.008906375854,-0.1480851258,-0.1421293448
1.103,0.008291647646,0.0693094101,0.07446276068,-0.00828284586,0.01723925024,0.01119576714,0.008912179371,-0.1477731462,-0.1416559777
1.104,0.008283369258,0.06932657551,0.0744738857,-0.00827393083,0.01709163142,0.01105434701,0.008917817656,-0.1474643714,-0.141183812
1.105,0.008275099787,0.06934359346,0.07448486953,-0.008265010283,0.01694432031,0.01091339905,0.00892325634,-0.1471592544,-0.1407130194
1.106,0.008266839239,0.06936046426,0.07449571266,-0.008256084369,0.01679731171,0.01077292051,0.008928569581,-0.1468578228,-0.1402436006
1.107,0.00825858762,0.06937718819,0.07450641553,-0.008247153208,0.01665060348,0.01063291143,0.008933667391,-0.1465598424,-0.1397753762
1.108,0.008250344934,0.06939376556,0.07451697863,-0.008238217085,0.01650419077,0.01049336927,0.008938618509,-0.1462657192,-0.1393087503
1.109,0.008242111187,0.06941019667,0.07452740243,-0.008229276022,0.01635807082,0.01035429351,0.008943418488,-0.1459751868,-0.1388432433
1.11,0.008233886384,0.0694264818,0.07453768738,-0.00822033031,0.01621223913,0.01021568235,0.008948051826,-0.1456883893,-0.1383789394
1.111,0.008225670528,0.06944262124,0.07454783395,-0.008211379977,0.01606669274,0.01007753512,0.008952484262,-0.145405625,-0.1379163823
1.112,0.008217463625,0.06945861528,0.0745578426,-0.008202425387,0.01592142663,0.00993984921,0.008956796784,-0.1451265072,-0.137454716
1.113,0.008209265679,0.06947446419,0.0745677138,-0.008193466436,0.0157764384,0.009802625222,0.008960966734,-0.1448513974,-0.1369944592
1.114,0.008201076694,0.06949016824,0.074577448,-0.008184503517,0.01563172249,0.009665859804,0.008964922554,-0.144580313,-0.1365357974
1.115,0.008192896673,0.06950572772,0.07458704567,-0.008175536634,0.01548727644,0.009529553245,0.008968777869,-0.1443131534,-0.136078062
1.116,0.008184725621,0.06952114289,0.07459650726,-0.008166566019,0.01534309481,0.009393703227,0.008972447785,-0.1440501546,-0.1356217959
1.117,0.008176563542,0.069536414,0.07460583323,-0.008157591793,0.01519917475,0.009258309189,0.008975954528,-0.1437912879,-0.1351669592
1.118,0.008168410439,0.06955154132,0.07461502403,-0.00814861415,0.01505551085,0.009123368929,0.008979359899,-0.143536542,-0.1347131608
1.119,0.008160266315,0.0695665251,0.07462408012,-0.008139633127,0.01491210026,0.008988882415,0.008982589629,-0.1432860245,-0.1342608021
1.12,0.008152131174,0.0695813656,0.07463300195,-0.008130649031,0.01476893735,0.008854846887,0.008985643501,-0.1430399826,-0.1338098113
1.121,0.008144005018,0.06959606306,0.07464178996,-0.008121661879,0.01462601885,0.008721262379,0.00898858158,-0.1427981726,-0.1333599437
1.122,0.008135887851,0.06961061772,0.07465044462,-0.00811267191,0.01448333954,0.008588126547,0.008991396169,-0.1425607054,-0.1329114449
1.123,0.008127779675,0.06962502982,0.07465896637,-0.008103679146,0.01434089591,0.008455439034,0.00899401571,-0.1423280114,-0.1324643312
1.124,0.008119680493,0.06963929959,0.07466735565,-0.00809468392,0.01419868205,0.008323197493,0.008996533228,-0.1420995188,-0.1320182453
1.125,0.008111590308,0.06965342726,0.07467561291,-0.008085686129,0.01405669531,0.00819140208,0.008998888006,-0.1418757646,-0.1315736547
1.126,0.008103509122,0.06966741305,0.0746837386,-0.00807668619,0.01391492894,0.008060049757,0.009001107368,-0.1416569266,-0.1311303939
1.127,0.008095436937,0.06968125719,0.07469173316,-0.008067683954,0.01377337995,0.007929140916,0.009003225357,-0.1414423492,-0.1306880394
1.128,0.008087373755,0.06969495988,0.07469959703,-0.008058679794,0.01363204259,0.007798673187,0.009005147539,-0.1412329828,-0.1302474066
1.129,0.008079319578,0.06970852134,0.07470733065,-0.008049673704,0.01349091237,0.007668645705,0.009006957073,-0.1410283773,-0.1298078407
1.13,0.008071274408,0.06972194178,0.07471493447,-0.008040665919,0.01334998419,0.007539057129,0.009008675208,-0.1408285676,-0.1293693425
1.131,0.008063238246,0.06973522138,0.07472240891,-0.008031656406,0.01320925353,0.007409906551,0.009010216293,-0.1406339229,-0.1289324697
1.132,0.008055211095,0.06974836035,0.07472975442,-0.008022645531,0.01306871466,0.007281191808,0.009011602554,-0.1404443853,-0.1284966812
1.133,0.008047192956,0.06976135887,0.07473697144,-0.008013633234,0.01292836308,0.007152912788,0.009012928424,-0.1402598593,-0.1280620514
1.134,0.008039183829,0.06977421713,0.07474406039,-0.008004619723,0.0127881932,0.007025067249,0.009014083859,-0.1400805643,-0.1276287808
1.135,0.008031183717,0.06978693531,0.07475102172,-0.007995605109,0.01264820015,0.006897654797,0.009015105936,-0.1399068101,-0.1271968277
1.136,0.008023192619,0.06979951359,0.07475785585,-0.00798658955,0.01250837783,0.006770673204,0.009016043771,-0.139738188,-0.1267660256
1.137,0.008015210538,0.06981195213,0.07476456321,-0.007977573068,0.01236872196,0.006644122343,0.009016816265,-0.1395749905,-0.1263363676
1.138,0.008007237473,0.06982425109,0.07477114423,-0.007968555952,0.01222922596,0.006518000005,0.009017468413,-0.1394176042,-0.12590823
1.139,0.007999273426,0.06983641063,0.07477759935,-0.007959538168,0.01208988492,0.006392305492,0.009018030138,-0.1392655644,-0.1254810804
1.14,0.007991318397,0.06984843091,0.07478392899,-0.007950519939,0.01195069293,0.006267037426,0.009018442243,-0.139119256,-0.1250552092
1.141,0.007983372387,0.06986031206,0.07479013357,-0.007941501321,0.01181164446,0.006142194651,0.009018743976,-0.1389788571,-0.1246307172
1.142,0.007975435395,0.06987205424,0.07479621352,-0.007932482487,0.01167273328,0.00601777562,0.009018932519,-0.1388442555,-0.1242072851
1.143,0.007967507422,0.06988365757,0.07480216926,-0.007923463493,0.01153395398,0.005893779652,0.009018997571,-0.1387155876,-0.1237851818
1.144,0.007959588468,0.06989512219,0.07480800122,-0.007914444529,0.01139530012,0.005770204873,0.009018953553,-0.138592849,-0.1233642077
1.145,0.007951678533,0.06990644821,0.07481370981,-0.007905425622,0.01125676621,0.005647050818,0.009018793091,-0.1384763545,-0.1229445087
1.146,0.007943777616,0.06991763576,0.07481929546,-0.007896406987,0.01111834531,0.005524315451,0.00901850491,-0.1383661701,-0.1225261238
1.147,0.007935885719,0.06992868494,0.07482475858,-0.007887388646,0.0109800318,0.005401998198,0.009018115464,-0.1382620511,-0.1221087294
1.148,0.007928002839,0.06993959586,0.07483009959,-0.007878370783,0.01084181908,0.005280097554,0.00901765045,-0.1381643489,-0.1216926681
1.149,0.007920128977,0.06995036861,0.07483531891,-0.007869353392,0.01070370091,0.005158612435,0.009017018794,-0.1380733288,-0.1212779035
1.15,0.007912264132,0.06996100329,0.07484041696,-0.007860336783,0.01056567024,0.005037541365,0.009016278718,-0.1379887983,-0.1208642266
1.151,0.007904408303,0.06997149998,0.07484539413,-0.007851320858,0.0104277211,0.004916883561,0.009015495598,-0.1379109101,-0.120451823
1.152,0.00789656149,0.06998185876,0.07485025086,-0.007842305836,0.0102898462,0.004796637329,0.009014554945,-0.1378396806,-0.1200404663
1.153,0.007888723691,0.06999207969,0.07485498755,-0.007833291784,0.01015203942,0.004676802207,0.009013502401,-0.1377754967,-0.1196304627
1.154,0.007880894906,0.07000216285,0.0748596046,-0.007824278862,0.01001429286,0.004557376004,0.009012358568,-0.1377183896,-0.1192217661
1.155,0.007873075133,0.0700121083,0.07486410243,-0.0078152671,0.009876600333,0.004438358336,0.00901114231,-0.1376680072,-0.1188138841
1.156,0.007865264371,0.07002191607,0.07486848145,-0.007806256615,0.009738954414,0.004319747801,0.00900977448,-0.1376250927,-0.1184075008
1.157,0.007857462619,0.07003158622,0.07487274207,-0.007797247576,0.009601347725,0.004201542924,0.009008329564,-0.1375894841,-0.1180023076
1.158,0.007849669876,0.07004111878,0.07487688467,-0.007788239991,0.009463773029,0.00408374283,0.009006798996,-0.1375609644,-0.1175979644
1.159,0.007841886139,0.07005051377,0.07488090969,-0.007779234018,0.009326223242,0.00396634655,0.009005126614,-0.1375402674,-0.1171952084
1.16,0.007834111407,0.07005977123,0.0748848175,-0.007770229764,0.009188689965,0.003849352022,0.009003410214,-0.1375271242,-0.116793495
1.161,0.007826345679,0.07006889116,0.07488860852,-0.007761227236,0.009051166442,0.003732759197,0.00900155536,-0.1375215289,-0.1163927722
1.162,0.007818588952,0.07007787356,0.07489228315,-0.007752226685,0.008913644257,0.003616566061,0.00899961865,-0.1375239662,-0.115993464
1.163,0.007810841225,0.07008671844,0.07489584179,-0.007743228033,0.008776115859,0.003500771904,0.008997580675,-0.1375343537,-0.1155952487
1.164,0.007803102495,0.07009542579,0.07489928483,-0.007734231554,0.008638572893,0.003385375201,0.008995457374,-0.1375526186,-0.1151980299
1.165,0.007795372761,0.07010399558,0.07490261267,-0.007725237151,0.008501007871,0.003270375406,0.008993269237,-0.137579231,-0.1148022406
1.166,0.00778765202,0.07011242779,0.07490582571,-0.007716245058,0.008363411646,0.003155770365,0.00899092259,-0.1376141718,-0.1144074635
1.167,0.00777994027,0.07012072239,0.07490892434,-0.007707255327,0.008225776735,0.003041560099,0.008988525852,-0.1376574939,-0.1140138218
1.168,0.007772237509,0.07012887933,0.07491190896,-0.007698268036,0.008088093821,0.002927742312,0.008986027959,-0.1377094237,-0.1136214352
1.169,0.007764543733,0.07013689856,0.07491477996,-0.007689283298,0.007950355015,0.002814316854,0.00898346523,-0.1377698658,-0.1132300738
1.17,0.007756858941,0.07014478002,0.07491753773,-0.007680301135,0.007812551109,0.002701281779,0.008980812621,-0.1378392747,-0.1128399518
1.171,0.00774918313,0.07015252364,0.07492018265,-0.007671321712,0.007674673488,0.00258863658,0.008978005188,-0.1379177102,-0.1124509852
1.172,0.007741516297,0.07016012934,0.07492271513,-0.007662345142,0.007536712713,0.00247637946,0.008975196996,-0.1380049026,-0.1120630299
1.173,0.007733858439,0.07016759703,0.07492513554,-0.007653371349,0.007398660568,0.002364510124,0.008972256315,-0.1381015666,-0.1116763921
1.174,0.007726209553,0.07017492663,0.07492744428,-0.007644400654,0.00726050648,0.002253026301,0.008969245485,-0.1382075565,-0.1112908099
1.175,0.007718569636,0.07018211801,0.07492964172,-0.007635432889,0.007122242333,0.00214192815,0.008966167435,-0.1383227309,-0.1109062338
1.176,0.007710938686,0.07018917107,0.07493172826,-0.007626468352,0.006983857768,0.002031213428,0.008962956462,-0.1384478903,-0.1105230612
1.177,0.007703316699,0.07019608568,0.07493370428,-0.007617506992,0.006845343342,0.001920881672,0.008959721094,-0.1385825014,-0.1101407125
1.178,0.007695703671,0.07020286171,0.07493557015,-0.007608548946,0.006706689468,0.001810931583,0.008956353129,-0.1387270784,-0.1097597135
1.179,0.0076880996,0.07020949901,0.07493732627,-0.007599594305,0.006567885839,0.001701361879,0.008952964238,-0.1388817854,-0.1093797344
1.18,0.007680504481,0.07021599743,0.074938973,-0.007590643047,0.006428922513,0.001592171722,0.008949454242,-0.1390465486,-0.1090009367
1.181,0.007672918312,0.0702223568,0.07494051074,-0.007581695427,0.006289789286,0.001483359649,0.008945809479,-0.1392217496,-0.1086232927
1.182,0.007665341089,0.07022857695,0.07494193985,-0.007572751433,0.006150475568,0.001374924795,0.008942244623,-0.1394071109,-0.1082464561
1.183,0.007657772808,0.07023465769,0.07494326071,-0.00756381098,0.006010971494,0.001266866291,0.008938490464,-0.1396033827,-0.1078711113
1.184,0.007650213466,0.07024059882,0.0749444737,-0.007554874486,0.005871265199,0.00115918221,0.008934630271,-0.139810389,-0.1074967493
1.185,0.007642663058,0.07024640015,0.0749455792,-0.007545941731,0.005731347083,0.001051872419,0.008930777558,-0.1400282112,-0.1071234499
1.186,0.007635121581,0.07025206144,0.07494657757,-0.007537012957,0.005591205119,0.0009449349718,0.008926825642,-0.1402570681,-0.1067512138
1.187,0.007627589031,0.07025758248,0.0749474692,-0.007528088112,0.005450829194,0.0008383696145,0.008922782868,-0.1404971391,-0.1063800888
1.188,0.007620065404,0.07026296302,0.07494825444,-0.007519167416,0.005310207009,0.0007321743991,0.008918644686,-0.1407488345,-0.1060102778
1.189,0.007612550695,0.07026820281,0.07494893367,-0.007510250833,0.00516932773,0.0006263487599,0.008914512249,-0.1410117812,-0.105641277
1.19,0.0076050449,0.07027330158,0.07494950726,-0.007501338427,0.00502817955,0.0005208914863,0.008910244938,-0.1412864253,-0.1052733838
1.191,0.007597548016,0.07027825907,0.07494997557,-0.007492430366,0.004886750895,0.0004158015748,0.008905926886,-0.1415731013,-0.1049067595
1.192,0.007590060038,0.07028307499,0.07495033898,-0.007483526595,0.004745029341,0.0003110776172,0.008901537818,-0.1418717045,-0.1045411379
1.193,0.007582580962,0.07028774903,0.07495059785,-0.007474627314,0.004603003443,0.0002067189508,0.008897061907,-0.1421824802,-0.1041765762
1.194,0.007575110782,0.07029228089,0.07495075254,-0.007465732485,0.004460660277,0.0001027241157,0.008892561275,-0.1425056254,-0.103813071
1.195,0.007567649495,0.07029667024,0.07495080342,-0.00745684222,0.004317988014,-9.075637377e-07,0.008887948537,-0.1428412544,-0.1034507107
1.196,0.007560197096,0.07030091675,0.07495075085,-0.007447956608,0.004174973521,-0.0001041776598,0.008883282456,-0.143189632,-0.1030893738
1.197,0.00755275358,0.07030502007,0.07495059518,-0.007439075674,0.004031604506,-0.0002070866525,0.008878576802,-0.1435506948,-0.1027290909
1.198,0.007545318943,0.07030897984,0.07495033679,-0.007430199484,0.003887867751,-0.0003096362174,0.008873754921,-0.1439250602,-0.1023699753
1.199,0.00753789318,0.07031279568,0.07494997603,-0.007421328175,0.003743750035,-0.0004118269565,0.008868914284,-0.1443123104,-0.1020117628
1.2,0.007530476285,0.07031646721,0.07494951326,-0.007412461673,0.003599238649,-0.0005136600971,0.008864023448,-0.1447130575,-0.1016547489
